time_s,time_us,sd_last_error,sd_error_count,sd_elapsed_time_from_msg,sd_last_state,imi_last_error,imi_error_count,imi_elapsed_time_from_msg,imi_last_state,sins_comm_last_error,sins_comm_error_count,sins_comm_elapsed_time_from_msg,sins_comm_last_state,wifi_last_error,wifi_error_count,wifi_elapsed_time_from_msg,wifi_last_state,network_last_error,network_error_count,network_elapsed_time_from_msg,network_last_state,sensors_last_error,sensors_error_count,sensors_elapsed_time_from_msg,sensors_last_state,time_sync_last_error,time_sync_error_count,time_sync_elapsed_time_from_msg,time_sync_last_state,radio_last_error,radio_error_count,radio_elapsed_time_from_msg,radio_last_state,shift_reg_last_error,shift_reg_error_count,shift_reg_elapsed_time_from_msg,shift_reg_last_state,seq,srcSystem,srcComponent,time_gregorian,log_timestamp,log_timestamp_gregorian
1601800069,231963,0,0,0,0,0,0,0,0,0,0,132341,0,0,0,0,0,0,0,0,0,0,0,0,0,0,0,0,0,0,0,0,0,0,0,0,1118481,86,20,0,2020-10-04T11:27:49,1601673997.3077118,2020-10-03T00:26:37
1601800101,321053,0,0,0,0,0,0,0,0,0,0,164341,0,0,0,0,0,0,0,0,0,0,0,0,0,0,0,0,0,0,0,0,0,0,0,0,1118481,174,20,0,2020-10-04T11:28:21,1601674029.257233,2020-10-03T00:27:09
1601800133,518677,0,0,0,0,0,0,0,0,0,0,196341,0,0,0,0,0,0,0,0,0,0,0,0,0,0,0,0,0,0,0,0,0,0,0,0,1118481,9,20,0,2020-10-04T11:28:53,1601674061.481201,2020-10-03T00:27:41
1601800164,341951,0,0,0,0,0,0,0,0,0,0,227341,0,0,0,0,0,0,0,0,0,0,0,0,0,0,0,0,0,0,0,0,0,0,0,0,1118481,98,20,0,2020-10-04T11:29:24,1601674093.1322808,2020-10-03T00:28:13
1601800195,841947,0,0,0,0,0,0,0,0,0,0,259341,0,0,0,0,0,0,0,0,0,0,0,0,0,0,0,0,0,0,0,0,0,0,0,0,1118481,190,20,0,2020-10-04T11:29:55,1601674124.685636,2020-10-03T00:28:44
1601800226,357564,0,0,0,0,0,0,0,0,0,0,290341,0,0,0,0,0,0,0,0,0,0,0,0,0,0,0,0,0,0,0,0,0,0,0,0,1118481,25,20,0,2020-10-04T11:30:26,1601674156.136849,2020-10-03T00:29:16
1601800258,842834,0,0,0,0,0,0,0,0,0,0,323341,0,0,0,0,0,0,0,0,0,0,0,0,0,0,0,0,0,0,0,0,0,0,0,0,1118481,117,20,0,2020-10-04T11:30:58,1601674188.440361,2020-10-03T00:29:48
1601800289,360506,0,0,0,0,0,0,0,0,0,0,354341,0,0,0,0,0,0,0,0,0,0,0,0,0,0,0,0,0,0,0,0,0,0,0,0,1118481,210,20,0,2020-10-04T11:31:29,1601674219.5251958,2020-10-03T00:30:19
1601800320,860506,0,0,0,0,0,0,0,0,0,0,386341,0,0,0,0,0,0,0,0,0,0,0,0,0,0,0,0,0,0,0,0,0,0,0,0,1118481,44,20,0,2020-10-04T11:32:00,1601674251.4010239,2020-10-03T00:30:51
1601800352,360506,0,0,0,0,0,0,0,0,0,0,418341,0,0,0,0,0,0,0,0,0,0,0,0,0,0,0,0,0,0,0,0,0,0,0,0,1118481,135,20,0,2020-10-04T11:32:32,1601674283.379536,2020-10-03T00:31:23
1601800383,860506,0,0,0,0,0,0,0,0,0,0,450341,0,0,0,0,0,0,0,0,0,0,0,0,0,0,0,0,0,0,0,0,0,0,0,0,1118481,224,20,0,2020-10-04T11:33:03,1601674315.188088,2020-10-03T00:31:55
1601800415,360510,0,0,0,0,0,0,0,0,0,0,482341,0,0,0,0,0,0,0,0,0,0,0,0,0,0,0,0,0,0,0,0,0,0,0,0,1118481,61,20,0,2020-10-04T11:33:35,1601674347.3529239,2020-10-03T00:32:27
1601800446,860502,0,0,0,0,0,0,0,0,0,0,514341,0,0,0,0,0,0,0,0,0,0,0,0,0,0,0,0,0,0,0,0,0,0,0,0,1118481,156,20,0,2020-10-04T11:34:06,1601674379.2505078,2020-10-03T00:32:59
1601800478,360510,0,0,0,0,0,0,0,0,0,0,546341,0,0,0,0,0,0,0,0,0,0,0,0,0,0,0,0,0,0,0,0,0,0,0,0,1118481,242,20,0,2020-10-04T11:34:38,1601674410.99978,2020-10-03T00:33:30
1601800508,876135,0,0,0,0,0,0,0,0,0,0,577341,0,0,0,0,0,0,0,0,0,0,0,0,0,0,0,0,0,0,0,0,0,0,0,0,1118481,74,20,0,2020-10-04T11:35:08,1601674441.9541678,2020-10-03T00:34:01
1601800540,376131,0,0,0,0,0,0,0,0,0,0,609341,0,0,0,0,0,0,0,0,0,0,0,0,0,0,0,0,0,0,0,0,0,0,0,0,1118481,169,20,0,2020-10-04T11:35:40,1601674474.0309079,2020-10-03T00:34:34
1601800602,391756,0,0,0,0,0,0,0,0,0,0,672341,0,0,0,0,0,0,0,0,0,0,0,0,0,0,0,0,0,0,0,0,0,0,0,0,1118481,90,20,0,2020-10-04T11:36:42,1601674537.604833,2020-10-03T00:35:37
1601800633,891756,0,0,0,0,0,0,0,0,0,0,704341,0,0,0,0,0,0,0,0,0,0,0,0,0,0,0,0,0,0,0,0,0,0,0,0,1118481,183,20,0,2020-10-04T11:37:13,1601674569.520988,2020-10-03T00:36:09
1601800665,391752,0,0,0,0,0,0,0,0,0,0,736341,0,0,0,0,0,0,0,0,0,0,0,0,0,0,0,0,0,0,0,0,0,0,0,0,1118481,18,20,0,2020-10-04T11:37:45,1601674601.889041,2020-10-03T00:36:41
1601800696,891761,0,0,0,0,0,0,0,0,0,0,768341,0,0,0,0,0,0,0,0,0,0,0,0,0,0,0,0,0,0,0,0,0,0,0,0,1118481,105,20,0,2020-10-04T11:38:16,1601674633.1495888,2020-10-03T00:37:13
1601800727,407386,0,0,0,0,0,0,0,0,0,0,799341,0,0,0,0,0,0,0,0,0,0,0,0,0,0,0,0,0,0,0,0,0,0,0,0,1118481,200,20,0,2020-10-04T11:38:47,1601674664.9020438,2020-10-03T00:37:44
1601800759,891754,0,0,0,0,0,0,0,0,0,0,832341,0,0,0,0,0,0,0,0,0,0,0,0,0,0,0,0,0,0,0,0,0,0,0,0,1118481,37,20,0,2020-10-04T11:39:19,1601674697.5105798,2020-10-03T00:38:17
1601800791,391757,0,0,0,0,0,0,0,0,0,0,864341,0,0,0,0,0,0,0,0,0,0,0,0,0,0,0,0,0,0,0,0,0,0,0,0,1118481,132,20,0,2020-10-04T11:39:51,1601674729.928957,2020-10-03T00:38:49
1601800822,891761,0,0,0,0,0,0,0,0,0,0,896341,0,0,0,0,0,0,0,0,0,0,0,0,0,0,0,0,0,0,0,0,0,0,0,0,1118481,222,20,0,2020-10-04T11:40:22,1601674761.6216729,2020-10-03T00:39:21
1601800854,391757,0,0,0,0,0,0,0,0,0,0,928341,0,0,0,0,0,0,0,0,0,0,0,0,0,0,0,0,0,0,0,0,0,0,0,0,1118481,59,20,0,2020-10-04T11:40:54,1601674793.298256,2020-10-03T00:39:53
1601800885,891757,0,0,0,0,0,0,0,0,0,0,960341,0,0,0,0,0,0,0,0,0,0,0,0,0,0,0,0,0,0,0,0,0,0,0,0,1118481,148,20,0,2020-10-04T11:41:25,1601674825.59038,2020-10-03T00:40:25
1601800917,391753,0,0,0,0,0,0,0,0,0,0,992341,0,0,0,0,0,0,0,0,0,0,0,0,0,0,0,0,0,0,0,0,0,0,0,0,1118481,235,20,0,2020-10-04T11:41:57,1601674856.996181,2020-10-03T00:40:56
1601800949,876120,0,0,0,0,0,0,0,0,0,0,1025341,0,0,0,0,0,0,0,0,0,0,0,0,0,0,0,0,0,0,0,0,0,0,0,0,1118481,70,20,0,2020-10-04T11:42:29,1601674889.71484,2020-10-03T00:41:29
1601800981,376137,0,0,0,0,0,0,0,0,0,0,1057341,0,0,0,0,0,0,0,0,0,0,0,0,0,0,0,0,0,0,0,0,0,0,0,0,1118481,161,20,0,2020-10-04T11:43:01,1601674921.958081,2020-10-03T00:42:01
1601801007,954257,0,0,0,0,0,0,0,0,0,0,1084341,0,0,0,0,0,0,0,0,0,0,0,0,0,0,0,0,0,0,0,0,0,0,0,0,1118481,251,20,0,2020-10-04T11:43:27,1601674952.6312518,2020-10-03T00:42:32
1601801043,391757,0,0,0,0,0,0,0,0,0,0,1120341,0,0,0,0,0,0,0,0,0,0,0,0,0,0,0,0,0,0,0,0,0,0,0,0,1118481,87,20,0,2020-10-04T11:44:03,1601674984.979008,2020-10-03T00:43:04
1601801074,891757,0,0,0,0,0,0,0,0,0,0,1152341,0,0,0,0,0,0,0,0,0,0,0,0,0,0,0,0,0,0,0,0,0,0,0,0,1118481,180,20,0,2020-10-04T11:44:34,1601675016.901381,2020-10-03T00:43:36
1601801105,407382,0,0,0,0,0,0,0,0,0,0,1183341,0,0,0,0,0,0,0,0,0,0,0,0,0,0,0,0,0,0,0,0,0,0,0,0,1118481,19,20,0,2020-10-04T11:45:05,1601675048.37158,2020-10-03T00:44:08
1601801199,907387,0,0,0,0,0,0,0,0,0,0,1279341,0,0,0,0,0,0,0,0,0,0,0,0,0,0,0,0,0,0,0,0,0,0,0,0,1118481,41,20,0,2020-10-04T11:46:39,1601675144.57546,2020-10-03T00:45:44
1601801232,391761,0,0,0,0,0,0,0,0,0,0,1312341,0,0,0,0,0,0,0,0,0,0,0,0,0,0,0,0,0,0,0,0,0,0,0,0,1118481,133,20,0,2020-10-04T11:47:12,1601675176.9408848,2020-10-03T00:46:16
1601801262,907383,0,0,0,0,0,0,0,0,0,0,1343341,0,0,0,0,0,0,0,0,0,0,0,0,0,0,0,0,0,0,0,0,0,0,0,0,1118481,224,20,0,2020-10-04T11:47:42,1601675208.3939688,2020-10-03T00:46:48
1601801326,9890,0,0,0,0,0,0,0,0,0,0,1407341,0,0,0,0,0,0,0,0,0,0,0,0,0,0,0,0,0,0,0,0,0,0,0,0,1118481,153,20,0,2020-10-04T11:48:46,1601675272.456377,2020-10-03T00:47:52
1601801358,24362,0,0,0,0,0,0,0,0,0,0,1439341,0,0,0,0,0,0,0,0,0,0,0,0,0,0,0,0,0,0,0,0,0,0,0,0,1118481,243,20,0,2020-10-04T11:49:18,1601675305.018997,2020-10-03T00:48:25
1601801389,973540,0,0,0,0,0,0,0,0,0,0,1471341,0,0,0,0,0,0,0,0,0,0,0,0,0,0,0,0,0,0,0,0,0,0,0,0,1118481,77,20,0,2020-10-04T11:49:49,1601675336.3445609,2020-10-03T00:48:56
1601801422,20571,0,0,0,0,0,0,0,0,0,0,1503341,0,0,0,0,0,0,0,0,0,0,0,0,0,0,0,0,0,0,0,0,0,0,0,0,1118481,170,20,0,2020-10-04T11:50:22,1601675368.1478689,2020-10-03T00:49:28
1601801454,20537,0,0,0,0,0,0,0,0,0,0,1535341,0,0,0,0,0,0,0,0,0,0,0,0,0,0,0,0,0,0,0,0,0,0,0,0,1118481,7,20,0,2020-10-04T11:50:54,1601675400.397537,2020-10-03T00:50:00
1601801486,20537,0,0,0,0,0,0,0,0,0,0,1567341,0,0,0,0,0,0,0,0,0,0,0,0,0,0,0,0,0,0,0,0,0,0,0,0,1118481,99,20,0,2020-10-04T11:51:26,1601675432.409885,2020-10-03T00:50:32
1601801518,20885,0,0,0,0,0,0,0,0,0,0,1599341,0,0,0,0,0,0,0,0,0,0,0,0,0,0,0,0,0,0,0,0,0,0,0,0,1118481,191,20,0,2020-10-04T11:51:58,1601675464.208648,2020-10-03T00:51:04
1601801549,14964,0,0,0,0,0,0,0,0,0,0,1630341,0,0,0,0,0,0,0,0,0,0,0,0,0,0,0,0,0,0,0,0,0,0,0,0,1118481,28,20,0,2020-10-04T11:52:29,1601675496.103201,2020-10-03T00:51:36
1601801581,19548,0,0,0,0,0,0,0,0,0,0,1662341,0,0,0,0,0,0,0,0,0,0,0,0,0,0,0,0,0,0,0,0,0,0,0,0,1118481,119,20,0,2020-10-04T11:53:01,1601675527.8203359,2020-10-03T00:52:07
1601801613,16161,0,0,0,0,0,0,0,0,0,0,1694341,0,0,0,0,0,0,0,0,0,0,0,0,0,0,0,0,0,0,0,0,0,0,0,0,1118481,210,20,0,2020-10-04T11:53:33,1601675559.53422,2020-10-03T00:52:39
1601801644,14881,0,0,0,0,0,0,0,0,0,0,1725341,0,0,0,0,0,0,0,0,0,0,0,0,0,0,0,0,0,0,0,0,0,0,0,0,1118481,45,20,0,2020-10-04T11:54:04,1601675590.603868,2020-10-03T00:53:10
1601801676,12486,0,0,0,0,0,0,0,0,0,0,1757341,0,0,0,0,0,0,0,0,0,0,0,0,0,0,0,0,0,0,0,0,0,0,0,0,1118481,138,20,0,2020-10-04T11:54:36,1601675622.634445,2020-10-03T00:53:42
1601801708,13362,0,0,0,0,0,0,0,0,0,0,1789341,0,0,0,0,0,0,0,0,0,0,0,0,0,0,0,0,0,0,0,0,0,0,0,0,1118481,226,20,0,2020-10-04T11:55:08,1601675654.4614,2020-10-03T00:54:14
1601801740,11483,0,0,0,0,0,0,0,0,0,0,1821341,0,0,0,0,0,0,0,0,0,0,0,0,0,0,0,0,0,0,0,0,0,0,0,0,1118481,63,20,0,2020-10-04T11:55:40,1601675685.755816,2020-10-03T00:54:45
1601801771,11656,0,0,0,0,0,0,0,0,0,0,1852341,0,0,0,0,0,0,0,0,0,0,0,0,0,0,0,0,0,0,0,0,0,0,0,0,1118481,158,20,0,2020-10-04T11:56:11,1601675717.395536,2020-10-03T00:55:17
1601801802,10099,0,0,0,0,0,0,0,0,0,0,1883341,0,0,0,0,0,0,0,0,0,0,0,0,0,0,0,0,0,0,0,0,0,0,0,0,1118481,248,20,0,2020-10-04T11:56:42,1601675748.253852,2020-10-03T00:55:48
1601801834,15766,0,0,0,0,0,0,0,0,0,0,1915341,0,0,0,0,0,0,0,0,0,0,0,0,0,0,0,0,0,0,0,0,0,0,0,0,1118481,78,20,0,2020-10-04T11:57:14,1601675780.2398238,2020-10-03T00:56:20
1601801866,6863,0,0,0,0,0,0,0,0,0,0,1947341,0,0,0,0,0,0,0,0,0,0,0,0,0,0,0,0,0,0,0,0,0,0,0,0,1118481,166,20,0,2020-10-04T11:57:46,1601675812.496929,2020-10-03T00:56:52
1601801898,4470,0,0,0,0,0,0,0,0,0,0,1979341,0,0,0,0,0,0,0,0,0,0,0,0,0,0,0,0,0,0,0,0,0,0,0,0,1118481,254,20,0,2020-10-04T11:58:18,1601675844.187069,2020-10-03T00:57:24
1601801929,6853,0,0,0,0,0,0,0,0,0,0,2010341,0,0,0,0,0,0,0,0,0,0,0,0,0,0,0,0,0,0,0,0,0,0,0,0,1118481,88,20,0,2020-10-04T11:58:49,1601675875.613852,2020-10-03T00:57:55
1601801960,854760,0,0,0,0,0,0,0,0,0,0,2042341,0,0,0,0,0,0,0,0,0,0,0,0,0,0,0,0,0,0,0,0,0,0,0,0,1118481,178,20,0,2020-10-04T11:59:20,1601675907.387189,2020-10-03T00:58:27
1601801993,3279,0,0,0,0,0,0,0,0,0,0,2074341,0,0,0,0,0,0,0,0,0,0,0,0,0,0,0,0,0,0,0,0,0,0,0,0,1118481,15,20,0,2020-10-04T11:59:53,1601675939.396893,2020-10-03T00:58:59
1601802025,3509,0,0,0,0,0,0,0,0,0,0,2106341,0,0,0,0,0,0,0,0,0,0,0,0,0,0,0,0,0,0,0,0,0,0,0,0,1118481,110,20,0,2020-10-04T12:00:25,1601675971.19346,2020-10-03T00:59:31
1601802052,2562,0,0,0,0,0,0,0,0,0,0,2133341,0,0,0,0,0,0,0,0,0,0,0,0,0,0,0,0,0,0,0,0,0,0,0,0,1118481,198,20,0,2020-10-04T12:00:52,1601675998.166677,2020-10-03T00:59:58
1601802068,970184,0,0,0,0,0,0,0,0,0,0,2150341,0,0,0,0,0,0,0,0,0,0,0,0,0,0,0,0,0,0,0,0,0,0,0,0,1118481,35,20,0,2020-10-04T12:01:08,1601676015.763732,2020-10-03T01:00:15
1601802086,1295,0,0,0,0,0,0,0,0,0,0,2167341,0,0,0,0,0,0,0,0,0,0,0,0,0,0,0,0,0,0,0,0,0,0,0,0,1118481,122,20,0,2020-10-04T12:01:26,1601676033.024816,2020-10-03T01:00:33
1601802104,999255,0,0,0,0,0,0,0,0,0,0,2186341,0,0,0,0,0,0,0,0,0,0,0,0,0,0,0,0,0,0,0,0,0,0,0,0,1118481,211,20,0,2020-10-04T12:01:44,1601676051.1757329,2020-10-03T01:00:51
1601802121,989186,0,0,0,0,0,0,0,0,0,0,2203341,0,0,0,0,0,0,0,0,0,0,0,0,0,0,0,0,0,0,0,0,0,0,0,0,1118481,44,20,0,2020-10-04T12:02:01,1601676069.286469,2020-10-03T01:01:09
1601802139,997701,0,0,0,0,0,0,0,0,0,0,2221341,0,0,0,0,0,0,0,0,0,0,0,0,0,0,0,0,0,0,0,0,0,0,0,0,1118481,134,20,0,2020-10-04T12:02:19,1601676087.063089,2020-10-03T01:01:27
1601802158,997462,0,0,0,0,0,0,0,0,0,0,2240341,0,0,0,0,0,0,0,0,0,0,0,0,0,0,0,0,0,0,0,0,0,0,0,0,1118481,222,20,0,2020-10-04T12:02:38,1601676105.735376,2020-10-03T01:01:45
1601802176,979199,0,0,0,0,0,0,0,0,0,0,2258341,0,0,0,0,0,0,0,0,0,0,0,0,0,0,0,0,0,0,0,0,0,0,0,0,1118481,55,20,0,2020-10-04T12:02:56,1601676123.186993,2020-10-03T01:02:03
1601802192,996145,0,0,0,0,0,0,0,0,0,0,2274341,0,0,0,0,0,0,0,0,0,0,0,0,0,0,0,0,0,0,0,0,0,0,0,0,1118481,139,20,0,2020-10-04T12:03:12,1601676140.832737,2020-10-03T01:02:20
1601802210,995359,0,0,0,0,0,0,0,0,0,0,2292341,0,0,0,0,0,0,0,0,0,0,0,0,0,0,0,0,0,0,0,0,0,0,0,0,1118481,232,20,0,2020-10-04T12:03:30,1601676158.018116,2020-10-03T01:02:38
1601802228,997340,0,0,0,0,0,0,0,0,0,0,2310341,0,0,0,0,0,0,0,0,0,0,0,0,0,0,0,0,0,0,0,0,0,0,0,0,1118481,73,20,0,2020-10-04T12:03:48,1601676175.9171278,2020-10-03T01:02:55
1601802246,996696,0,0,0,0,0,0,0,0,0,0,2328341,0,0,0,0,0,0,0,0,0,0,0,0,0,0,0,0,0,0,0,0,0,0,0,0,1118481,159,20,0,2020-10-04T12:04:06,1601676193.265313,2020-10-03T01:03:13
1601802264,8302,0,0,0,0,0,0,0,0,0,0,2345341,0,0,0,0,0,0,0,0,0,0,0,0,0,0,0,0,0,0,0,0,0,0,0,0,1118481,247,20,0,2020-10-04T12:04:24,1601676210.7494,2020-10-03T01:03:30
1601802282,994871,0,0,0,0,0,0,0,0,0,0,2364341,0,0,0,0,0,0,0,0,0,0,0,0,0,0,0,0,0,0,0,0,0,0,0,0,1118481,76,20,0,2020-10-04T12:04:42,1601676228.6494489,2020-10-03T01:03:48
1601802298,989966,0,0,0,0,0,0,0,0,0,0,2380341,0,0,0,0,0,0,0,0,0,0,0,0,0,0,0,0,0,0,0,0,0,0,0,0,1118481,163,20,0,2020-10-04T12:04:58,1601676245.158776,2020-10-03T01:04:05
1601802315,990561,0,0,0,0,0,0,0,0,0,0,2397341,0,0,0,0,0,0,0,0,0,0,0,0,0,0,0,0,0,0,0,0,0,0,0,0,1118481,253,20,0,2020-10-04T12:05:15,1601676262.534361,2020-10-03T01:04:22
1601802333,950381,0,0,0,0,0,0,0,0,0,0,2415341,0,0,0,0,0,0,0,0,0,0,0,0,0,0,0,0,0,0,0,0,0,0,0,0,1118481,90,20,0,2020-10-04T12:05:33,1601676280.690433,2020-10-03T01:04:40
1601802351,996349,0,0,0,0,0,0,0,0,0,0,2433341,0,0,0,0,0,0,0,0,0,0,0,0,0,0,0,0,0,0,0,0,0,0,0,0,1118513,178,20,0,2020-10-04T12:05:51,1601676298.298485,2020-10-03T01:04:58
1601802385,990232,0,0,0,0,0,0,0,0,0,0,2467341,0,0,0,0,0,0,0,0,0,0,0,0,0,0,0,0,0,0,0,0,0,0,0,0,1118513,97,20,0,2020-10-04T12:06:25,1601676332.3427958,2020-10-03T01:05:32
1601802403,989424,0,0,0,0,0,0,0,0,0,0,2485341,0,0,0,0,0,0,0,0,0,0,0,0,0,0,0,0,0,0,0,0,0,0,0,0,1118513,190,20,0,2020-10-04T12:06:43,1601676350.28228,2020-10-03T01:05:50
1601802420,977192,0,0,0,0,0,0,0,0,0,0,2502341,0,0,0,0,0,0,0,0,0,0,0,0,0,0,0,0,0,0,0,0,0,0,0,0,3215665,19,20,0,2020-10-04T12:07:00,1601676367.0488439,2020-10-03T01:06:07
1601802438,984999,0,0,0,0,0,0,0,0,0,0,2520341,0,0,0,0,0,0,0,0,0,0,0,0,0,0,0,0,0,0,0,0,0,0,0,0,3216177,106,20,0,2020-10-04T12:07:18,1601676385.2854118,2020-10-03T01:06:25
1601802456,185,0,0,0,0,0,0,0,0,0,0,2537341,0,0,0,0,0,0,0,0,0,0,0,0,0,0,0,0,0,0,0,0,0,0,0,0,1118513,195,20,0,2020-10-04T12:07:36,1601676402.4989,2020-10-03T01:06:42
1601802473,962297,0,0,0,0,0,0,0,0,0,0,2555341,0,0,0,0,0,0,0,0,0,0,0,0,0,0,0,0,0,0,0,0,0,0,0,0,3215665,23,20,0,2020-10-04T12:07:53,1601676419.7654488,2020-10-03T01:06:59
1601802488,932610,0,0,0,0,0,0,0,0,0,0,2570341,0,0,0,0,0,0,0,0,0,0,0,0,0,0,0,0,0,0,0,0,0,0,0,0,3223857,106,20,0,2020-10-04T12:08:08,1601676435.246028,2020-10-03T01:07:15
1601802506,923806,0,0,0,0,0,0,0,0,0,0,2588341,0,0,0,0,0,0,0,0,0,0,0,0,0,0,0,0,0,0,0,0,0,0,0,0,3216177,196,20,0,2020-10-04T12:08:26,1601676452.954717,2020-10-03T01:07:32
1601802523,937970,0,0,0,0,0,0,0,0,0,0,2605341,0,0,0,0,0,0,0,0,0,0,0,0,0,0,0,0,0,0,0,0,0,0,0,0,3223857,27,20,0,2020-10-04T12:08:43,1601676470.1756608,2020-10-03T01:07:50
1601802541,956467,0,0,0,0,0,0,0,0,0,0,2623341,0,0,0,0,0,0,0,0,0,0,0,0,0,0,0,0,0,0,0,0,0,0,0,0,3216177,120,20,0,2020-10-04T12:09:01,1601676488.27876,2020-10-03T01:08:08
1601802560,986535,0,0,0,0,0,0,0,0,0,0,2642341,0,0,0,0,0,0,0,0,0,0,0,0,0,0,0,0,0,0,0,0,0,0,0,0,3223857,212,20,0,2020-10-04T12:09:20,1601676506.718128,2020-10-03T01:08:26
1601802577,976578,0,0,0,0,0,0,0,0,0,0,2659341,0,0,0,0,0,0,0,0,0,0,0,0,0,0,0,0,0,0,0,0,0,0,0,0,3223857,49,20,0,2020-10-04T12:09:37,1601676524.3706288,2020-10-03T01:08:44
1601802594,973619,0,0,0,0,0,0,0,0,0,0,2676341,0,0,0,0,0,0,0,0,0,0,0,0,0,0,0,0,0,0,0,0,0,0,0,0,3216177,135,20,0,2020-10-04T12:09:54,1601676541.6268759,2020-10-03T01:09:01
1601802612,992025,0,0,0,0,0,0,0,0,0,0,2694341,0,0,0,0,0,0,0,0,0,0,0,0,0,0,0,0,0,0,0,0,0,0,0,0,3223857,226,20,0,2020-10-04T12:10:12,1601676559.203868,2020-10-03T01:09:19
1601802629,968612,0,0,0,0,0,0,0,0,0,0,2711341,0,0,0,0,0,0,0,0,0,0,0,0,0,0,0,0,0,0,0,0,0,0,0,0,3223857,58,20,0,2020-10-04T12:10:29,1601676576.487413,2020-10-03T01:09:36
1601802648,973756,0,0,0,0,0,0,0,0,0,0,2730341,0,0,0,0,0,0,0,0,0,0,0,0,0,0,0,0,0,0,0,0,0,0,0,0,3216177,151,20,0,2020-10-04T12:10:48,1601676595.074432,2020-10-03T01:09:55
1601802666,987924,0,0,0,0,0,0,0,0,0,0,2748341,0,0,0,0,0,0,0,0,0,0,0,0,0,0,0,0,0,0,0,0,0,0,0,0,3223857,238,20,0,2020-10-04T12:11:06,1601676612.51758,2020-10-03T01:10:12
1601802683,982470,0,0,0,0,0,0,0,0,0,0,2765341,0,0,0,0,0,0,0,0,0,0,0,0,0,0,0,0,0,0,0,0,0,0,0,0,3216177,71,20,0,2020-10-04T12:11:23,1601676630.3170638,2020-10-03T01:10:30
1601802700,972328,0,0,0,0,0,0,0,0,0,0,2782341,0,0,0,0,0,0,0,0,0,0,0,0,0,0,0,0,0,0,0,0,0,0,0,0,3223857,155,20,0,2020-10-04T12:11:40,1601676647.7739239,2020-10-03T01:10:47
1601802718,974289,0,0,0,0,0,0,0,0,0,0,2800341,0,0,0,0,0,0,0,0,0,0,0,0,0,0,0,0,0,0,0,0,0,0,0,0,3216177,247,20,0,2020-10-04T12:11:58,1601676665.868536,2020-10-03T01:11:05
1601802736,879364,0,0,0,0,0,0,0,0,0,0,2818341,0,0,0,0,0,0,0,0,0,0,0,0,0,0,0,0,0,0,0,0,0,0,0,0,3223857,77,20,0,2020-10-04T12:12:16,1601676682.862108,2020-10-03T01:11:22
1601802753,965684,0,0,0,0,0,0,0,0,0,0,2835341,0,0,0,0,0,0,0,0,0,0,0,0,0,0,0,0,0,0,0,0,0,0,0,0,3223857,170,20,0,2020-10-04T12:12:33,1601676700.41986,2020-10-03T01:11:40
1601802771,975798,0,0,0,0,0,0,0,0,0,0,2853341,0,0,0,0,0,0,0,0,0,0,0,0,0,0,0,0,0,0,0,0,0,0,0,0,3216177,5,20,0,2020-10-04T12:12:51,1601676718.278877,2020-10-03T01:11:58
1601802788,981445,0,0,0,0,0,0,0,0,0,0,2870341,0,0,0,0,0,0,0,0,0,0,0,0,0,0,0,0,0,0,0,0,0,0,0,0,3223857,94,20,0,2020-10-04T12:13:08,1601676735.646749,2020-10-03T01:12:15
1601802806,978434,0,0,0,0,0,0,0,0,0,0,2888341,0,0,0,0,0,0,0,0,0,0,0,0,0,0,0,0,0,0,0,0,0,0,0,0,3216177,180,20,0,2020-10-04T12:13:26,1601676753.4751198,2020-10-03T01:12:33
1601802824,976217,0,0,0,0,0,0,0,0,0,0,2906341,0,0,0,0,0,0,0,0,0,0,0,0,0,0,0,0,0,0,0,0,0,0,0,0,3216177,13,20,0,2020-10-04T12:13:44,1601676771.446249,2020-10-03T01:12:51
1601802841,974835,0,0,0,0,0,0,0,0,0,0,2923341,0,0,0,0,0,0,0,0,0,0,0,0,0,0,0,0,0,0,0,0,0,0,0,0,3223857,100,20,0,2020-10-04T12:14:01,1601676788.765125,2020-10-03T01:13:08
1601802859,977091,0,0,0,0,0,0,0,0,0,0,2941341,0,0,0,0,0,0,0,0,0,0,0,0,0,0,0,0,0,0,0,0,0,0,0,0,3223857,184,20,0,2020-10-04T12:14:19,1601676806.2635689,2020-10-03T01:13:26
1601802876,972952,0,0,0,0,0,0,0,0,0,0,2958341,0,0,0,0,0,0,0,0,0,0,0,0,0,0,0,0,0,0,0,0,0,0,0,0,3216177,14,20,0,2020-10-04T12:14:36,1601676823.966457,2020-10-03T01:13:43
1601802894,941068,0,0,0,0,0,0,0,0,0,0,2976341,0,0,0,0,0,0,0,0,0,0,0,0,0,0,0,0,0,0,0,0,0,0,0,0,3216177,105,20,0,2020-10-04T12:14:54,1601676841.822121,2020-10-03T01:14:01
1601802912,971582,0,0,0,0,0,0,0,0,0,0,2994341,0,0,0,0,0,0,0,0,0,0,0,0,0,0,0,0,0,0,0,0,0,0,0,0,3223857,192,20,0,2020-10-04T12:15:12,1601676859.398169,2020-10-03T01:14:19
1601802930,972134,0,0,0,0,0,0,0,0,0,0,3012341,0,0,0,0,0,0,0,0,0,0,0,0,0,0,0,0,0,0,0,0,0,0,0,0,3216177,21,20,0,2020-10-04T12:15:30,1601676876.9627528,2020-10-03T01:14:36
1601802947,894496,0,0,0,0,0,0,0,0,0,0,3029341,0,0,0,0,0,0,0,0,0,0,0,0,0,0,0,0,0,0,0,0,0,0,0,0,3223857,108,20,0,2020-10-04T12:15:47,1601676894.4773839,2020-10-03T01:14:54
1601802964,944712,0,0,0,0,0,0,0,0,0,0,3046341,0,0,0,0,0,0,0,0,0,0,0,0,0,0,0,0,0,0,0,0,0,0,0,0,3216177,199,20,0,2020-10-04T12:16:04,1601676911.288709,2020-10-03T01:15:11
1679217378,961475,0,0,0,0,0,0,0,0,0,0,3061341,0,0,0,0,0,0,0,0,0,0,0,0,0,0,0,0,0,0,0,0,0,0,0,0,3223857,1,20,0,2023-03-19T12:16:18,1601676926.100589,2020-10-03T01:15:26
1601802992,769784,0,0,0,0,0,0,0,0,0,0,3075341,0,0,0,0,0,0,0,0,0,0,0,0,0,0,0,0,0,0,0,0,0,0,0,0,3223857,76,20,0,2020-10-04T12:16:32,1601676940.89548,2020-10-03T01:15:40
1601803007,586891,0,0,0,0,0,0,0,0,0,0,3090341,0,0,0,0,0,0,0,0,0,0,0,0,0,0,0,0,0,0,0,0,0,0,0,0,3216177,139,20,0,2020-10-04T12:16:47,1601676955.0523238,2020-10-03T01:15:55
1601803021,368749,0,0,0,0,0,0,0,0,0,0,3104341,0,0,0,0,0,0,0,0,0,0,0,0,0,0,0,0,0,0,0,0,0,0,0,0,3216177,198,20,0,2020-10-04T12:17:01,1601676969.160521,2020-10-03T01:16:09
1601803050,901104,0,0,0,0,0,0,0,0,0,0,3134341,0,0,0,0,0,0,0,0,0,0,0,0,0,0,0,0,0,0,0,0,0,0,0,0,3216177,25,20,0,2020-10-04T12:17:30,1601676998.7257879,2020-10-03T01:16:38
1601803063,697979,0,0,0,0,0,0,0,0,0,0,3147341,0,0,0,0,0,0,0,0,0,0,0,0,0,0,0,0,0,0,0,0,0,0,0,0,3216177,106,20,0,2020-10-04T12:17:43,1601677013.6542048,2020-10-03T01:16:53
1601803078,463605,0,0,0,0,0,0,0,0,0,0,3162341,0,0,0,0,0,0,0,0,0,0,0,0,0,0,0,0,0,0,0,0,0,0,0,0,3223857,182,20,0,2020-10-04T12:17:58,1601677026.886544,2020-10-03T01:17:06
1601803092,244854,0,0,0,0,0,0,0,0,0,0,3176341,0,0,0,0,0,0,0,0,0,0,0,0,0,0,0,0,0,0,0,0,0,0,0,0,3223857,1,20,0,2020-10-04T12:18:12,1601677041.480044,2020-10-03T01:17:21
1601803105,41733,0,0,0,0,0,0,0,0,0,0,3189341,0,0,0,0,0,0,0,0,0,0,0,0,0,0,0,0,0,0,0,0,0,0,0,0,1127217,78,20,0,2020-10-04T12:18:25,1601677055.421108,2020-10-03T01:17:35
1601803119,807354,0,0,0,0,0,0,0,0,0,0,3204341,0,0,0,0,0,0,0,0,0,0,0,0,0,0,0,0,0,0,0,0,0,0,0,0,3223857,158,20,0,2020-10-04T12:18:39,1601677069.562104,2020-10-03T01:17:49
1601803135,557355,0,0,0,0,0,0,0,0,0,0,3220341,0,0,0,0,0,0,0,0,0,0,0,0,0,0,0,0,0,0,0,0,0,0,0,0,3346737,240,20,0,2020-10-04T12:18:55,1601677084.5270848,2020-10-03T01:18:04
1601803147,369854,0,0,0,0,0,0,0,0,0,0,3232341,0,0,0,0,0,0,0,0,0,0,0,0,0,0,0,0,0,0,0,0,0,0,0,0,3223857,57,20,0,2020-10-04T12:19:07,1601677097.0020719,2020-10-03T01:18:17
1601803159,182354,0,0,0,0,0,0,0,0,0,0,3244341,0,0,0,0,0,0,0,0,0,0,0,0,0,0,0,0,0,0,0,0,0,0,0,0,3223857,126,20,0,2020-10-04T12:19:19,1601677109.285593,2020-10-03T01:18:29
1601803171,979233,0,0,0,0,0,0,0,0,0,0,3257341,0,0,0,0,0,0,0,0,0,0,0,0,0,0,0,0,0,0,0,0,0,0,0,0,3223857,194,20,0,2020-10-04T12:19:31,1601677122.179349,2020-10-03T01:18:42
1601803183,791733,0,0,0,0,0,0,0,0,0,0,3269341,0,0,0,0,0,0,0,0,0,0,0,0,0,0,0,0,0,0,0,0,0,0,0,0,3216177,9,20,0,2020-10-04T12:19:43,1601677134.2015119,2020-10-03T01:18:54
1601803195,604233,0,0,0,0,0,0,0,0,0,0,3281341,0,0,0,0,0,0,0,0,0,0,0,0,0,0,0,0,0,0,0,0,0,0,0,0,3216177,82,20,0,2020-10-04T12:19:55,1601677146.89354,2020-10-03T01:19:06
1601803208,401105,0,0,0,0,0,0,0,0,0,0,3294341,0,0,0,0,0,0,0,0,0,0,0,0,0,0,0,0,0,0,0,0,0,0,0,0,3346737,153,20,0,2020-10-04T12:20:08,1601677158.886528,2020-10-03T01:19:18
1601803220,213604,0,0,0,0,0,0,0,0,0,0,3306341,0,0,0,0,0,0,0,0,0,0,0,0,0,0,0,0,0,0,0,0,0,0,0,0,3346737,224,20,0,2020-10-04T12:20:20,1601677171.282184,2020-10-03T01:19:31
1601803232,26104,0,0,0,0,0,0,0,0,0,0,3318341,0,0,0,0,0,0,0,0,0,0,0,0,0,0,0,0,0,0,0,0,0,0,0,0,3223857,37,20,0,2020-10-04T12:20:32,1601677183.415977,2020-10-03T01:19:43
1601803243,838604,0,0,0,0,0,0,0,0,0,0,3330341,0,0,0,0,0,0,0,0,0,0,0,0,0,0,0,0,0,0,0,0,0,0,0,0,3216177,106,20,0,2020-10-04T12:20:43,1601677195.883477,2020-10-03T01:19:55
1601803268,447983,0,0,0,0,0,0,0,0,0,0,3355341,0,0,0,0,0,0,0,0,0,0,0,0,0,0,0,0,0,0,0,0,0,0,0,0,3346737,242,20,0,2020-10-04T12:21:08,1601677220.404669,2020-10-03T01:20:20
1601803293,57355,0,0,0,0,0,0,0,0,0,0,3380341,0,0,0,0,0,0,0,0,0,0,0,0,0,0,0,0,0,0,0,0,0,0,0,0,3223857,129,20,0,2020-10-04T12:21:33,1601677245.332957,2020-10-03T01:20:45
1601803305,854233,0,0,0,0,0,0,0,0,0,0,3393341,0,0,0,0,0,0,0,0,0,0,0,0,0,0,0,0,0,0,0,0,0,0,0,0,1127217,201,20,0,2020-10-04T12:21:45,1601677258.076632,2020-10-03T01:20:58
1601803317,666729,0,0,0,0,0,0,0,0,0,0,3405341,0,0,0,0,0,0,0,0,0,0,0,0,0,0,0,0,0,0,0,0,0,0,0,0,3216177,18,20,0,2020-10-04T12:21:57,1601677270.6423209,2020-10-03T01:21:10
1601803330,463600,0,0,0,0,0,0,0,0,0,0,3418341,0,0,0,0,0,0,0,0,0,0,0,0,0,0,0,0,0,0,0,0,0,0,0,0,3346737,90,20,0,2020-10-04T12:22:10,1601677283.165644,2020-10-03T01:21:23
1601803343,260483,0,0,0,0,0,0,0,0,0,0,3431341,0,0,0,0,0,0,0,0,0,0,0,0,0,0,0,0,0,0,0,0,0,0,0,0,3216177,163,20,0,2020-10-04T12:22:23,1601677296.1660368,2020-10-03T01:21:36
1601803356,57354,0,0,0,0,0,0,0,0,0,0,3444341,0,0,0,0,0,0,0,0,0,0,0,0,0,0,0,0,0,0,0,0,0,0,0,0,3216177,235,20,0,2020-10-04T12:22:36,1601677309.022572,2020-10-03T01:21:49
1601803367,869855,0,0,0,0,0,0,0,0,0,0,3456341,0,0,0,0,0,0,0,0,0,0,0,0,0,0,0,0,0,0,0,0,0,0,0,0,3346737,50,20,0,2020-10-04T12:22:47,1601677321.349557,2020-10-03T01:22:01
1601803380,666733,0,0,0,0,0,0,0,0,0,0,3469341,0,0,0,0,0,0,0,0,0,0,0,0,0,0,0,0,0,0,0,0,0,0,0,0,1257777,122,20,0,2020-10-04T12:23:00,1601677334.287984,2020-10-03T01:22:14
1601803393,463604,0,0,0,0,0,0,0,0,0,0,3482341,0,0,0,0,0,0,0,0,0,0,0,0,0,0,0,0,0,0,0,0,0,0,0,0,3216177,194,20,0,2020-10-04T12:23:13,1601677347.641677,2020-10-03T01:22:27
1601803406,260479,0,0,0,0,0,0,0,0,0,0,3495341,0,0,0,0,0,0,0,0,0,0,0,0,0,0,0,0,0,0,0,0,0,0,0,0,3346737,12,20,0,2020-10-04T12:23:26,1601677360.288816,2020-10-03T01:22:40
1601803419,57350,0,0,0,0,0,0,0,0,0,0,3508341,0,0,0,0,0,0,0,0,0,0,0,0,0,0,0,0,0,0,0,0,0,0,0,0,3346737,87,20,0,2020-10-04T12:23:39,1601677373.176945,2020-10-03T01:22:53
1601803431,854233,0,0,0,0,0,0,0,0,0,0,3521341,0,0,0,0,0,0,0,0,0,0,0,0,0,0,0,0,0,0,0,0,0,0,0,0,3216177,161,20,0,2020-10-04T12:23:51,1601677386.1121569,2020-10-03T01:23:06
1601803444,651100,0,0,0,0,0,0,0,0,0,0,3534341,0,0,0,0,0,0,0,0,0,0,0,0,0,0,0,0,0,0,0,0,0,0,0,0,3346737,232,20,0,2020-10-04T12:24:04,1601677398.8651328,2020-10-03T01:23:18
1601803456,463600,0,0,0,0,0,0,0,0,0,0,3546341,0,0,0,0,0,0,0,0,0,0,0,0,0,0,0,0,0,0,0,0,0,0,0,0,1257777,46,20,0,2020-10-04T12:24:16,1601677411.296496,2020-10-03T01:23:31
1601803481,72983,0,0,0,0,0,0,0,0,0,0,3571341,0,0,0,0,0,0,0,0,0,0,0,0,0,0,0,0,0,0,0,0,0,0,0,0,3346737,195,20,0,2020-10-04T12:24:41,1601677436.769729,2020-10-03T01:23:56
1601803493,869851,0,0,0,0,0,0,0,0,0,0,3584341,0,0,0,0,0,0,0,0,0,0,0,0,0,0,0,0,0,0,0,0,0,0,0,0,3346737,14,20,0,2020-10-04T12:24:53,1601677449.487752,2020-10-03T01:24:09
1601803521,432354,0,0,0,0,0,0,0,0,0,0,3612341,0,0,0,0,0,0,0,0,0,0,0,0,0,0,0,0,0,0,0,0,0,0,0,0,1250097,162,20,0,2020-10-04T12:25:21,1601677476.7249238,2020-10-03T01:24:36
1601803535,213604,0,0,0,0,0,0,0,0,0,0,3626341,0,0,0,0,0,0,0,0,0,0,0,0,0,0,0,0,0,0,0,0,0,0,0,0,3346737,232,20,0,2020-10-04T12:25:35,1601677490.6611118,2020-10-03T01:24:50
1601803547,26104,0,0,0,0,0,0,0,0,0,0,3638341,0,0,0,0,0,0,0,0,0,0,0,0,0,0,0,0,0,0,0,0,0,0,0,0,3346737,52,20,0,2020-10-04T12:25:47,1601677503.7414489,2020-10-03T01:25:03
1601803559,822983,0,0,0,0,0,0,0,0,0,0,3651341,0,0,0,0,0,0,0,0,0,0,0,0,0,0,0,0,0,0,0,0,0,0,0,0,1250097,123,20,0,2020-10-04T12:25:59,1601677516.2197409,2020-10-03T01:25:16
1601803571,635484,0,0,0,0,0,0,0,0,0,0,3663341,0,0,0,0,0,0,0,0,0,0,0,0,0,0,0,0,0,0,0,0,0,0,0,0,1250097,195,20,0,2020-10-04T12:26:11,1601677528.8341238,2020-10-03T01:25:28
1601803586,401104,0,0,0,0,0,0,0,0,0,0,3678341,0,0,0,0,0,0,0,0,0,0,0,0,0,0,0,0,0,0,0,0,0,0,0,0,3346737,8,20,0,2020-10-04T12:26:26,1601677542.559012,2020-10-03T01:25:42
1601803598,213604,0,0,0,0,0,0,0,0,0,0,3690341,0,0,0,0,0,0,0,0,0,0,0,0,0,0,0,0,0,0,0,0,0,0,0,0,3346737,78,20,0,2020-10-04T12:26:38,1601677554.857065,2020-10-03T01:25:54
1601803611,994855,0,0,0,0,0,0,0,0,0,0,3704341,0,0,0,0,0,0,0,0,0,0,0,0,0,0,0,0,0,0,0,0,0,0,0,0,3216177,153,20,0,2020-10-04T12:26:51,1601677568.7268288,2020-10-03T01:26:08
1601803637,588604,0,0,0,0,0,0,0,0,0,0,3730341,0,0,0,0,0,0,0,0,0,0,0,0,0,0,0,0,0,0,0,0,0,0,0,0,1250097,28,20,0,2020-10-04T12:27:17,1601677595.582952,2020-10-03T01:26:35
1601803652,354229,0,0,0,0,0,0,0,0,0,0,3745341,0,0,0,0,0,0,0,0,0,0,0,0,0,0,0,0,0,0,0,0,0,0,0,0,3346737,100,20,0,2020-10-04T12:27:32,1601677610.1312718,2020-10-03T01:26:50
1601803667,119854,0,0,0,0,0,0,0,0,0,0,3760341,0,0,0,0,0,0,0,0,0,0,0,0,0,0,0,0,0,0,0,0,0,0,0,0,3346737,176,20,0,2020-10-04T12:27:47,1601677624.4752,2020-10-03T01:27:04
1601803680,901100,0,0,0,0,0,0,0,0,0,0,3774341,0,0,0,0,0,0,0,0,0,0,0,0,0,0,0,0,0,0,0,0,0,0,0,0,1250097,251,20,0,2020-10-04T12:28:00,1601677638.664952,2020-10-03T01:27:18
1601803693,697979,0,0,0,0,0,0,0,0,0,0,3787341,0,0,0,0,0,0,0,0,0,0,0,0,0,0,0,0,0,0,0,0,0,0,0,0,3346737,71,20,0,2020-10-04T12:28:13,1601677652.429684,2020-10-03T01:27:32
1601803708,463600,0,0,0,0,0,0,0,0,0,0,3802341,0,0,0,0,0,0,0,0,0,0,0,0,0,0,0,0,0,0,0,0,0,0,0,0,3346737,142,20,0,2020-10-04T12:28:28,1601677666.719565,2020-10-03T01:27:46
315964813,352346,0,0,0,0,0,0,0,0,0,0,3815341,0,0,0,0,0,0,0,0,0,0,0,0,0,0,0,0,0,0,0,0,0,0,0,0,1250097,216,20,0,1980-01-06T03:00:13,1601677679.800437,2020-10-03T01:27:59
315964827,344375,0,0,0,0,0,0,0,0,0,0,3829341,0,0,0,0,0,0,0,0,0,0,0,0,0,0,0,0,0,0,0,0,0,0,0,0,1250097,41,20,0,1980-01-06T03:00:27,1601677694.275696,2020-10-03T01:28:14
315964842,148444,0,0,0,0,0,0,0,0,0,0,3844341,0,0,0,0,0,0,0,0,0,0,0,0,0,0,0,0,0,0,0,0,0,0,0,0,3346737,122,20,0,1980-01-06T03:00:42,1601677708.872416,2020-10-03T01:28:28
315964855,929690,0,0,0,0,0,0,0,0,0,0,3858341,0,0,0,0,0,0,0,0,0,0,0,0,0,0,0,0,0,0,0,0,0,0,0,0,3216177,201,20,0,1980-01-06T03:00:55,1601677723.2662358,2020-10-03T01:28:43
315964870,697373,0,0,0,0,0,0,0,0,0,0,3873341,0,0,0,0,0,0,0,0,0,0,0,0,0,0,0,0,0,0,0,0,0,0,0,0,3346737,30,20,0,1980-01-06T03:01:10,1601677737.852452,2020-10-03T01:28:57
315964884,480526,0,0,0,0,0,0,0,0,0,0,3887341,0,0,0,0,0,0,0,0,0,0,0,0,0,0,0,0,0,0,0,0,0,0,0,0,3346737,109,20,0,1980-01-06T03:01:24,1601677752.1660209,2020-10-03T01:29:12
315964899,246156,0,0,0,0,0,0,0,0,0,0,3902341,0,0,0,0,0,0,0,0,0,0,0,0,0,0,0,0,0,0,0,0,0,0,0,0,3216177,187,20,0,1980-01-06T03:01:39,1601677766.530468,2020-10-03T01:29:26
315964913,27409,0,0,0,0,0,0,0,0,0,0,3916341,0,0,0,0,0,0,0,0,0,0,0,0,0,0,0,0,0,0,0,0,0,0,0,0,1250097,14,20,0,1980-01-06T03:01:53,1601677781.037349,2020-10-03T01:29:41
315964926,808660,0,0,0,0,0,0,0,0,0,0,3930341,0,0,0,0,0,0,0,0,0,0,0,0,0,0,0,0,0,0,0,0,0,0,0,0,3346737,93,20,0,1980-01-06T03:02:06,1601677795.164573,2020-10-03T01:29:55
315964955,355539,0,0,0,0,0,0,0,0,0,0,3959341,0,0,0,0,0,0,0,0,0,0,0,0,0,0,0,0,0,0,0,0,0,0,0,0,1250097,250,20,0,1980-01-06T03:02:35,1601677824.2717688,2020-10-03T01:30:24
315964970,121159,0,0,0,0,0,0,0,0,0,0,3974341,0,0,0,0,0,0,0,0,0,0,0,0,0,0,0,0,0,0,0,0,0,0,0,0,1257777,72,20,0,1980-01-06T03:02:50,1601677838.932324,2020-10-03T01:30:38
315964984,886809,0,0,0,0,0,0,0,0,0,0,3989341,0,0,0,0,0,0,0,0,0,0,0,0,0,0,0,0,0,0,0,0,0,0,0,0,3223857,147,20,0,1980-01-06T03:03:04,1601677853.670265,2020-10-03T01:30:53
315964998,668059,0,0,0,0,0,0,0,0,0,0,4003341,0,0,0,0,0,0,0,0,0,0,0,0,0,0,0,0,0,0,0,0,0,0,0,0,3223857,228,20,0,1980-01-06T03:03:18,1601677868.038509,2020-10-03T01:31:08
315965012,449310,0,0,0,0,0,0,0,0,0,0,4017341,0,0,0,0,0,0,0,0,0,0,0,0,0,0,0,0,0,0,0,0,0,0,0,0,1257777,51,20,0,1980-01-06T03:03:32,1601677882.2668169,2020-10-03T01:31:22
315965027,214930,0,0,0,0,0,0,0,0,0,0,4032341,0,0,0,0,0,0,0,0,0,0,0,0,0,0,0,0,0,0,0,0,0,0,0,0,3346737,136,20,0,1980-01-06T03:03:47,1601677896.8317878,2020-10-03T01:31:36
315965040,996205,0,0,0,0,0,0,0,0,0,0,4046341,0,0,0,0,0,0,0,0,0,0,0,0,0,0,0,0,0,0,0,0,0,0,0,0,1250097,217,20,0,1980-01-06T03:04:00,1601677911.063933,2020-10-03T01:31:51
315965054,777924,0,0,0,0,0,0,0,0,0,0,4060341,0,0,0,0,0,0,0,0,0,0,0,0,0,0,0,0,0,0,0,0,0,0,0,0,1257777,40,20,0,1980-01-06T03:04:14,1601677925.264225,2020-10-03T01:32:05
315965068,558733,0,0,0,0,0,0,0,0,0,0,4074341,0,0,0,0,0,0,0,0,0,0,0,0,0,0,0,0,0,0,0,0,0,0,0,0,3346737,110,20,0,1980-01-06T03:04:28,1601677939.137501,2020-10-03T01:32:19
315965082,339979,0,0,0,0,0,0,0,0,0,0,4088341,0,0,0,0,0,0,0,0,0,0,0,0,0,0,0,0,0,0,0,0,0,0,0,0,3346737,189,20,0,1980-01-06T03:04:42,1601677953.4850478,2020-10-03T01:32:33
315965097,105756,0,0,0,0,0,0,0,0,0,0,4103341,0,0,0,0,0,0,0,0,0,0,0,0,0,0,0,0,0,0,0,0,0,0,0,0,1127217,13,20,0,1980-01-06T03:04:57,1601677968.040077,2020-10-03T01:32:48
315965110,887005,0,0,0,0,0,0,0,0,0,0,4117341,0,0,0,0,0,0,0,0,0,0,0,0,0,0,0,0,0,0,0,0,0,0,0,0,3223857,90,20,0,1980-01-06T03:05:10,1601677982.141636,2020-10-03T01:33:02
315965139,433877,0,0,0,0,0,0,0,0,0,0,4146341,0,0,0,0,0,0,0,0,0,0,0,0,0,0,0,0,0,0,0,0,0,0,0,0,3223857,243,20,0,1980-01-06T03:05:39,1601678011.139112,2020-10-03T01:33:31
315965153,215126,0,0,0,0,0,0,0,0,0,0,4160341,0,0,0,0,0,0,0,0,0,0,0,0,0,0,0,0,0,0,0,0,0,0,0,0,3216177,62,20,0,1980-01-06T03:05:53,1601678025.672989,2020-10-03T01:33:45
315965167,980755,0,0,0,0,0,0,0,0,0,0,4175341,0,0,0,0,0,0,0,0,0,0,0,0,0,0,0,0,0,0,0,0,0,0,0,0,3346737,141,20,0,1980-01-06T03:06:07,1601678040.137781,2020-10-03T01:34:00
315965182,746376,0,0,0,0,0,0,0,0,0,0,4190341,0,0,0,0,0,0,0,0,0,0,0,0,0,0,0,0,0,0,0,0,0,0,0,0,3223857,222,20,0,1980-01-06T03:06:22,1601678054.892168,2020-10-03T01:34:14
315965196,527630,0,0,0,0,0,0,0,0,0,0,4204341,0,0,0,0,0,0,0,0,0,0,0,0,0,0,0,0,0,0,0,0,0,0,0,0,1127217,47,20,0,1980-01-06T03:06:36,1601678069.165477,2020-10-03T01:34:29
315965211,293251,0,0,0,0,0,0,0,0,0,0,4219341,0,0,0,0,0,0,0,0,0,0,0,0,0,0,0,0,0,0,0,0,0,0,0,0,3223857,129,20,0,1980-01-06T03:06:51,1601678083.909153,2020-10-03T01:34:43
315965223,105755,0,0,0,0,0,0,0,0,0,0,4231341,0,0,0,0,0,0,0,0,0,0,0,0,0,0,0,0,0,0,0,0,0,0,0,0,3223857,194,20,0,1980-01-06T03:07:03,1601678096.260825,2020-10-03T01:34:56
315965237,871376,0,0,0,0,0,0,0,0,0,0,4246341,0,0,0,0,0,0,0,0,0,0,0,0,0,0,0,0,0,0,0,0,0,0,0,0,3346737,18,20,0,1980-01-06T03:07:17,1601678111.377769,2020-10-03T01:35:11
315965264,449505,0,0,0,0,0,0,0,0,0,0,4273341,0,0,0,0,0,0,0,0,0,0,0,0,0,0,0,0,0,0,0,0,0,0,0,0,3346737,156,20,0,1980-01-06T03:07:44,1601678138.516353,2020-10-03T01:35:38
315965277,246376,0,0,0,0,0,0,0,0,0,0,4286341,0,0,0,0,0,0,0,0,0,0,0,0,0,0,0,0,0,0,0,0,0,0,0,0,3346737,228,20,0,1980-01-06T03:07:57,1601678151.5172448,2020-10-03T01:35:51
315965292,12006,0,0,0,0,0,0,0,0,0,0,4301341,0,0,0,0,0,0,0,0,0,0,0,0,0,0,0,0,0,0,0,0,0,0,0,0,3346737,48,20,0,1980-01-06T03:08:12,1601678165.508409,2020-10-03T01:36:05
315965305,793255,0,0,0,0,0,0,0,0,0,0,4315341,0,0,0,0,0,0,0,0,0,0,0,0,0,0,0,0,0,0,0,0,0,0,0,0,1250097,130,20,0,1980-01-06T03:08:25,1601678180.353669,2020-10-03T01:36:20
315965317,605755,0,0,0,0,0,0,0,0,0,0,4327341,0,0,0,0,0,0,0,0,0,0,0,0,0,0,0,0,0,0,0,0,0,0,0,0,1250097,208,20,0,1980-01-06T03:08:37,1601678193.733877,2020-10-03T01:36:33
315965332,371376,0,0,0,0,0,0,0,0,0,0,4342341,0,0,0,0,0,0,0,0,0,0,0,0,0,0,0,0,0,0,0,0,0,0,0,0,3346737,26,20,0,1980-01-06T03:08:52,1601678207.213897,2020-10-03T01:36:47
315965346,152627,0,0,0,0,0,0,0,0,0,0,4356341,0,0,0,0,0,0,0,0,0,0,0,0,0,0,0,0,0,0,0,0,0,0,0,0,3346737,108,20,0,1980-01-06T03:09:06,1601678221.8042998,2020-10-03T01:37:01
315965360,918255,0,0,0,0,0,0,0,0,0,0,4371341,0,0,0,0,0,0,0,0,0,0,0,0,0,0,0,0,0,0,0,0,0,0,0,0,1257777,185,20,0,1980-01-06T03:09:20,1601678236.65238,2020-10-03T01:37:16
315965375,683889,0,0,0,0,0,0,0,0,0,0,4386341,0,0,0,0,0,0,0,0,0,0,0,0,0,0,0,0,0,0,0,0,0,0,0,0,1257777,9,20,0,1980-01-06T03:09:35,1601678251.526533,2020-10-03T01:37:31
1601804322,914143,0,0,0,0,0,0,0,0,0,0,4404341,0,0,0,0,0,0,0,0,0,0,0,0,0,0,0,0,0,0,0,0,0,0,0,0,3347217,99,20,0,2020-10-04T12:38:42,1601678269.330185,2020-10-03T01:37:49
1601804340,907877,0,0,0,0,0,0,0,0,0,0,4422341,0,0,0,0,0,0,0,0,0,0,0,0,0,0,0,0,0,0,0,0,0,0,0,0,3346737,190,20,0,2020-10-04T12:39:00,1601678286.661821,2020-10-03T01:38:06
1601804358,952738,0,0,0,0,0,0,0,0,0,0,4440341,0,0,0,0,0,0,0,0,0,0,0,0,0,0,0,0,0,0,0,0,0,0,0,0,3346737,23,20,0,2020-10-04T12:39:18,1601678304.242348,2020-10-03T01:38:24
1601804375,941201,0,0,0,0,0,0,0,0,0,0,4457341,0,0,0,0,0,0,0,0,0,0,0,0,0,0,0,0,0,0,0,0,0,0,0,0,1250097,108,20,0,2020-10-04T12:39:35,1601678321.8895838,2020-10-03T01:38:41
1601804390,893544,0,0,0,0,0,0,0,0,0,0,4472341,0,0,0,0,0,0,0,0,0,0,0,0,0,0,0,0,0,0,0,0,0,0,0,0,1257777,194,20,0,2020-10-04T12:39:50,1601678337.4719,2020-10-03T01:38:57
1601804408,817723,0,0,0,0,0,0,0,0,0,0,4490341,0,0,0,0,0,0,0,0,0,0,0,0,0,0,0,0,0,0,0,0,0,0,0,0,1257777,27,20,0,2020-10-04T12:40:08,1601678354.609529,2020-10-03T01:39:14
1601804426,943343,0,0,0,0,0,0,0,0,0,0,4508341,0,0,0,0,0,0,0,0,0,0,0,0,0,0,0,0,0,0,0,0,0,0,0,0,3216177,118,20,0,2020-10-04T12:40:26,1601678372.7472038,2020-10-03T01:39:32
1601804444,936700,0,0,0,0,0,0,0,0,0,0,4526341,0,0,0,0,0,0,0,0,0,0,0,0,0,0,0,0,0,0,0,0,0,0,0,0,3346737,200,20,0,2020-10-04T12:40:44,1601678390.880169,2020-10-03T01:39:50
1601804459,821130,0,0,0,0,0,0,0,0,0,0,4541341,0,0,0,0,0,0,0,0,0,0,0,0,0,0,0,0,0,0,0,0,0,0,0,0,1250097,21,20,0,2020-10-04T12:40:59,1601678406.658777,2020-10-03T01:40:06
1601804477,759518,0,0,0,0,0,0,0,0,0,0,4559341,0,0,0,0,0,0,0,0,0,0,0,0,0,0,0,0,0,0,0,0,0,0,0,0,1257777,103,20,0,2020-10-04T12:41:17,1601678424.1130688,2020-10-03T01:40:24
1601804494,830134,0,0,0,0,0,0,0,0,0,0,4576341,0,0,0,0,0,0,0,0,0,0,0,0,0,0,0,0,0,0,0,0,0,0,0,0,1257777,185,20,0,2020-10-04T12:41:34,1601678441.439309,2020-10-03T01:40:41
1601804529,958464,0,0,0,0,0,0,0,0,0,0,4611341,0,0,0,0,0,0,0,0,0,0,0,0,0,0,0,0,0,0,0,0,0,0,0,0,3346737,85,20,0,2020-10-04T12:42:09,1601678476.5961928,2020-10-03T01:41:16
1601804547,934200,0,0,0,0,0,0,0,0,0,0,4629341,0,0,0,0,0,0,0,0,0,0,0,0,0,0,0,0,0,0,0,0,0,0,0,0,3346737,168,20,0,2020-10-04T12:42:27,1601678494.442828,2020-10-03T01:41:34
1601804565,816960,0,0,0,0,0,0,0,0,0,0,4647341,0,0,0,0,0,0,0,0,0,0,0,0,0,0,0,0,0,0,0,0,0,0,0,0,1250097,1,20,0,2020-10-04T12:42:45,1601678512.230881,2020-10-03T01:41:52
1601804582,936588,0,0,0,0,0,0,0,0,0,0,4664341,0,0,0,0,0,0,0,0,0,0,0,0,0,0,0,0,0,0,0,0,0,0,0,0,3354897,88,20,0,2020-10-04T12:43:02,1601678529.247501,2020-10-03T01:42:09
1601804600,929478,0,0,0,0,0,0,0,0,0,0,4682341,0,0,0,0,0,0,0,0,0,0,0,0,0,0,0,0,0,0,0,0,0,0,0,0,3216177,176,20,0,2020-10-04T12:43:20,1601678546.686272,2020-10-03T01:42:26
1601804617,921855,0,0,0,0,0,0,0,0,0,0,4699341,0,0,0,0,0,0,0,0,0,0,0,0,0,0,0,0,0,0,0,0,0,0,0,0,1250097,8,20,0,2020-10-04T12:43:37,1601678563.7542279,2020-10-03T01:42:43
1601804634,882722,0,0,0,0,0,0,0,0,0,0,4716341,0,0,0,0,0,0,0,0,0,0,0,0,0,0,0,0,0,0,0,0,0,0,0,0,3346737,103,20,0,2020-10-04T12:43:54,1601678581.6804318,2020-10-03T01:43:01
1601804650,942800,0,0,0,0,0,0,0,0,0,0,4732341,0,0,0,0,0,0,0,0,0,0,0,0,0,0,0,0,0,0,0,0,0,0,0,0,3346737,186,20,0,2020-10-04T12:44:10,1601678597.470569,2020-10-03T01:43:17
1601804668,952144,0,0,0,0,0,0,0,0,0,0,4750341,0,0,0,0,0,0,0,0,0,0,0,0,0,0,0,0,0,0,0,0,0,0,0,0,1250097,15,20,0,2020-10-04T12:44:28,1601678615.041913,2020-10-03T01:43:35
1601804684,945183,0,0,0,0,0,0,0,0,0,0,4766341,0,0,0,0,0,0,0,0,0,0,0,0,0,0,0,0,0,0,0,0,0,0,0,0,1257777,104,20,0,2020-10-04T12:44:44,1601678631.5938928,2020-10-03T01:43:51
1601804702,897910,0,0,0,0,0,0,0,0,0,0,4784341,0,0,0,0,0,0,0,0,0,0,0,0,0,0,0,0,0,0,0,0,0,0,0,0,1257777,194,20,0,2020-10-04T12:45:02,1601678649.3744,2020-10-03T01:44:09
1601804720,897222,0,0,0,0,0,0,0,0,0,0,4802341,0,0,0,0,0,0,0,0,0,0,0,0,0,0,0,0,0,0,0,0,0,0,0,0,3347217,28,20,0,2020-10-04T12:45:20,1601678666.731489,2020-10-03T01:44:26
1601804735,802302,0,0,0,0,0,0,0,0,0,0,4817341,0,0,0,0,0,0,0,0,0,0,0,0,0,0,0,0,0,0,0,0,0,0,0,0,3346737,117,20,0,2020-10-04T12:45:35,1601678682.892845,2020-10-03T01:44:42
1601804753,844513,0,0,0,0,0,0,0,0,0,0,4835341,0,0,0,0,0,0,0,0,0,0,0,0,0,0,0,0,0,0,0,0,0,0,0,0,1257777,198,20,0,2020-10-04T12:45:53,1601678700.5417888,2020-10-03T01:45:00
1601804770,948447,0,0,0,0,0,0,0,0,0,0,4852341,0,0,0,0,0,0,0,0,0,0,0,0,0,0,0,0,0,0,0,0,0,0,0,0,1250097,21,20,0,2020-10-04T12:46:10,1601678717.6027439,2020-10-03T01:45:17
1601804785,929224,0,0,0,0,0,0,0,0,0,0,4867341,0,0,0,0,0,0,0,0,0,0,0,0,0,0,0,0,0,0,0,0,0,0,0,0,1257777,103,20,0,2020-10-04T12:46:25,1601678732.594152,2020-10-03T01:45:32
1601804803,935145,0,0,0,0,0,0,0,0,0,0,4885341,0,0,0,0,0,0,0,0,0,0,0,0,0,0,0,0,0,0,0,0,0,0,0,0,3346737,195,20,0,2020-10-04T12:46:43,1601678750.311296,2020-10-03T01:45:50
1601804821,941635,0,0,0,0,0,0,0,0,0,0,4903341,0,0,0,0,0,0,0,0,0,0,0,0,0,0,0,0,0,0,0,0,0,0,0,0,1250097,33,20,0,2020-10-04T12:47:01,1601678768.445904,2020-10-03T01:46:08
1601804839,942368,0,0,0,0,0,0,0,0,0,0,4921341,0,0,0,0,0,0,0,0,0,0,0,0,0,0,0,0,0,0,0,0,0,0,0,0,1257777,121,20,0,2020-10-04T12:47:19,1601678786.179129,2020-10-03T01:46:26
1601804856,865045,0,0,0,0,0,0,0,0,0,0,4938341,0,0,0,0,0,0,0,0,0,0,0,0,0,0,0,0,0,0,0,0,0,0,0,0,1257777,209,20,0,2020-10-04T12:47:36,1601678803.1653,2020-10-03T01:46:43
1601804873,932243,0,0,0,0,0,0,0,0,0,0,4955341,0,0,0,0,0,0,0,0,0,0,0,0,0,0,0,0,0,0,0,0,0,0,0,0,3216177,40,20,0,2020-10-04T12:47:53,1601678820.6359608,2020-10-03T01:47:00
1601804890,934686,0,0,0,0,0,0,0,0,0,0,4972341,0,0,0,0,0,0,0,0,0,0,0,0,0,0,0,0,0,0,0,0,0,0,0,0,1250097,123,20,0,2020-10-04T12:48:10,1601678837.202272,2020-10-03T01:47:17
1601804908,937493,0,0,0,0,0,0,0,0,0,0,4990341,0,0,0,0,0,0,0,0,0,0,0,0,0,0,0,0,0,0,0,0,0,0,0,0,3346737,212,20,0,2020-10-04T12:48:28,1601678855.2345119,2020-10-03T01:47:35
1601804942,954123,0,0,0,0,0,0,0,0,0,0,5024341,0,0,0,0,0,0,0,0,0,0,0,0,0,0,0,0,0,0,0,0,0,0,0,0,1250097,131,20,0,2020-10-04T12:49:02,1601678889.333541,2020-10-03T01:48:09
1601804960,923839,0,0,0,0,0,0,0,0,0,0,5042341,0,0,0,0,0,0,0,0,0,0,0,0,0,0,0,0,0,0,0,0,0,0,0,0,1257777,222,20,0,2020-10-04T12:49:20,1601678907.224356,2020-10-03T01:48:27
1601804977,928523,0,0,0,0,0,0,0,0,0,0,5059341,0,0,0,0,0,0,0,0,0,0,0,0,0,0,0,0,0,0,0,0,0,0,0,0,3223857,53,20,0,2020-10-04T12:49:37,1601678924.3053758,2020-10-03T01:48:44
1601804995,938116,0,0,0,0,0,0,0,0,0,0,5077341,0,0,0,0,0,0,0,0,0,0,0,0,0,0,0,0,0,0,0,0,0,0,0,0,3224337,140,20,0,2020-10-04T12:49:55,1601678941.65392,2020-10-03T01:49:01
1601805013,858146,0,0,0,0,0,0,0,0,0,0,5095341,0,0,0,0,0,0,0,0,0,0,0,0,0,0,0,0,0,0,0,0,0,0,0,0,1127217,233,20,0,2020-10-04T12:50:13,1601678959.710657,2020-10-03T01:49:19
1601805045,881023,0,0,0,0,0,0,0,0,0,0,5127341,0,0,0,0,0,0,0,0,0,0,0,0,0,0,0,0,0,0,0,0,0,0,0,0,3346737,142,20,0,2020-10-04T12:50:45,1601678993.7974,2020-10-03T01:49:53
1601805063,705673,0,0,0,0,0,0,0,0,0,0,5145341,0,0,0,0,0,0,0,0,0,0,0,0,0,0,0,0,0,0,0,0,0,0,0,0,1127217,221,20,0,2020-10-04T12:51:03,1601679009.916769,2020-10-03T01:50:09
1601805080,527323,0,0,0,0,0,0,0,0,0,0,5162341,0,0,0,0,0,0,0,0,0,0,0,0,0,0,0,0,0,0,0,0,0,0,0,0,1257777,52,20,0,2020-10-04T12:51:20,1601679027.2908208,2020-10-03T01:50:27
1601805098,529792,0,0,0,0,0,0,0,0,0,0,5180341,0,0,0,0,0,0,0,0,0,0,0,0,0,0,0,0,0,0,0,0,0,0,0,0,3346737,147,20,0,2020-10-04T12:51:38,1601679045.250869,2020-10-03T01:50:45
1601805117,585000,0,0,0,0,0,0,0,0,0,0,5199341,0,0,0,0,0,0,0,0,0,0,0,0,0,0,0,0,0,0,0,0,0,0,0,0,3347217,238,20,0,2020-10-04T12:51:57,1601679063.6677089,2020-10-03T01:51:03
1601805135,456870,0,0,0,0,0,0,0,0,0,0,5217341,0,0,0,0,0,0,0,0,0,0,0,0,0,0,0,0,0,0,0,0,0,0,0,0,1257777,59,20,0,2020-10-04T12:52:15,1601679081.0779998,2020-10-03T01:51:21
1601805168,629610,0,0,0,0,0,0,0,0,0,0,5250341,0,0,0,0,0,0,0,0,0,0,0,0,0,0,0,0,0,0,0,0,0,0,0,0,3216177,217,20,0,2020-10-04T12:52:48,1601679115.561404,2020-10-03T01:51:55
1601805186,635934,0,0,0,0,0,0,0,0,0,0,5268341,0,0,0,0,0,0,0,0,0,0,0,0,0,0,0,0,0,0,0,0,0,0,0,0,3346737,43,20,0,2020-10-04T12:53:06,1601679133.3430328,2020-10-03T01:52:13
1601805204,637043,0,0,0,0,0,0,0,0,0,0,5286341,0,0,0,0,0,0,0,0,0,0,0,0,0,0,0,0,0,0,0,0,0,0,0,0,1127217,130,20,0,2020-10-04T12:53:24,1601679150.591693,2020-10-03T01:52:30
1601805221,693701,0,0,0,0,0,0,0,0,0,0,5303341,0,0,0,0,0,0,0,0,0,0,0,0,0,0,0,0,0,0,0,0,0,0,0,0,1257777,217,20,0,2020-10-04T12:53:41,1601679167.9960089,2020-10-03T01:52:47
1601805237,749088,0,0,0,0,0,0,0,0,0,0,5319341,0,0,0,0,0,0,0,0,0,0,0,0,0,0,0,0,0,0,0,0,0,0,0,0,1257777,45,20,0,2020-10-04T12:53:57,1601679184.225164,2020-10-03T01:53:04
1601805254,646871,0,0,0,0,0,0,0,0,0,0,5336341,0,0,0,0,0,0,0,0,0,0,0,0,0,0,0,0,0,0,0,0,0,0,0,0,3216177,136,20,0,2020-10-04T12:54:14,1601679202.037632,2020-10-03T01:53:22
1601805272,669136,0,0,0,0,0,0,0,0,0,0,5354341,0,0,0,0,0,0,0,0,0,0,0,0,0,0,0,0,0,0,0,0,0,0,0,0,1257777,221,20,0,2020-10-04T12:54:32,1601679219.111109,2020-10-03T01:53:39
1601805289,859027,0,0,0,0,0,0,0,0,0,0,5371341,0,0,0,0,0,0,0,0,0,0,0,0,0,0,0,0,0,0,0,0,0,0,0,0,3223857,60,20,0,2020-10-04T12:54:49,1601679236.743144,2020-10-03T01:53:56
1601805307,896242,0,0,0,0,0,0,0,0,0,0,5389341,0,0,0,0,0,0,0,0,0,0,0,0,0,0,0,0,0,0,0,0,0,0,0,0,3216177,147,20,0,2020-10-04T12:55:07,1601679254.231884,2020-10-03T01:54:14
1601805372,924422,0,0,0,0,0,0,0,0,0,0,5454341,0,0,0,0,0,0,0,0,0,0,0,0,0,0,0,0,0,0,0,0,0,0,0,0,1257777,95,20,0,2020-10-04T12:56:12,1601679319.229312,2020-10-03T01:55:19
1601805400,927442,0,0,0,0,0,0,0,0,0,0,5482341,0,0,0,0,0,0,0,0,0,0,0,0,0,0,0,0,0,0,0,0,0,0,0,0,3346705,184,20,0,2020-10-04T12:56:40,1601679350.898145,2020-10-03T01:55:50
1601805436,908322,0,0,0,0,0,0,0,0,0,0,5518341,0,0,0,0,0,0,0,0,0,0,0,0,0,0,0,0,0,0,0,0,0,0,0,0,1118481,18,20,0,2020-10-04T12:57:16,1601679382.625428,2020-10-03T01:56:22
1601805467,931479,0,0,0,0,0,0,0,0,0,0,5549341,0,0,0,0,0,0,0,0,0,0,0,0,0,0,0,0,0,0,0,0,0,0,0,0,1118481,106,20,0,2020-10-04T12:57:47,1601679413.718325,2020-10-03T01:56:53
1601805498,920768,0,0,0,0,0,0,0,0,0,0,5580341,0,0,0,0,0,0,0,0,0,0,0,0,0,0,0,0,0,0,0,0,0,0,0,0,3215633,199,20,0,2020-10-04T12:58:18,1601679445.444576,2020-10-03T01:57:25
1601805526,931835,0,0,0,0,0,0,0,0,0,0,5608341,0,0,0,0,0,0,0,0,0,0,0,0,0,0,0,0,0,0,0,0,0,0,0,0,1118481,21,20,0,2020-10-04T12:58:46,1601679473.493888,2020-10-03T01:57:53
1601805589,934746,0,0,0,0,0,0,0,0,0,0,5671341,0,0,0,0,0,0,0,0,0,0,0,0,0,0,0,0,0,0,0,0,0,0,0,0,1118481,167,20,0,2020-10-04T12:59:49,1601679536.389153,2020-10-03T01:58:56
1601805715,960647,0,0,0,0,0,0,0,0,0,0,5797341,0,0,0,0,0,0,0,0,0,0,0,0,0,0,0,0,0,0,0,0,0,0,0,0,1118481,221,20,0,2020-10-04T13:01:55,1601679662.325248,2020-10-03T02:01:02
1601805746,915350,0,0,0,0,0,0,0,0,0,0,5828341,0,0,0,0,0,0,0,0,0,0,0,0,0,0,0,0,0,0,0,0,0,0,0,0,1118481,27,20,0,2020-10-04T13:02:26,1601679692.706529,2020-10-03T02:01:32
1601805809,910506,0,0,0,0,0,0,0,0,0,0,5891341,0,0,0,0,0,0,0,0,0,0,0,0,0,0,0,0,0,0,0,0,0,0,0,0,1118481,181,20,0,2020-10-04T13:03:29,1601679756.28538,2020-10-03T02:02:36
1601805904,887769,0,0,0,0,0,0,0,0,0,0,5986341,0,0,0,0,0,0,0,0,0,0,0,0,0,0,0,0,0,0,0,0,0,0,0,0,1257777,117,20,0,2020-10-04T13:05:04,1601679851.465993,2020-10-03T02:04:11
1601805935,928853,0,0,0,0,0,0,0,0,0,0,6017341,0,0,0,0,0,0,0,0,0,0,0,0,0,0,0,0,0,0,0,0,0,0,0,0,1258257,192,20,0,2020-10-04T13:05:35,1601679882.8384528,2020-10-03T02:04:42
1601805999,908282,0,0,0,0,0,0,0,0,0,0,6081341,0,0,0,0,0,0,0,0,0,0,0,0,0,0,0,0,0,0,0,0,0,0,0,0,1258257,59,20,0,2020-10-04T13:06:39,1601679946.0631769,2020-10-03T02:05:46
1601806124,903342,0,0,0,0,0,0,0,0,0,0,6206341,0,0,0,0,0,0,0,0,0,0,0,0,0,0,0,0,0,0,0,0,0,0,0,0,1258257,216,20,0,2020-10-04T13:08:44,1601680070.806661,2020-10-03T02:07:50
1601806156,904228,0,0,0,0,0,0,0,0,0,0,6238341,0,0,0,0,0,0,0,0,0,0,0,0,0,0,0,0,0,0,0,0,0,0,0,0,1258257,55,20,0,2020-10-04T13:09:16,1601680102.6789079,2020-10-03T02:08:22
1601806187,902476,0,0,0,0,0,0,0,0,0,0,6269341,0,0,0,0,0,0,0,0,0,0,0,0,0,0,0,0,0,0,0,0,0,0,0,0,1258257,148,20,0,2020-10-04T13:09:47,1601680133.961376,2020-10-03T02:08:53
1601806219,900980,0,0,0,0,0,0,0,0,0,0,6301341,0,0,0,0,0,0,0,0,0,0,0,0,0,0,0,0,0,0,0,0,0,0,0,0,1257777,237,20,0,2020-10-04T13:10:19,1601680165.648476,2020-10-03T02:09:25
1601806250,896163,0,0,0,0,0,0,0,0,0,0,6332341,0,0,0,0,0,0,0,0,0,0,0,0,0,0,0,0,0,0,0,0,0,0,0,0,1258257,73,20,0,2020-10-04T13:10:50,1601680196.7586448,2020-10-03T02:09:56
1601806281,899861,0,0,0,0,0,0,0,0,0,0,6363341,0,0,0,0,0,0,0,0,0,0,0,0,0,0,0,0,0,0,0,0,0,0,0,0,1257777,166,20,0,2020-10-04T13:11:21,1601680228.123685,2020-10-03T02:10:28
1601806312,900939,0,0,0,0,0,0,0,0,0,0,6394341,0,0,0,0,0,0,0,0,0,0,0,0,0,0,0,0,0,0,0,0,0,0,0,0,1258257,254,20,0,2020-10-04T13:11:52,1601680259.5470679,2020-10-03T02:10:59
1601806344,896501,0,0,0,0,0,0,0,0,0,0,6426341,0,0,0,0,0,0,0,0,0,0,0,0,0,0,0,0,0,0,0,0,0,0,0,0,1258257,90,20,0,2020-10-04T13:12:24,1601680290.9358928,2020-10-03T02:11:30
1601806375,898078,0,0,0,0,0,0,0,0,0,0,6457341,0,0,0,0,0,0,0,0,0,0,0,0,0,0,0,0,0,0,0,0,0,0,0,0,1258257,186,20,0,2020-10-04T13:12:55,1601680321.872381,2020-10-03T02:12:01
1601806407,902343,0,0,0,0,0,0,0,0,0,0,6489341,0,0,0,0,0,0,0,0,0,0,0,0,0,0,0,0,0,0,0,0,0,0,0,0,1258257,18,20,0,2020-10-04T13:13:27,1601680353.615553,2020-10-03T02:12:33
1601806438,896157,0,0,0,0,0,0,0,0,0,0,6520341,0,0,0,0,0,0,0,0,0,0,0,0,0,0,0,0,0,0,0,0,0,0,0,0,1257777,108,20,0,2020-10-04T13:13:58,1601680385.15908,2020-10-03T02:13:05
1601806469,897715,0,0,0,0,0,0,0,0,0,0,6551341,0,0,0,0,0,0,0,0,0,0,0,0,0,0,0,0,0,0,0,0,0,0,0,0,1258257,199,20,0,2020-10-04T13:14:29,1601680416.01488,2020-10-03T02:13:36
1601806501,853628,0,0,0,0,0,0,0,0,0,0,6583341,0,0,0,0,0,0,0,0,0,0,0,0,0,0,0,0,0,0,0,0,0,0,0,0,1257777,33,20,0,2020-10-04T13:15:01,1601680447.825341,2020-10-03T02:14:07
1601806524,588858,0,0,0,0,0,0,0,0,0,0,6606341,0,0,0,0,0,0,0,0,0,0,0,0,0,0,0,0,0,0,0,0,0,0,0,0,1258257,109,20,0,2020-10-04T13:15:24,1601680471.2122328,2020-10-03T02:14:31
1601806551,166991,0,0,0,0,0,0,0,0,0,0,6633341,0,0,0,0,0,0,0,0,0,0,0,0,0,0,0,0,0,0,0,0,0,0,0,0,1257777,191,20,0,2020-10-04T13:15:51,1601680498.211148,2020-10-03T02:14:58
1601806576,760745,0,0,0,0,0,0,0,0,0,0,6659341,0,0,0,0,0,0,0,0,0,0,0,0,0,0,0,0,0,0,0,0,0,0,0,0,1258257,18,20,0,2020-10-04T13:16:16,1601680524.490685,2020-10-03T02:15:24
1601806603,338866,0,0,0,0,0,0,0,0,0,0,6686341,0,0,0,0,0,0,0,0,0,0,0,0,0,0,0,0,0,0,0,0,0,0,0,0,1258257,101,20,0,2020-10-04T13:16:43,1601680550.7487369,2020-10-03T02:15:50
1601806628,932616,0,0,0,0,0,0,0,0,0,0,6712341,0,0,0,0,0,0,0,0,0,0,0,0,0,0,0,0,0,0,0,0,0,0,0,0,1257777,179,20,0,2020-10-04T13:17:08,1601680576.999212,2020-10-03T02:16:16
1601806654,526358,0,0,0,0,0,0,0,0,0,0,6738341,0,0,0,0,0,0,0,0,0,0,0,0,0,0,0,0,0,0,0,0,0,0,0,0,1258257,6,20,0,2020-10-04T13:17:34,1601680603.022528,2020-10-03T02:16:43
1601806681,104487,0,0,0,0,0,0,0,0,0,0,6765341,0,0,0,0,0,0,0,0,0,0,0,0,0,0,0,0,0,0,0,0,0,0,0,0,1257777,83,20,0,2020-10-04T13:18:01,1601680629.5990999,2020-10-03T02:17:09
1601806702,760741,0,0,0,0,0,0,0,0,0,0,6787341,0,0,0,0,0,0,0,0,0,0,0,0,0,0,0,0,0,0,0,0,0,0,0,0,1258257,164,20,0,2020-10-04T13:18:22,1601680656.712532,2020-10-03T02:17:36
1601806730,323237,0,0,0,0,0,0,0,0,0,0,6815341,0,0,0,0,0,0,0,0,0,0,0,0,0,0,0,0,0,0,0,0,0,0,0,0,1258257,245,20,0,2020-10-04T13:18:50,1601680680.2562358,2020-10-03T02:18:00
1601806755,916983,0,0,0,0,0,0,0,0,0,0,6841341,0,0,0,0,0,0,0,0,0,0,0,0,0,0,0,0,0,0,0,0,0,0,0,0,1257777,72,20,0,2020-10-04T13:19:15,1601680706.495549,2020-10-03T02:18:26
1601806782,495116,0,0,0,0,0,0,0,0,0,0,6868341,0,0,0,0,0,0,0,0,0,0,0,0,0,0,0,0,0,0,0,0,0,0,0,0,3347217,155,20,0,2020-10-04T13:19:42,1601680733.149225,2020-10-03T02:18:53
1601806834,666992,0,0,0,0,0,0,0,0,0,0,6921341,0,0,0,0,0,0,0,0,0,0,0,0,0,0,0,0,0,0,0,0,0,0,0,0,1257777,51,20,0,2020-10-04T13:20:34,1601680786.050021,2020-10-03T02:19:46
1601806860,260746,0,0,0,0,0,0,0,0,0,0,6947341,0,0,0,0,0,0,0,0,0,0,0,0,0,0,0,0,0,0,0,0,0,0,0,0,1250097,131,20,0,2020-10-04T13:21:00,1601680812.265745,2020-10-03T02:20:12
1601806892,224222,0,0,0,0,0,0,0,0,0,0,6979341,0,0,0,0,0,0,0,0,0,0,0,0,0,0,0,0,0,0,0,0,0,0,0,0,3346737,206,20,0,2020-10-04T13:21:32,1601680843.7171369,2020-10-03T02:20:43
1601806923,708597,0,0,0,0,0,0,0,0,0,0,7010341,0,0,0,0,0,0,0,0,0,0,0,0,0,0,0,0,0,0,0,0,0,0,0,0,3347217,43,20,0,2020-10-04T13:22:03,1601680874.7159839,2020-10-03T02:21:14
1601806955,192964,0,0,0,0,0,0,0,0,0,0,7041341,0,0,0,0,0,0,0,0,0,0,0,0,0,0,0,0,0,0,0,0,0,0,0,0,3216177,130,20,0,2020-10-04T13:22:35,1601680906.153308,2020-10-03T02:21:46
1601806987,692972,0,0,0,0,0,0,0,0,0,0,7073341,0,0,0,0,0,0,0,0,0,0,0,0,0,0,0,0,0,0,0,0,0,0,0,0,3216177,219,20,0,2020-10-04T13:23:07,1601680937.697201,2020-10-03T02:22:17
1601807016,130472,0,0,0,0,0,0,0,0,0,0,7101341,0,0,0,0,0,0,0,0,0,0,0,0,0,0,0,0,0,0,0,0,0,0,0,0,3216177,55,20,0,2020-10-04T13:23:36,1601680969.4710078,2020-10-03T02:22:49
1601807051,677344,0,0,0,0,0,0,0,0,0,0,7136341,0,0,0,0,0,0,0,0,0,0,0,0,0,0,0,0,0,0,0,0,0,0,0,0,3223857,148,20,0,2020-10-04T13:24:11,1601681000.798297,2020-10-03T02:23:20
1601807084,177343,0,0,0,0,0,0,0,0,0,0,7168341,0,0,0,0,0,0,0,0,0,0,0,0,0,0,0,0,0,0,0,0,0,0,0,0,3216177,235,20,0,2020-10-04T13:24:44,1601681032.708824,2020-10-03T02:23:52
1601807115,661714,0,0,0,0,0,0,0,0,0,0,7199341,0,0,0,0,0,0,0,0,0,0,0,0,0,0,0,0,0,0,0,0,0,0,0,0,3223857,68,20,0,2020-10-04T13:25:15,1601681064.331224,2020-10-03T02:24:24
1601807147,146089,0,0,0,0,0,0,0,0,0,0,7230341,0,0,0,0,0,0,0,0,0,0,0,0,0,0,0,0,0,0,0,0,0,0,0,0,3216177,157,20,0,2020-10-04T13:25:47,1601681095.508004,2020-10-03T02:24:55
1601807179,646090,0,0,0,0,0,0,0,0,0,0,7262341,0,0,0,0,0,0,0,0,0,0,0,0,0,0,0,0,0,0,0,0,0,0,0,0,3216177,247,20,0,2020-10-04T13:26:19,1601681126.335636,2020-10-03T02:25:26
1601807211,130468,0,0,0,0,0,0,0,0,0,0,7293341,0,0,0,0,0,0,0,0,0,0,0,0,0,0,0,0,0,0,0,0,0,0,0,0,3223857,78,20,0,2020-10-04T13:26:51,1601681158.139684,2020-10-03T02:25:58
1601807243,630464,0,0,0,0,0,0,0,0,0,0,7325341,0,0,0,0,0,0,0,0,0,0,0,0,0,0,0,0,0,0,0,0,0,0,0,0,1127217,166,20,0,2020-10-04T13:27:23,1601681189.595589,2020-10-03T02:26:29
1601807274,780541,0,0,0,0,0,0,0,0,0,0,7356341,0,0,0,0,0,0,0,0,0,0,0,0,0,0,0,0,0,0,0,0,0,0,0,0,3223857,254,20,0,2020-10-04T13:27:54,1601681221.132181,2020-10-03T02:27:01
1601807306,877575,0,0,0,0,0,0,0,0,0,0,7388341,0,0,0,0,0,0,0,0,0,0,0,0,0,0,0,0,0,0,0,0,0,0,0,0,1127217,91,20,0,2020-10-04T13:28:26,1601681252.7055168,2020-10-03T02:27:32
1601807365,874163,0,0,0,0,0,0,0,0,0,0,7447341,0,0,0,0,0,0,0,0,0,0,0,0,0,0,0,0,0,0,0,0,0,0,0,0,1118513,14,20,0,2020-10-04T13:29:25,1601681312.384724,2020-10-03T02:28:32
1601807396,880563,0,0,0,0,0,0,0,0,0,0,7478341,0,0,0,0,0,0,0,0,0,0,0,0,0,0,0,0,0,0,0,0,0,0,0,0,1118481,107,20,0,2020-10-04T13:29:56,1601681343.827049,2020-10-03T02:29:03
1601807428,865109,0,0,0,0,0,0,0,0,0,0,7510341,0,0,0,0,0,0,0,0,0,0,0,0,0,0,0,0,0,0,0,0,0,0,0,0,1118481,200,20,0,2020-10-04T13:30:28,1601681375.359676,2020-10-03T02:29:35
1601807459,883765,0,0,0,0,0,0,0,0,0,0,7541341,0,0,0,0,0,0,0,0,0,0,0,0,0,0,0,0,0,0,0,0,0,0,0,0,1118481,40,20,0,2020-10-04T13:30:59,1601681406.8817239,2020-10-03T02:30:06
1601807481,869559,0,0,0,0,0,0,0,0,0,0,7563341,0,0,0,0,0,0,0,0,0,0,0,0,0,0,0,0,0,0,0,0,0,0,0,0,1118481,133,20,0,2020-10-04T13:31:21,1601681428.63552,2020-10-03T02:30:28
1601807499,876490,0,0,0,0,0,0,0,0,0,0,7581341,0,0,0,0,0,0,0,0,0,0,0,0,0,0,0,0,0,0,0,0,0,0,0,0,1118481,218,20,0,2020-10-04T13:31:39,1601681445.2412488,2020-10-03T02:30:45
1601807516,855429,0,0,0,0,0,0,0,0,0,0,7598341,0,0,0,0,0,0,0,0,0,0,0,0,0,0,0,0,0,0,0,0,0,0,0,0,1118481,56,20,0,2020-10-04T13:31:56,1601681463.269337,2020-10-03T02:31:03
1601807533,877233,0,0,0,0,0,0,0,0,0,0,7615341,0,0,0,0,0,0,0,0,0,0,0,0,0,0,0,0,0,0,0,0,0,0,0,0,1118481,149,20,0,2020-10-04T13:32:13,1601681480.4213479,2020-10-03T02:31:20
1601807551,874348,0,0,0,0,0,0,0,0,0,0,7633341,0,0,0,0,0,0,0,0,0,0,0,0,0,0,0,0,0,0,0,0,0,0,0,0,1118481,237,20,0,2020-10-04T13:32:31,1601681497.712421,2020-10-03T02:31:37
1601807569,873137,0,0,0,0,0,0,0,0,0,0,7651341,0,0,0,0,0,0,0,0,0,0,0,0,0,0,0,0,0,0,0,0,0,0,0,0,1118481,73,20,0,2020-10-04T13:32:49,1601681515.674437,2020-10-03T02:31:55
1601807584,876295,0,0,0,0,0,0,0,0,0,0,7666341,0,0,0,0,0,0,0,0,0,0,0,0,0,0,0,0,0,0,0,0,0,0,0,0,1118481,163,20,0,2020-10-04T13:33:04,1601681532.793084,2020-10-03T02:32:12
1601807601,873302,0,0,0,0,0,0,0,0,0,0,7683341,0,0,0,0,0,0,0,0,0,0,0,0,0,0,0,0,0,0,0,0,0,0,0,0,1118481,251,20,0,2020-10-04T13:33:21,1601681549.790124,2020-10-03T02:32:29
1601807621,810880,0,0,0,0,0,0,0,0,0,0,7703341,0,0,0,0,0,0,0,0,0,0,0,0,0,0,0,0,0,0,0,0,0,0,0,0,1118481,87,20,0,2020-10-04T13:33:41,1601681567.330968,2020-10-03T02:32:47
1601807638,827447,0,0,0,0,0,0,0,0,0,0,7720341,0,0,0,0,0,0,0,0,0,0,0,0,0,0,0,0,0,0,0,0,0,0,0,0,1118481,184,20,0,2020-10-04T13:33:58,1601681584.5460799,2020-10-03T02:33:04
1601807654,866318,0,0,0,0,0,0,0,0,0,0,7736341,0,0,0,0,0,0,0,0,0,0,0,0,0,0,0,0,0,0,0,0,0,0,0,0,1118481,22,20,0,2020-10-04T13:34:14,1601681602.448108,2020-10-03T02:33:22
1601807671,872842,0,0,0,0,0,0,0,0,0,0,7753341,0,0,0,0,0,0,0,0,0,0,0,0,0,0,0,0,0,0,0,0,0,0,0,0,1118481,112,20,0,2020-10-04T13:34:31,1601681619.2178478,2020-10-03T02:33:39
1601807707,867738,0,0,0,0,0,0,0,0,0,0,7789341,0,0,0,0,0,0,0,0,0,0,0,0,0,0,0,0,0,0,0,0,0,0,0,0,1118481,29,20,0,2020-10-04T13:35:07,1601681654.063561,2020-10-03T02:34:14
1601807725,866803,0,0,0,0,0,0,0,0,0,0,7807341,0,0,0,0,0,0,0,0,0,0,0,0,0,0,0,0,0,0,0,0,0,0,0,0,1118481,121,20,0,2020-10-04T13:35:25,1601681671.5960279,2020-10-03T02:34:31
1601807743,863432,0,0,0,0,0,0,0,0,0,0,7825341,0,0,0,0,0,0,0,0,0,0,0,0,0,0,0,0,0,0,0,0,0,0,0,0,1118481,213,20,0,2020-10-04T13:35:43,1601681689.683192,2020-10-03T02:34:49
1601807758,865565,0,0,0,0,0,0,0,0,0,0,7840341,0,0,0,0,0,0,0,0,0,0,0,0,0,0,0,0,0,0,0,0,0,0,0,0,1118481,47,20,0,2020-10-04T13:35:58,1601681707.1149518,2020-10-03T02:35:07
1601807776,865790,0,0,0,0,0,0,0,0,0,0,7858341,0,0,0,0,0,0,0,0,0,0,0,0,0,0,0,0,0,0,0,0,0,0,0,0,1118481,138,20,0,2020-10-04T13:36:16,1601681723.9600768,2020-10-03T02:35:23
1601807794,867588,0,0,0,0,0,0,0,0,0,0,7876341,0,0,0,0,0,0,0,0,0,0,0,0,0,0,0,0,0,0,0,0,0,0,0,0,1118481,230,20,0,2020-10-04T13:36:34,1601681741.420444,2020-10-03T02:35:41
