time_s,time_us,current,voltage,seq,srcSystem,srcComponent,time_gregorian,log_timestamp,log_timestamp_gregorian
1601800041,103000,0.00054931640625,8.100000381469727,0,12,0,2020-10-04T11:27:21,1601673969.745477,2020-10-03T00:26:09
1601800055,690000,0.00054931640625,8.104000091552734,50,12,0,2020-10-04T11:27:35,1601673987.0743558,2020-10-03T00:26:27
1601800072,864000,0.00054931640625,8.100000381469727,95,12,0,2020-10-04T11:27:52,1601674001.817452,2020-10-03T00:26:41
1601800091,340000,0.00054931640625,8.100000381469727,142,12,0,2020-10-04T11:28:11,1601674019.677665,2020-10-03T00:26:59
1601800104,697000,0.00054931640625,8.100000381469727,183,12,0,2020-10-04T11:28:24,1601674033.703112,2020-10-03T00:27:13
1601800119,493000,0.000640869140625,8.088000297546387,229,12,0,2020-10-04T11:28:39,1601674050.682833,2020-10-03T00:27:30
1601800136,665000,0.00054931640625,8.100000381469727,19,12,0,2020-10-04T11:28:56,1601674065.842525,2020-10-03T00:27:45
1601800151,292000,0.000640869140625,8.067999839782715,62,12,0,2020-10-04T11:29:11,1601674082.810613,2020-10-03T00:28:02
1601800168,465000,0.00054931640625,8.100000381469727,106,12,0,2020-10-04T11:29:28,1601674097.5683448,2020-10-03T00:28:17
1601800182,592000,0.000762939453125,8.067999839782715,153,12,0,2020-10-04T11:29:42,1601674114.338304,2020-10-03T00:28:34
1601800199,766000,0.00054931640625,8.095999717712402,200,12,0,2020-10-04T11:29:59,1601674128.991057,2020-10-03T00:28:48
1601800216,756000,0.00054931640625,8.095999717712402,246,12,0,2020-10-04T11:30:16,1601674145.76748,2020-10-03T00:29:05
1601800231,71000,0.000762939453125,8.0600004196167,34,12,0,2020-10-04T11:30:31,1601674160.3833609,2020-10-03T00:29:20
1601800244,243000,0.000579833984375,8.095999717712402,78,12,0,2020-10-04T11:30:44,1601674174.5517678,2020-10-03T00:29:34
1601800263,139000,0.00054931640625,8.095999717712402,126,12,0,2020-10-04T11:31:03,1601674192.5661519,2020-10-03T00:29:52
1601800275,545000,0.00054931640625,8.092000007629395,174,12,0,2020-10-04T11:31:15,1601674209.793393,2020-10-03T00:30:09
1601800293,488000,0.00054931640625,8.092000007629395,220,12,0,2020-10-04T11:31:33,1601674223.810349,2020-10-03T00:30:23
1601800310,668000,0.00054931640625,8.092000007629395,13,12,0,2020-10-04T11:31:50,1601674241.7357528,2020-10-03T00:30:41
1601800325,746000,0.000762939453125,8.0600004196167,57,12,0,2020-10-04T11:32:05,1601674256.193677,2020-10-03T00:30:56
1601800341,971000,0.000579833984375,8.092000007629395,103,12,0,2020-10-04T11:32:21,1601674273.737665,2020-10-03T00:31:13
1601800357,47000,0.00054931640625,8.092000007629395,144,12,0,2020-10-04T11:32:37,1601674287.8050568,2020-10-03T00:31:27
1601800370,411000,0.000762939453125,8.055999755859375,191,12,0,2020-10-04T11:32:50,1601674305.541637,2020-10-03T00:31:45
1601800388,350000,0.000762939453125,8.055999755859375,236,12,0,2020-10-04T11:33:08,1601674319.5949838,2020-10-03T00:31:59
1601800405,533000,0.00054931640625,8.092000007629395,26,12,0,2020-10-04T11:33:25,1601674337.849284,2020-10-03T00:32:17
1601800419,654000,0.00054931640625,8.092000007629395,75,12,0,2020-10-04T11:33:39,1601674351.9020119,2020-10-03T00:32:31
1601800436,839000,0.00054931640625,8.088000297546387,123,12,0,2020-10-04T11:33:56,1601674369.838649,2020-10-03T00:32:49
1601800450,960000,0.00054931640625,8.088000297546387,170,12,0,2020-10-04T11:34:10,1601674384.0813,2020-10-03T00:33:04
1601800468,141000,0.00054931640625,8.088000297546387,213,12,0,2020-10-04T11:34:28,1601674401.360889,2020-10-03T00:33:21
1601800482,264000,0.000579833984375,8.088000297546387,0,12,0,2020-10-04T11:34:42,1601674415.298157,2020-10-03T00:33:35
1601800498,490000,0.00054931640625,8.088000297546387,47,12,0,2020-10-04T11:34:58,1601674432.693568,2020-10-03T00:33:52
1601800516,428000,0.00054931640625,8.088000297546387,91,12,0,2020-10-04T11:35:16,1601674449.578444,2020-10-03T00:34:09
1601800530,744000,0.00054931640625,8.088000297546387,140,12,0,2020-10-04T11:35:30,1601674464.7815678,2020-10-03T00:34:24
1601800547,728000,0.000579833984375,8.088000297546387,188,12,0,2020-10-04T11:35:47,1601674482.463364,2020-10-03T00:34:42
1601800561,89000,0.00054931640625,8.088000297546387,232,12,0,2020-10-04T11:36:01,1601674496.019188,2020-10-03T00:34:56
1601800579,28000,0.00054931640625,8.088000297546387,20,12,0,2020-10-04T11:36:19,1601674514.40166,2020-10-03T00:35:14
1601800592,390000,0.00054931640625,8.088000297546387,66,12,0,2020-10-04T11:36:32,1601674531.408232,2020-10-03T00:35:31
1601800610,331000,0.00054931640625,8.083999633789062,112,12,0,2020-10-04T11:36:50,1601674546.325665,2020-10-03T00:35:46
1601800624,648000,0.000640869140625,8.064000129699707,159,12,0,2020-10-04T11:37:04,1601674560.304096,2020-10-03T00:36:00
1601800642,589000,0.00054931640625,8.083999633789062,201,12,0,2020-10-04T11:37:22,1601674578.0726478,2020-10-03T00:36:18
1601800654,999000,0.00054931640625,8.083999633789062,248,12,0,2020-10-04T11:37:34,1601674595.1368358,2020-10-03T00:36:35
1601800673,893000,0.00054931640625,8.083999633789062,38,12,0,2020-10-04T11:37:53,1601674610.622473,2020-10-03T00:36:50
1601800687,258000,0.000762939453125,8.04800033569336,82,12,0,2020-10-04T11:38:07,1601674627.0375838,2020-10-03T00:37:07
1601800705,198000,0.00054931640625,8.079999923706055,128,12,0,2020-10-04T11:38:25,1601674642.275081,2020-10-03T00:37:22
1601800718,559000,0.000762939453125,8.052000045776367,176,12,0,2020-10-04T11:38:38,1601674658.422329,2020-10-03T00:37:38
1601800736,497000,0.00054931640625,8.079999923706055,222,12,0,2020-10-04T11:38:56,1601674674.040984,2020-10-03T00:37:54
1601800749,862000,0.00054931640625,8.079999923706055,11,12,0,2020-10-04T11:39:09,1601674688.162092,2020-10-03T00:38:08
1601800768,756000,0.00054931640625,8.079999923706055,59,12,0,2020-10-04T11:39:28,1601674706.721936,2020-10-03T00:38:26
1601800781,922000,0.00054931640625,8.076000213623047,106,12,0,2020-10-04T11:39:41,1601674723.233312,2020-10-03T00:38:43
1601800800,59000,0.00054931640625,8.076000213623047,152,12,0,2020-10-04T11:40:00,1601674738.904296,2020-10-03T00:38:58
1601800813,228000,0.00054931640625,8.076000213623047,197,12,0,2020-10-04T11:40:13,1601674755.37288,2020-10-03T00:39:15
1601800830,407000,0.00054931640625,8.076000213623047,243,12,0,2020-10-04T11:40:30,1601674770.3964,2020-10-03T00:39:30
1601800844,524000,0.000579833984375,8.071999549865723,33,12,0,2020-10-04T11:40:44,1601674786.585017,2020-10-03T00:39:46
1601800862,658000,0.00054931640625,8.071999549865723,79,12,0,2020-10-04T11:41:02,1601674802.20008,2020-10-03T00:40:02
1601800876,780000,0.00054931640625,8.071999549865723,120,12,0,2020-10-04T11:41:16,1601674816.1035168,2020-10-03T00:40:16
1601800893,958000,0.000579833984375,8.067999839782715,168,12,0,2020-10-04T11:41:33,1601674833.736788,2020-10-03T00:40:33
1601800908,80000,0.00054931640625,8.071999549865723,213,12,0,2020-10-04T11:41:48,1601674851.1045249,2020-10-03T00:40:51
1601800925,316000,0.00054931640625,8.067999839782715,3,12,0,2020-10-04T11:42:05,1601674866.650528,2020-10-03T00:41:06
1601800940,392000,0.00054931640625,8.067999839782715,48,12,0,2020-10-04T11:42:20,1601674881.058109,2020-10-03T00:41:21
1601800957,569000,0.00054931640625,8.067999839782715,91,12,0,2020-10-04T11:42:37,1601674898.188396,2020-10-03T00:41:38
1601800971,689000,0.00054931640625,8.067999839782715,136,12,0,2020-10-04T11:42:51,1601674913.067956,2020-10-03T00:41:53
1601800988,867000,0.00054931640625,8.067999839782715,186,12,0,2020-10-04T11:43:08,1601674930.875928,2020-10-03T00:42:10
1601801002,986000,0.00054931640625,8.067999839782715,230,12,0,2020-10-04T11:43:22,1601674944.7644439,2020-10-03T00:42:24
1601801020,163000,0.00054931640625,8.064000129699707,22,12,0,2020-10-04T11:43:40,1601674962.822317,2020-10-03T00:42:42
1601801034,285000,0.00054931640625,8.064000129699707,64,12,0,2020-10-04T11:43:54,1601674976.232744,2020-10-03T00:42:56
1601801051,461000,0.00054931640625,8.064000129699707,112,12,0,2020-10-04T11:44:11,1601674993.552729,2020-10-03T00:43:13
1601801065,584000,0.00054931640625,8.064000129699707,158,12,0,2020-10-04T11:44:25,1601675008.166401,2020-10-03T00:43:28
1601801082,757000,0.00054931640625,8.0600004196167,206,12,0,2020-10-04T11:44:42,1601675025.808881,2020-10-03T00:43:45
1601801095,924000,0.00054931640625,8.0600004196167,251,12,0,2020-10-04T11:44:55,1601675039.5204248,2020-10-03T00:43:59
1601801113,102000,0.00054931640625,8.0600004196167,44,12,0,2020-10-04T11:45:13,1601675057.2767448,2020-10-03T00:44:17
1601801131,41000,0.00054931640625,8.0600004196167,94,12,0,2020-10-04T11:45:31,1601675074.994521,2020-10-03T00:44:34
1601801144,400000,0.00054931640625,8.0600004196167,139,12,0,2020-10-04T11:45:44,1601675089.403445,2020-10-03T00:44:49
1601801162,340000,0.00054931640625,8.055999755859375,186,12,0,2020-10-04T11:46:02,1601675106.025497,2020-10-03T00:45:06
1601801176,648000,0.00054931640625,8.055999755859375,232,12,0,2020-10-04T11:46:16,1601675121.987577,2020-10-03T00:45:21
1601801190,772000,0.00054931640625,8.055999755859375,19,12,0,2020-10-04T11:46:30,1601675138.3653998,2020-10-03T00:45:38
1601801207,950000,0.00054931640625,8.055999755859375,63,12,0,2020-10-04T11:46:47,1601675153.836037,2020-10-03T00:45:53
1601801240,8000,0.00054931640625,8.052000045776367,160,12,0,2020-10-04T11:47:20,1601675185.727088,2020-10-03T00:46:25
1601801257,189000,0.00054931640625,8.052000045776367,204,12,0,2020-10-04T11:47:37,1601675202.203765,2020-10-03T00:46:42
1601801271,313000,0.000579833984375,8.052000045776367,254,12,0,2020-10-04T11:47:51,1601675220.274752,2020-10-03T00:47:00
1601801288,494000,0.00054931640625,8.04800033569336,42,12,0,2020-10-04T11:48:08,1601675234.787932,2020-10-03T00:47:14
1601801303,572000,0.0006103515625,8.043999671936035,90,12,0,2020-10-04T11:48:23,1601675252.410024,2020-10-03T00:47:32
1601801315,980000,0.00054931640625,8.04800033569336,133,12,0,2020-10-04T11:48:35,1601675266.794452,2020-10-03T00:47:46
1601801335,298000,0.00054931640625,8.04800033569336,176,12,0,2020-10-04T11:48:55,1601675281.600872,2020-10-03T00:48:01
1601801367,81000,0.00054931640625,8.04800033569336,12,12,0,2020-10-04T11:49:27,1601675313.957641,2020-10-03T00:48:33
1601801384,260000,0.00054931640625,8.043999671936035,56,12,0,2020-10-04T11:49:44,1601675330.7241518,2020-10-03T00:48:50
1601801398,867000,0.00054931640625,8.043999671936035,105,12,0,2020-10-04T11:49:58,1601675348.265604,2020-10-03T00:49:08
1601801416,46000,0.00054931640625,8.043999671936035,149,12,0,2020-10-04T11:50:16,1601675362.9747238,2020-10-03T00:49:22
1601801430,651000,0.00054931640625,8.039999961853027,200,12,0,2020-10-04T11:50:30,1601675380.227057,2020-10-03T00:49:40
1601801447,828000,0.00054931640625,8.039999961853027,241,12,0,2020-10-04T11:50:47,1601675394.948516,2020-10-03T00:49:54
1601801463,391000,0.00054931640625,8.039999961853027,32,12,0,2020-10-04T11:51:03,1601675409.464236,2020-10-03T00:50:09
1601801494,218000,0.00054931640625,8.039999961853027,124,12,0,2020-10-04T11:51:34,1601675441.276213,2020-10-03T00:50:41
1601801512,350000,0.00054931640625,8.03600025177002,170,12,0,2020-10-04T11:51:52,1601675458.2806048,2020-10-03T00:50:58
1601801526,0,0.00054931640625,8.03600025177002,221,12,0,2020-10-04T11:52:06,1601675476.6638439,2020-10-03T00:51:16
1601801543,177000,0.00054931640625,8.03600025177002,9,12,0,2020-10-04T11:52:23,1601675491.0433838,2020-10-03T00:51:31
1601801558,738000,0.000732421875,8.003999710083008,56,12,0,2020-10-04T11:52:38,1601675507.930533,2020-10-03T00:51:47
1601801574,956000,0.00054931640625,8.031999588012695,97,12,0,2020-10-04T11:52:54,1601675522.0134518,2020-10-03T00:52:02
1601801589,553000,0.00054931640625,8.031999588012695,142,12,0,2020-10-04T11:53:09,1601675536.540241,2020-10-03T00:52:16
1601801607,663000,0.00054931640625,8.031999588012695,190,12,0,2020-10-04T11:53:27,1601675553.5102038,2020-10-03T00:52:33
1601801621,311000,0.00054931640625,8.027999877929688,240,12,0,2020-10-04T11:53:41,1601675571.0347688,2020-10-03T00:52:51
1601801638,465000,0.00054931640625,8.027999877929688,26,12,0,2020-10-04T11:53:58,1601675585.3661928,2020-10-03T00:53:05
1601801653,73000,0.00054931640625,8.02400016784668,73,12,0,2020-10-04T11:54:13,1601675602.689193,2020-10-03T00:53:22
1601801670,219000,0.00054931640625,8.02400016784668,116,12,0,2020-10-04T11:54:30,1601675616.672108,2020-10-03T00:53:36
1601801684,827000,0.00054931640625,8.02400016784668,163,12,0,2020-10-04T11:54:44,1601675631.855021,2020-10-03T00:53:51
1601801698,160000,0.00054931640625,8.020000457763672,206,12,0,2020-10-04T11:54:58,1601675648.3514118,2020-10-03T00:54:08
1601801716,565000,0.00054931640625,8.020000457763672,253,12,0,2020-10-04T11:55:16,1601675663.447661,2020-10-03T00:54:23
1601801735,10000,0.00054931640625,8.015999794006348,45,12,0,2020-10-04T11:55:35,1601675680.3061528,2020-10-03T00:54:40
1601801748,336000,0.000762939453125,7.984000205993652,92,12,0,2020-10-04T11:55:48,1601675695.0147169,2020-10-03T00:54:55
1601801765,811000,0.00054931640625,8.015999794006348,137,12,0,2020-10-04T11:56:05,1601675711.512656,2020-10-03T00:55:11
1601801779,136000,0.00054931640625,8.01200008392334,182,12,0,2020-10-04T11:56:19,1601675725.918365,2020-10-03T00:55:25
1601801797,562000,0.00054931640625,8.01200008392334,231,12,0,2020-10-04T11:56:37,1601675743.518216,2020-10-03T00:55:43
1601801814,691000,0.00054931640625,8.008000373840332,19,12,0,2020-10-04T11:56:54,1601675760.3724809,2020-10-03T00:56:00
1601801828,358000,0.00054931640625,8.008000373840332,60,12,0,2020-10-04T11:57:08,1601675775.172773,2020-10-03T00:56:15
1601801846,437000,0.00054931640625,8.003999710083008,105,12,0,2020-10-04T11:57:26,1601675793.050113,2020-10-03T00:56:33
1601801861,54000,0.00054931640625,8.003999710083008,147,12,0,2020-10-04T11:57:41,1601675806.56172,2020-10-03T00:56:46
1601801874,374000,0.00054931640625,8.0,193,12,0,2020-10-04T11:57:54,1601675824.400637,2020-10-03T00:57:04
1601801892,799000,0.00054931640625,7.995999813079834,237,12,0,2020-10-04T11:58:12,1601675839.463717,2020-10-03T00:57:19
1601801906,174000,0.00054931640625,7.995999813079834,28,12,0,2020-10-04T11:58:26,1601675856.1722798,2020-10-03T00:57:36
1601801924,597000,0.00054931640625,7.992000102996826,72,12,0,2020-10-04T11:58:44,1601675870.2055118,2020-10-03T00:57:50
1601801941,718000,0.00054931640625,7.992000102996826,120,12,0,2020-10-04T11:59:01,1601675888.688649,2020-10-03T00:58:08
1601801955,276000,0.00054931640625,7.98799991607666,159,12,0,2020-10-04T11:59:15,1601675901.420213,2020-10-03T00:58:21
1601801973,346000,0.00054931640625,7.984000205993652,208,12,0,2020-10-04T11:59:33,1601675919.5491,2020-10-03T00:58:39
1601801988,57000,0.00054931640625,7.984000205993652,255,12,0,2020-10-04T11:59:48,1601675934.368273,2020-10-03T00:58:54
1601802001,370000,0.00054931640625,7.980000019073486,49,12,0,2020-10-04T12:00:01,1601675951.5772839,2020-10-03T00:59:11
1601802019,802000,0.00054931640625,7.97599983215332,94,12,0,2020-10-04T12:00:19,1601675966.467417,2020-10-03T00:59:26
1601802033,115000,0.000762939453125,7.935999870300293,141,12,0,2020-10-04T12:00:33,1601675982.59916,2020-10-03T00:59:42
1601802048,679000,0.000732421875,7.932000160217285,185,12,0,2020-10-04T12:00:48,1601675995.730993,2020-10-03T00:59:55
1601802059,140000,0.00054931640625,7.9720001220703125,233,12,0,2020-10-04T12:00:59,1601676005.538308,2020-10-03T01:00:05
1601802065,798000,0.000762939453125,7.923999786376953,22,12,0,2020-10-04T12:01:05,1601676013.260052,2020-10-03T01:00:13
1601802076,565000,0.00054931640625,7.964000225067139,67,12,0,2020-10-04T12:01:16,1601676022.6964,2020-10-03T01:00:22
1601802083,221000,0.0006103515625,7.927999973297119,108,12,0,2020-10-04T12:01:23,1601676030.223285,2020-10-03T01:00:30
1601802093,683000,0.00054931640625,7.960000038146973,153,12,0,2020-10-04T12:01:33,1601676040.6748328,2020-10-03T01:00:40
1601802101,291000,0.00054931640625,7.960000038146973,195,12,0,2020-10-04T12:01:41,1601676048.436044,2020-10-03T01:00:48
1601802112,138000,0.00054931640625,7.923999786376953,244,12,0,2020-10-04T12:01:52,1601676058.728544,2020-10-03T01:00:58
1601802118,796000,0.0006103515625,7.920000076293945,29,12,0,2020-10-04T12:01:58,1601676066.125088,2020-10-03T01:01:06
1601802129,255000,0.00054931640625,7.940000057220459,75,12,0,2020-10-04T12:02:09,1601676076.0153198,2020-10-03T01:01:16
1601802138,156000,0.00054931640625,7.952000141143799,118,12,0,2020-10-04T12:02:18,1601676084.2264478,2020-10-03T01:01:24
1601802147,666000,0.00079345703125,7.9079999923706055,165,12,0,2020-10-04T12:02:27,1601676093.713621,2020-10-03T01:01:33
1601802155,275000,0.00079345703125,7.9039998054504395,208,12,0,2020-10-04T12:02:35,1601676102.912593,2020-10-03T01:01:42
1601802165,736000,0.00054931640625,7.947999954223633,251,12,0,2020-10-04T12:02:45,1601676112.258265,2020-10-03T01:01:52
1601802173,684000,0.00079345703125,7.900000095367432,39,12,0,2020-10-04T12:02:53,1601676120.267329,2020-10-03T01:02:00
1601802184,146000,0.00054931640625,7.943999767303467,85,12,0,2020-10-04T12:03:04,1601676130.718828,2020-10-03T01:02:10
1601802191,754000,0.000823974609375,7.895999908447266,127,12,0,2020-10-04T12:03:11,1601676138.2758088,2020-10-03T01:02:18
1601802200,648000,0.00054931640625,7.892000198364258,173,12,0,2020-10-04T12:03:20,1601676147.2948,2020-10-03T01:02:27
1601802208,254000,0.00054931640625,7.935999870300293,217,12,0,2020-10-04T12:03:28,1601676155.129452,2020-10-03T01:02:35
1601802218,716000,0.00054931640625,7.932000160217285,12,12,0,2020-10-04T12:03:38,1601676165.148584,2020-10-03T01:02:45
1601802225,374000,0.00054931640625,7.932000160217285,58,12,0,2020-10-04T12:03:45,1601676173.134497,2020-10-03T01:02:53
1601802237,119000,0.00054931640625,7.9039998054504395,107,12,0,2020-10-04T12:03:57,1601676183.6096919,2020-10-03T01:03:03
1601802243,778000,0.000640869140625,7.888000011444092,148,12,0,2020-10-04T12:04:03,1601676191.0039608,2020-10-03T01:03:11
1601802253,291000,0.000640869140625,7.883999824523926,194,12,0,2020-10-04T12:04:13,1601676200.915828,2020-10-03T01:03:20
1601802262,174000,0.00054931640625,7.920000076293945,233,12,0,2020-10-04T12:04:22,1601676207.676168,2020-10-03T01:03:27
1601802269,786000,0.000823974609375,7.868000030517578,24,12,0,2020-10-04T12:04:29,1601676218.370936,2020-10-03T01:03:38
1601802279,301000,0.0008544921875,7.863999843597412,64,12,0,2020-10-04T12:04:39,1601676225.6470609,2020-10-03T01:03:45
1601802289,764000,0.00054931640625,7.888000011444092,111,12,0,2020-10-04T12:04:49,1601676235.6101608,2020-10-03T01:03:55
1601802297,689000,0.00079345703125,7.855999946594238,153,12,0,2020-10-04T12:04:57,1601676243.4365568,2020-10-03T01:04:03
1601802305,301000,0.00079345703125,7.855999946594238,202,12,0,2020-10-04T12:05:05,1601676253.053216,2020-10-03T01:04:13
1601802314,819000,0.00054931640625,7.872000217437744,244,12,0,2020-10-04T12:05:14,1601676261.658732,2020-10-03T01:04:21
1601802323,646000,0.00054931640625,7.868000030517578,31,12,0,2020-10-04T12:05:23,1601676269.941041,2020-10-03T01:04:29
1601802331,261000,0.00054931640625,7.863999843597412,79,12,0,2020-10-04T12:05:31,1601676278.7449808,2020-10-03T01:04:38
1601802340,779000,0.0006103515625,7.808000087738037,126,12,0,2020-10-04T12:05:40,1601676288.221156,2020-10-03T01:04:48
1601802348,393000,0.00054931640625,7.8520002365112305,169,12,0,2020-10-04T12:05:48,1601676296.360285,2020-10-03T01:04:56
1601802359,209000,0.00054931640625,7.823999881744385,216,12,0,2020-10-04T12:05:59,1601676305.46754,2020-10-03T01:05:05
1601802367,776000,0.000640869140625,7.74399995803833,4,12,0,2020-10-04T12:06:07,1601676313.458793,2020-10-03T01:05:13
1601802377,295000,0.00054931640625,7.748000144958496,50,12,0,2020-10-04T12:06:17,1601676323.038941,2020-10-03T01:05:23
1601802383,959000,0.00079345703125,7.71999979019165,91,12,0,2020-10-04T12:06:23,1601676331.730228,2020-10-03T01:05:31
1601802392,822000,0.00079345703125,7.716000080108643,134,12,0,2020-10-04T12:06:32,1601676339.624044,2020-10-03T01:05:39
1601802400,437000,0.00079345703125,7.751999855041504,180,12,0,2020-10-04T12:06:40,1601676348.3351278,2020-10-03T01:05:48
1601802410,910000,0.000762939453125,7.736000061035156,225,12,0,2020-10-04T12:06:50,1601676357.48298,2020-10-03T01:05:57
1601802418,787000,0.00054931640625,7.760000228881836,16,12,0,2020-10-04T12:06:58,1601676367.022908,2020-10-03T01:06:07
1601802428,309000,0.000518798828125,7.691999912261963,58,12,0,2020-10-04T12:07:08,1601676375.175649,2020-10-03T01:06:15
1601802435,929000,0.00054931640625,7.703999996185303,100,12,0,2020-10-04T12:07:15,1601676384.0308158,2020-10-03T01:06:24
1601802445,454000,0.000518798828125,7.684000015258789,147,12,0,2020-10-04T12:07:25,1601676393.420872,2020-10-03T01:06:33
1601802455,268000,0.000640869140625,7.607999801635742,189,12,0,2020-10-04T12:07:35,1601676401.379452,2020-10-03T01:06:41
1601802462,889000,0.0006103515625,7.604000091552734,233,12,0,2020-10-04T12:07:42,1601676410.246384,2020-10-03T01:06:50
1601802470,510000,0.00054931640625,7.664000034332275,20,12,0,2020-10-04T12:07:50,1601676419.7393959,2020-10-03T01:06:59
1601802481,262000,0.0006103515625,7.5960001945495605,64,12,0,2020-10-04T12:08:01,1601676427.825269,2020-10-03T01:07:07
1601802487,931000,0.000640869140625,7.584000110626221,102,12,0,2020-10-04T12:08:07,1601676434.283453,2020-10-03T01:07:14
1601802496,508000,0.00054931640625,7.639999866485596,150,12,0,2020-10-04T12:08:16,1601676444.4308648,2020-10-03T01:07:24
1601802505,84000,0.00079345703125,7.556000232696533,191,12,0,2020-10-04T12:08:25,1601676451.8305519,2020-10-03T01:07:31
1601802513,919000,0.000518798828125,7.624000072479248,236,12,0,2020-10-04T12:08:33,1601676461.5392969,2020-10-03T01:07:41
1601802523,450000,0.000518798828125,7.556000232696533,23,12,0,2020-10-04T12:08:43,1601676469.661172,2020-10-03T01:07:49
1601802531,75000,0.0008544921875,7.535999774932861,71,12,0,2020-10-04T12:08:51,1601676479.3155599,2020-10-03T01:07:59
1601802541,777000,0.00079345703125,7.539999961853027,115,12,0,2020-10-04T12:09:01,1601676487.164425,2020-10-03T01:08:07
1601802549,402000,0.000823974609375,7.52400016784668,163,12,0,2020-10-04T12:09:09,1601676497.4734719,2020-10-03T01:08:17
1601802559,886000,0.00054931640625,7.535999774932861,210,12,0,2020-10-04T12:09:19,1601676506.6975129,2020-10-03T01:08:26
1601802566,556000,0.000823974609375,7.435999870300293,0,12,0,2020-10-04T12:09:26,1601676515.177624,2020-10-03T01:08:35
1601802577,293000,0.0006103515625,7.4679999351501465,43,12,0,2020-10-04T12:09:37,1601676523.242329,2020-10-03T01:08:43
1601802584,920000,0.000518798828125,7.579999923706055,88,12,0,2020-10-04T12:09:44,1601676533.164908,2020-10-03T01:08:53
1601802594,457000,0.00054931640625,7.5320000648498535,133,12,0,2020-10-04T12:09:54,1601676541.6062288,2020-10-03T01:09:01
1601802603,253000,0.00054931640625,7.579999923706055,179,12,0,2020-10-04T12:10:03,1601676550.297848,2020-10-03T01:09:10
1601802611,837000,0.000640869140625,7.5,221,12,0,2020-10-04T12:10:11,1601676558.669724,2020-10-03T01:09:18
1601802621,376000,0.000823974609375,7.495999813079834,14,12,0,2020-10-04T12:10:21,1601676568.7121968,2020-10-03T01:09:28
1601802629,9000,0.000823974609375,7.484000205993652,54,12,0,2020-10-04T12:10:29,1601676575.7688758,2020-10-03T01:09:35
1601802640,661000,0.000518798828125,7.556000232696533,104,12,0,2020-10-04T12:10:40,1601676586.6730518,2020-10-03T01:09:46
1601802648,297000,0.00054931640625,7.552000045776367,145,12,0,2020-10-04T12:10:48,1601676594.596145,2020-10-03T01:09:54
1601802654,979000,0.000823974609375,7.460000038146973,191,12,0,2020-10-04T12:10:54,1601676603.182272,2020-10-03T01:10:03
1601802666,618000,0.0008544921875,7.519999980926514,236,12,0,2020-10-04T12:11:06,1601676612.496912,2020-10-03T01:10:12
1601802673,302000,0.0008544921875,7.4120001792907715,26,12,0,2020-10-04T12:11:13,1601676621.672189,2020-10-03T01:10:21
1601802682,852000,0.000640869140625,7.435999870300293,66,12,0,2020-10-04T12:11:22,1601676629.192713,2020-10-03T01:10:29
1601802692,404000,0.000640869140625,7.432000160217285,110,12,0,2020-10-04T12:11:32,1601676638.9251878,2020-10-03T01:10:38
1601802701,172000,0.000518798828125,7.495999813079834,153,12,0,2020-10-04T12:11:41,1601676647.753196,2020-10-03T01:10:47
1601802710,731000,0.0006103515625,7.415999889373779,198,12,0,2020-10-04T12:11:50,1601676656.694517,2020-10-03T01:10:56
1601802718,380000,0.000518798828125,7.420000076293945,241,12,0,2020-10-04T12:11:58,1601676665.3886209,2020-10-03T01:11:05
1601802727,58000,0.000518798828125,7.484000205993652,30,12,0,2020-10-04T12:12:07,1601676674.0570529,2020-10-03T01:11:14
1601802736,620000,0.0008544921875,7.443999767303467,75,12,0,2020-10-04T12:12:16,1601676682.8414528,2020-10-03T01:11:22
1601802744,270000,0.000823974609375,7.392000198364258,123,12,0,2020-10-04T12:12:24,1601676691.837921,2020-10-03T01:11:31
1601802752,880000,0.00079345703125,7.368000030517578,165,12,0,2020-10-04T12:12:32,1601676699.304256,2020-10-03T01:11:39
1601802763,615000,0.0008544921875,7.363999843597412,214,12,0,2020-10-04T12:12:43,1601676709.505724,2020-10-03T01:11:49
1601802771,269000,0.000518798828125,7.440000057220459,1,12,0,2020-10-04T12:12:51,1601676717.874429,2020-10-03T01:11:57
1601802780,840000,0.0008544921875,7.340000152587891,49,12,0,2020-10-04T12:13:00,1601676727.895992,2020-10-03T01:12:07
1601802789,564000,0.000518798828125,7.423999786376953,88,12,0,2020-10-04T12:13:09,1601676734.523309,2020-10-03T01:12:14
1601802796,267000,0.0006103515625,7.323999881744385,133,12,0,2020-10-04T12:13:16,1601676744.658308,2020-10-03T01:12:24
1601802805,842000,0.000640869140625,7.303999900817871,176,12,0,2020-10-04T12:13:25,1601676752.3027089,2020-10-03T01:12:32
1601802814,462000,0.0006103515625,7.3520002365112305,220,12,0,2020-10-04T12:13:34,1601676762.8248599,2020-10-03T01:12:42
1601802824,122000,0.0006103515625,7.291999816894531,8,12,0,2020-10-04T12:13:44,1601676770.919705,2020-10-03T01:12:50
1601802834,663000,0.00048828125,7.375999927520752,55,12,0,2020-10-04T12:13:54,1601676780.0490608,2020-10-03T01:13:00
1601802841,372000,0.000518798828125,7.271999835968018,98,12,0,2020-10-04T12:14:01,1601676788.744521,2020-10-03T01:13:08
1601802851,973000,0.000823974609375,7.248000144958496,139,12,0,2020-10-04T12:14:11,1601676797.5808198,2020-10-03T01:13:17
1601802859,640000,0.00048828125,7.328000068664551,178,12,0,2020-10-04T12:14:19,1601676805.134181,2020-10-03T01:13:25
1601802867,308000,0.0008544921875,7.251999855041504,223,12,0,2020-10-04T12:14:27,1601676814.590308,2020-10-03T01:13:34
1601802875,993000,0.000823974609375,7.228000164031982,10,12,0,2020-10-04T12:14:35,1601676823.2224128,2020-10-03T01:13:43
1601802885,632000,0.00048828125,7.315999984741211,56,12,0,2020-10-04T12:14:45,1601676833.052012,2020-10-03T01:13:53
1601802894,263000,0.000885009765625,7.196000099182129,100,12,0,2020-10-04T12:14:54,1601676841.2939289,2020-10-03T01:14:01
1601802904,815000,0.000518798828125,7.291999816894531,147,12,0,2020-10-04T12:15:04,1601676850.702292,2020-10-03T01:14:10
1601802912,523000,0.000579833984375,7.184000015258789,190,12,0,2020-10-04T12:15:12,1601676859.377544,2020-10-03T01:14:19
1601802922,115000,0.0006103515625,7.179999828338623,232,12,0,2020-10-04T12:15:22,1601676868.563288,2020-10-03T01:14:28
1601802929,792000,0.00048828125,7.191999912261963,15,12,0,2020-10-04T12:15:29,1601676876.3456888,2020-10-03T01:14:36
1601802937,469000,0.00048828125,7.24399995803833,59,12,0,2020-10-04T12:15:37,1601676885.070304,2020-10-03T01:14:45
1601802948,34000,0.00048828125,7.239999771118164,104,12,0,2020-10-04T12:15:48,1601676893.1700199,2020-10-03T01:14:53
1601802954,755000,0.0008544921875,7.127999782562256,147,12,0,2020-10-04T12:15:54,1601676901.6297128,2020-10-03T01:15:01
1601802964,357000,0.0008544921875,7.119999885559082,193,12,0,2020-10-04T12:16:04,1601676910.0334358,2020-10-03T01:15:10
1601802971,82000,0.000823974609375,7.099999904632568,225,12,0,2020-10-04T12:16:11,1601676917.798605,2020-10-03T01:15:17
1601802976,739000,0.000518798828125,7.171999931335449,254,12,0,2020-10-04T12:16:16,1601676926.072676,2020-10-03T01:15:26
1601802986,351000,0.000885009765625,7.064000129699707,31,12,0,2020-10-04T12:16:26,1601676932.9334118,2020-10-03T01:15:32
1601802992,121000,0.000885009765625,7.131999969482422,70,12,0,2020-10-04T12:16:32,1601676939.567297,2020-10-03T01:15:39
1601802998,860000,0.000823974609375,7.035999774932861,103,12,0,2020-10-04T12:16:38,1601676947.2493758,2020-10-03T01:15:47
1601803006,981000,0.0008544921875,7.119999885559082,134,12,0,2020-10-04T12:16:46,1601676954.5274,2020-10-03T01:15:54
1601803021,420000,0.00048828125,7.131999969482422,195,12,0,2020-10-04T12:17:01,1601676969.133836,2020-10-03T01:16:09
1601803028,158000,0.00054931640625,7.035999774932861,219,12,0,2020-10-04T12:17:08,1601676976.779196,2020-10-03T01:16:16
1601802979,966000,0.00048828125,7.0920000076293945,238,12,0,2020-10-04T12:16:19,1601676991.379545,2020-10-03T01:16:31
1601802984,781000,0.0008544921875,6.980000019073486,18,12,0,2020-10-04T12:16:24,1601676996.783788,2020-10-03T01:16:36
1601802994,412000,0.000457763671875,7.056000232696533,62,12,0,2020-10-04T12:16:34,1601677005.880157,2020-10-03T01:16:45
1601802999,230000,0.000762939453125,6.952000141143799,102,12,0,2020-10-04T12:16:39,1601677011.9131489,2020-10-03T01:16:51
1601803008,275000,0.000823974609375,6.955999851226807,141,12,0,2020-10-04T12:16:48,1601677019.736564,2020-10-03T01:16:59
1601803014,57000,0.000762939453125,6.932000160217285,177,12,0,2020-10-04T12:16:54,1601677025.7763,2020-10-03T01:17:05
1601803021,769000,0.000823974609375,6.920000076293945,216,12,0,2020-10-04T12:17:01,1601677033.5973608,2020-10-03T01:17:13
1601803028,521000,0.0008544921875,6.9120001792907715,254,12,0,2020-10-04T12:17:08,1601677040.1314569,2020-10-03T01:17:20
1601802975,570000,0.00048828125,6.995999813079834,38,12,0,2020-10-04T12:16:15,1601677048.873281,2020-10-03T01:17:28
1601802980,395000,0.000457763671875,6.995999813079834,75,12,0,2020-10-04T12:16:20,1601677054.170976,2020-10-03T01:17:34
1601802990,43000,0.00048828125,6.980000019073486,117,12,0,2020-10-04T12:16:30,1601677063.646853,2020-10-03T01:17:43
1601802994,869000,0.00054931640625,6.868000030517578,155,12,0,2020-10-04T12:16:34,1601677068.823304,2020-10-03T01:17:48
1601803002,902000,0.00054931640625,6.8520002365112305,196,12,0,2020-10-04T12:16:42,1601677076.68992,2020-10-03T01:17:56
1601803010,631000,0.000579833984375,6.823999881744385,238,12,0,2020-10-04T12:16:50,1601677084.5014648,2020-10-03T01:18:04
1601803017,395000,0.000579833984375,6.808000087738037,21,12,0,2020-10-04T12:16:57,1601677090.698212,2020-10-03T01:18:10
1601803022,229000,0.0008544921875,6.788000106811523,54,12,0,2020-10-04T12:17:02,1601677096.5998318,2020-10-03T01:18:16
1601803029,968000,0.000457763671875,6.888000011444092,92,12,0,2020-10-04T12:17:09,1601677103.334801,2020-10-03T01:18:23
1601803035,60000,0.000457763671875,6.763999938964844,127,12,0,2020-10-04T12:17:15,1601677109.293597,2020-10-03T01:18:29
1601803041,835000,0.0008544921875,6.739999771118164,161,12,0,2020-10-04T12:17:21,1601677116.688336,2020-10-03T01:18:36
1601803047,643000,0.000823974609375,6.783999919891357,197,12,0,2020-10-04T12:17:27,1601677122.885797,2020-10-03T01:18:42
1601803054,423000,0.000823974609375,6.739999771118164,234,12,0,2020-10-04T12:17:34,1601677129.2049289,2020-10-03T01:18:49
1601803061,205000,0.0008544921875,6.699999809265137,13,12,0,2020-10-04T12:17:41,1601677135.033393,2020-10-03T01:18:55
1601803066,253000,0.0008544921875,6.691999912261963,48,12,0,2020-10-04T12:17:46,1601677141.2482488,2020-10-03T01:19:01
1601803074,2000,0.0008544921875,6.676000118255615,86,12,0,2020-10-04T12:17:54,1601677148.161368,2020-10-03T01:19:08
1601803078,847000,0.000457763671875,6.791999816894531,119,12,0,2020-10-04T12:17:58,1601677153.8044639,2020-10-03T01:19:13
1601803085,630000,0.0008544921875,6.659999847412109,158,12,0,2020-10-04T12:18:05,1601677160.659405,2020-10-03T01:19:20
1601803090,476000,0.00054931640625,6.6479997634887695,193,12,0,2020-10-04T12:18:10,1601677166.123208,2020-10-03T01:19:26
1601803098,407000,0.000457763671875,6.748000144958496,229,12,0,2020-10-04T12:18:18,1601677172.594205,2020-10-03T01:19:32
1601803103,252000,0.00054931640625,6.6479997634887695,8,12,0,2020-10-04T12:18:23,1601677178.274932,2020-10-03T01:19:38
1601803110,33000,0.00054931640625,6.616000175476074,43,12,0,2020-10-04T12:18:30,1601677185.08842,2020-10-03T01:19:45
1601803114,878000,0.000457763671875,6.748000144958496,78,12,0,2020-10-04T12:18:34,1601677191.3688369,2020-10-03T01:19:51
1601803122,634000,0.000457763671875,6.711999893188477,114,12,0,2020-10-04T12:18:42,1601677198.2686598,2020-10-03T01:19:58
1601803127,654000,0.00079345703125,6.559999942779541,149,12,0,2020-10-04T12:18:47,1601677204.026284,2020-10-03T01:20:04
1601803134,441000,0.0008544921875,6.51200008392334,181,12,0,2020-10-04T12:18:54,1601677210.274392,2020-10-03T01:20:10
1601803141,227000,0.000823974609375,6.47599983215332,215,12,0,2020-10-04T12:19:01,1601677216.156816,2020-10-03T01:20:16
1601803147,45000,0.000457763671875,6.636000156402588,251,12,0,2020-10-04T12:19:07,1601677222.72306,2020-10-03T01:20:22
1601803153,835000,0.000457763671875,6.5879998207092285,32,12,0,2020-10-04T12:19:13,1601677228.538213,2020-10-03T01:20:28
1601803158,838000,0.00042724609375,6.52400016784668,66,12,0,2020-10-04T12:19:18,1601677234.922464,2020-10-03T01:20:34
1601803165,629000,0.00042724609375,6.4079999923706055,103,12,0,2020-10-04T12:19:25,1601677241.7471519,2020-10-03T01:20:41
1601803171,448000,0.000457763671875,6.544000148773193,139,12,0,2020-10-04T12:19:31,1601677247.4935288,2020-10-03T01:20:47
1601803178,239000,0.000823974609375,6.372000217437744,176,12,0,2020-10-04T12:19:38,1601677254.106441,2020-10-03T01:20:54
1601803184,59000,0.000518798828125,6.372000217437744,211,12,0,2020-10-04T12:19:44,1601677260.361321,2020-10-03T01:21:00
1601803189,49000,0.00054931640625,6.3520002365112305,248,12,0,2020-10-04T12:19:49,1601677266.8849568,2020-10-03T01:21:06
1601803195,842000,0.00054931640625,6.308000087738037,28,12,0,2020-10-04T12:19:55,1601677272.7767968,2020-10-03T01:21:12
1601803202,632000,0.00054931640625,6.300000190734863,65,12,0,2020-10-04T12:20:02,1601677279.142001,2020-10-03T01:21:19
1601803208,452000,0.000457763671875,6.4120001792907715,100,12,0,2020-10-04T12:20:08,1601677285.4168248,2020-10-03T01:21:25
1601803213,301000,0.00042724609375,6.360000133514404,137,12,0,2020-10-04T12:20:13,1601677292.1357288,2020-10-03T01:21:32
1601803221,201000,0.000457763671875,6.303999900817871,173,12,0,2020-10-04T12:20:21,1601677298.290361,2020-10-03T01:21:38
1601803228,958000,0.00042724609375,6.395999908447266,208,12,0,2020-10-04T12:20:28,1601677304.783272,2020-10-03T01:21:44
1601803233,807000,0.00042724609375,6.223999977111816,245,12,0,2020-10-04T12:20:33,1601677311.423529,2020-10-03T01:21:51
1601803238,655000,0.00042724609375,6.328000068664551,22,12,0,2020-10-04T12:20:38,1601677317.112756,2020-10-03T01:21:57
1601803246,565000,0.00079345703125,6.291999816894531,60,12,0,2020-10-04T12:20:46,1601677323.609305,2020-10-03T01:22:03
1601803253,354000,0.00079345703125,6.1479997634887695,97,12,0,2020-10-04T12:20:53,1601677330.140744,2020-10-03T01:22:10
1601803259,175000,0.00042724609375,6.296000003814697,132,12,0,2020-10-04T12:20:59,1601677336.809036,2020-10-03T01:22:16
1601803264,25000,0.00079345703125,6.124000072479248,166,12,0,2020-10-04T12:21:04,1601677343.470141,2020-10-03T01:22:23
1601803271,786000,0.00042724609375,6.184000015258789,204,12,0,2020-10-04T12:21:11,1601677349.836552,2020-10-03T01:22:29
1601803278,719000,0.000762939453125,6.119999885559082,243,12,0,2020-10-04T12:21:18,1601677356.3745,2020-10-03T01:22:36
1601803284,541000,0.00042724609375,6.21999979019165,22,12,0,2020-10-04T12:21:24,1601677362.5072849,2020-10-03T01:22:42
1601803289,392000,0.000518798828125,6.072000026702881,61,12,0,2020-10-04T12:21:29,1601677369.0096319,2020-10-03T01:22:49
1601803297,155000,0.00042724609375,6.208000183105469,97,12,0,2020-10-04T12:21:37,1601677375.5532959,2020-10-03T01:22:55
1601803303,947000,0.000518798828125,6.056000232696533,134,12,0,2020-10-04T12:21:43,1601677381.7069318,2020-10-03T01:23:01
1601803309,905000,0.000396728515625,6.171999931335449,171,12,0,2020-10-04T12:21:49,1601677388.522436,2020-10-03T01:23:08
1601803314,753000,0.00042724609375,6.1519999504089355,206,12,0,2020-10-04T12:21:54,1601677394.4762769,2020-10-03T01:23:14
1601803322,512000,0.00042724609375,6.139999866485596,242,12,0,2020-10-04T12:22:02,1601677401.393949,2020-10-03T01:23:21
1601803329,303000,0.000762939453125,5.984000205993652,21,12,0,2020-10-04T12:22:09,1601677407.464325,2020-10-03T01:23:27
1601803334,153000,0.000762939453125,5.9720001220703125,56,12,0,2020-10-04T12:22:14,1601677413.095713,2020-10-03T01:23:33
1601803340,118000,0.000762939453125,5.9679999351501465,93,12,0,2020-10-04T12:22:20,1601677419.356832,2020-10-03T01:23:39
1601803346,907000,0.000396728515625,6.0960001945495605,128,12,0,2020-10-04T12:22:26,1601677425.868753,2020-10-03T01:23:45
1601803354,668000,0.000823974609375,6.064000129699707,169,12,0,2020-10-04T12:22:34,1601677433.012928,2020-10-03T01:23:53
1601803359,519000,0.00042724609375,5.932000160217285,205,12,0,2020-10-04T12:22:39,1601677439.2144089,2020-10-03T01:23:59
1601803364,370000,0.00079345703125,5.943999767303467,242,12,0,2020-10-04T12:22:44,1601677445.1258478,2020-10-03T01:24:05
1601803122,650000,0.00042724609375,6.052000045776367,25,12,0,2020-10-04T12:18:42,1601677451.6735048,2020-10-03T01:24:11
1601803130,413000,0.00042724609375,6.056000232696533,65,12,0,2020-10-04T12:18:50,1601677459.3203678,2020-10-03T01:24:19
1601803137,204000,0.00048828125,5.895999908447266,99,12,0,2020-10-04T12:18:57,1601677465.930461,2020-10-03T01:24:25
1601803142,55000,0.000518798828125,5.923999786376953,135,12,0,2020-10-04T12:19:02,1601677471.797165,2020-10-03T01:24:31
1601803149,50000,0.00048828125,5.900000095367432,173,12,0,2020-10-04T12:19:09,1601677479.183661,2020-10-03T01:24:39
1601803156,812000,0.000396728515625,6.01200008392334,210,12,0,2020-10-04T12:19:16,1601677486.584884,2020-10-03T01:24:46
1601803163,603000,0.000396728515625,5.984000205993652,243,12,0,2020-10-04T12:19:23,1601677492.997809,2020-10-03T01:24:52
1601803170,393000,0.000732421875,5.835999965667725,25,12,0,2020-10-04T12:19:30,1601677499.535328,2020-10-03T01:24:59
1601803176,215000,0.000396728515625,5.992000102996826,67,12,0,2020-10-04T12:19:36,1601677507.0272079,2020-10-03T01:25:07
1601803183,152000,0.000396728515625,5.888000011444092,100,12,0,2020-10-04T12:19:43,1601677512.191052,2020-10-03T01:25:12
1601803190,913000,0.000762939453125,5.940000057220459,142,12,0,2020-10-04T12:19:50,1601677520.6485999,2020-10-03T01:25:20
1601803195,764000,0.000396728515625,5.984000205993652,174,12,0,2020-10-04T12:19:55,1601677525.765317,2020-10-03T01:25:25
1601803203,519000,0.000396728515625,5.9679999351501465,214,12,0,2020-10-04T12:20:03,1601677533.642236,2020-10-03T01:25:33
1601803208,368000,0.000701904296875,5.823999881744385,250,12,0,2020-10-04T12:20:08,1601677538.4243848,2020-10-03T01:25:38
1601803215,303000,0.000732421875,5.860000133514404,24,12,0,2020-10-04T12:20:15,1601677545.480553,2020-10-03T01:25:45
1601803221,120000,0.000732421875,5.820000171661377,58,12,0,2020-10-04T12:20:21,1601677551.4681718,2020-10-03T01:25:51
1601803227,905000,0.000701904296875,5.820000171661377,95,12,0,2020-10-04T12:20:27,1601677558.404461,2020-10-03T01:25:58
1601803232,752000,0.00048828125,5.808000087738037,131,12,0,2020-10-04T12:20:32,1601677564.142685,2020-10-03T01:26:04
1601802984,46000,0.000396728515625,5.932000160217285,174,12,0,2020-10-04T12:16:24,1601677573.336405,2020-10-03T01:26:13
1601802987,924000,0.000457763671875,5.803999900817871,210,12,0,2020-10-04T12:16:27,1601677578.148788,2020-10-03T01:26:18
1601802995,678000,0.00048828125,5.892000198364258,225,12,0,2020-10-04T12:16:35,1601677585.181524,2020-10-03T01:26:25
1601803001,493000,0.000457763671875,5.800000190734863,8,12,0,2020-10-04T12:16:41,1601677592.396353,2020-10-03T01:26:32
1601803010,218000,0.000457763671875,5.791999816894531,44,12,0,2020-10-04T12:16:50,1601677599.2948918,2020-10-03T01:26:39
1601803015,234000,0.00054931640625,5.791999816894531,80,12,0,2020-10-04T12:16:55,1601677605.505488,2020-10-03T01:26:45
1601803022,986000,0.000640869140625,5.888000011444092,116,12,0,2020-10-04T12:17:02,1601677612.921121,2020-10-03T01:26:52
1601803029,772000,0.00042724609375,5.9039998054504395,154,12,0,2020-10-04T12:17:09,1601677619.897372,2020-10-03T01:26:59
1601803036,558000,0.00048828125,5.783999919891357,196,12,0,2020-10-04T12:17:16,1601677628.393468,2020-10-03T01:27:08
1601803043,509000,0.000518798828125,5.776000022888184,231,12,0,2020-10-04T12:17:23,1601677634.6566079,2020-10-03T01:27:14
1601803051,264000,0.00048828125,5.78000020980835,11,12,0,2020-10-04T12:17:31,1601677642.2896369,2020-10-03T01:27:22
1601803059,18000,0.000396728515625,5.900000095367432,49,12,0,2020-10-04T12:17:39,1601677649.566669,2020-10-03T01:27:29
1601803065,803000,0.000518798828125,5.78000020980835,89,12,0,2020-10-04T12:17:45,1601677656.585837,2020-10-03T01:27:36
1601803070,650000,0.00042724609375,5.771999835968018,122,12,0,2020-10-04T12:17:50,1601677662.149021,2020-10-03T01:27:42
1601803078,573000,0.00042724609375,5.76800012588501,159,12,0,2020-10-04T12:17:58,1601677669.74378,2020-10-03T01:27:49
1601803085,360000,0.00042724609375,5.763999938964844,198,12,0,2020-10-04T12:18:05,1601677676.4734368,2020-10-03T01:27:56
1601803093,112000,0.000396728515625,5.855999946594238,237,12,0,2020-10-04T12:18:13,1601677684.4244199,2020-10-03T01:28:04
1601803099,893000,0.000396728515625,5.831999778747559,22,12,0,2020-10-04T12:18:19,1601677691.647853,2020-10-03T01:28:11
315964831,349000,0.00048828125,5.75600004196167,63,12,0,1980-01-06T03:00:31,1601677698.85246,2020-10-03T01:28:18
315964839,100000,0.000396728515625,5.843999862670898,103,12,0,1980-01-06T03:00:39,1601677705.959717,2020-10-03T01:28:25
315964845,883000,0.00048828125,5.748000144958496,143,12,0,1980-01-06T03:00:45,1601677713.325721,2020-10-03T01:28:33
315964853,631000,0.00048828125,5.78000020980835,182,12,0,1980-01-06T03:00:53,1601677720.587661,2020-10-03T01:28:40
315964860,596000,0.000396728515625,5.828000068664551,223,12,0,1980-01-06T03:01:00,1601677727.7276049,2020-10-03T01:28:47
315964867,373000,0.000457763671875,5.739999771118164,9,12,0,1980-01-06T03:01:07,1601677734.8764288,2020-10-03T01:28:54
315964874,151000,0.000457763671875,5.74399995803833,51,12,0,1980-01-06T03:01:14,1601677742.1776328,2020-10-03T01:29:02
315964881,898000,0.000396728515625,5.8520002365112305,90,12,0,1980-01-06T03:01:21,1601677749.529428,2020-10-03T01:29:09
315964888,677000,0.000457763671875,5.74399995803833,132,12,0,1980-01-06T03:01:28,1601677756.7304518,2020-10-03T01:29:16
315964895,655000,0.00042724609375,5.75600004196167,168,12,0,1980-01-06T03:01:35,1601677763.7256088,2020-10-03T01:29:23
315964902,433000,0.00042724609375,5.736000061035156,210,12,0,1980-01-06T03:01:42,1601677770.9902399,2020-10-03T01:29:30
315964909,211000,0.000396728515625,5.736000061035156,249,12,0,1980-01-06T03:01:49,1601677777.299769,2020-10-03T01:29:37
315964916,959000,0.000396728515625,5.811999797821045,35,12,0,1980-01-06T03:01:56,1601677785.419677,2020-10-03T01:29:45
315964923,934000,0.0003662109375,5.808000087738037,74,12,0,1980-01-06T03:02:03,1601677792.053997,2020-10-03T01:29:52
315964931,682000,0.000457763671875,5.739999771118164,113,12,0,1980-01-06T03:02:11,1601677799.733949,2020-10-03T01:29:59
315964938,462000,0.000396728515625,5.815999984741211,152,12,0,1980-01-06T03:02:18,1601677806.606849,2020-10-03T01:30:06
315964946,209000,0.000396728515625,5.73199987411499,192,12,0,1980-01-06T03:02:26,1601677814.7649,2020-10-03T01:30:14
315964952,272000,0.000457763671875,5.736000061035156,231,12,0,1980-01-06T03:02:32,1601677821.576324,2020-10-03T01:30:21
315964960,20000,0.000396728515625,5.803999900817871,14,12,0,1980-01-06T03:02:40,1601677828.9129238,2020-10-03T01:30:28
315964966,800000,0.000457763671875,5.739999771118164,51,12,0,1980-01-06T03:02:46,1601677835.340268,2020-10-03T01:30:35
315964974,546000,0.000396728515625,5.843999862670898,93,12,0,1980-01-06T03:02:54,1601677843.7192209,2020-10-03T01:30:43
315964981,516000,0.000396728515625,5.739999771118164,128,12,0,1980-01-06T03:03:01,1601677850.3387039,2020-10-03T01:30:50
315964988,294000,0.000457763671875,5.739999771118164,170,12,0,1980-01-06T03:03:08,1601677858.2014048,2020-10-03T01:30:58
315964995,70000,0.000457763671875,5.723999977111816,207,12,0,1980-01-06T03:03:15,1601677864.191856,2020-10-03T01:31:04
315965002,816000,0.00042724609375,5.796000003814697,249,12,0,1980-01-06T03:03:22,1601677872.380132,2020-10-03T01:31:12
315965009,592000,0.000396728515625,5.800000190734863,32,12,0,1980-01-06T03:03:29,1601677879.6502008,2020-10-03T01:31:19
315965016,577000,0.000396728515625,5.723999977111816,74,12,0,1980-01-06T03:03:36,1601677886.731953,2020-10-03T01:31:26
315965023,355000,0.000396728515625,5.739999771118164,115,12,0,1980-01-06T03:03:43,1601677893.904829,2020-10-03T01:31:33
315965031,102000,0.000396728515625,5.811999797821045,159,12,0,1980-01-06T03:03:51,1601677901.201845,2020-10-03T01:31:41
315965037,882000,0.0003662109375,5.771999835968018,198,12,0,1980-01-06T03:03:57,1601677908.267493,2020-10-03T01:31:48
315965044,862000,0.000457763671875,5.711999893188477,238,12,0,1980-01-06T03:04:04,1601677915.4453878,2020-10-03T01:31:55
315965051,642000,0.000457763671875,5.716000080108643,21,12,0,1980-01-06T03:04:11,1601677922.650821,2020-10-03T01:32:02
315965059,390000,0.000396728515625,5.776000022888184,63,12,0,1980-01-06T03:04:19,1601677929.7332568,2020-10-03T01:32:09
315965065,201000,0.000457763671875,5.716000080108643,99,12,0,1980-01-06T03:04:25,1601677935.76474,2020-10-03T01:32:15
315965073,143000,0.000396728515625,5.811999797821045,133,12,0,1980-01-06T03:04:33,1601677943.972808,2020-10-03T01:32:23
315965079,920000,0.000396728515625,5.823999881744385,170,12,0,1980-01-06T03:04:39,1601677950.713657,2020-10-03T01:32:30
315965086,696000,0.000457763671875,5.748000144958496,212,12,0,1980-01-06T03:04:46,1601677957.9877,2020-10-03T01:32:37
315965093,471000,0.000457763671875,5.73199987411499,248,12,0,1980-01-06T03:04:53,1601677964.437077,2020-10-03T01:32:44
315965101,210000,0.000396728515625,5.835999965667725,34,12,0,1980-01-06T03:05:01,1601677972.506489,2020-10-03T01:32:52
315965108,202000,0.000396728515625,5.803999900817871,71,12,0,1980-01-06T03:05:08,1601677978.578256,2020-10-03T01:32:58
315965114,974000,0.000396728515625,5.71999979019165,113,12,0,1980-01-06T03:05:14,1601677986.9960718,2020-10-03T01:33:06
315965121,747000,0.000396728515625,5.699999809265137,148,12,0,1980-01-06T03:05:21,1601677993.276041,2020-10-03T01:33:13
315965129,485000,0.000396728515625,5.820000171661377,189,12,0,1980-01-06T03:05:29,1601678001.1758769,2020-10-03T01:33:21
315965136,486000,0.000396728515625,5.76800012588501,224,12,0,1980-01-06T03:05:36,1601678007.923416,2020-10-03T01:33:27
315965144,224000,0.00048828125,5.776000022888184,8,12,0,1980-01-06T03:05:44,1601678015.894093,2020-10-03T01:33:35
315965150,996000,0.000396728515625,5.868000030517578,43,12,0,1980-01-06T03:05:50,1601678022.4714398,2020-10-03T01:33:42
315965157,768000,0.00048828125,5.748000144958496,85,12,0,1980-01-06T03:05:57,1601678030.30156,2020-10-03T01:33:50
315965164,772000,0.00048828125,5.760000228881836,122,12,0,1980-01-06T03:06:04,1601678036.663188,2020-10-03T01:33:56
315965172,510000,0.000396728515625,5.8520002365112305,162,12,0,1980-01-06T03:06:12,1601678044.7320518,2020-10-03T01:34:04
315965179,280000,0.00048828125,5.75600004196167,201,12,0,1980-01-06T03:06:19,1601678051.466496,2020-10-03T01:34:11
315965186,49000,0.00048828125,5.751999855041504,245,12,0,1980-01-06T03:06:26,1601678059.274361,2020-10-03T01:34:19
315965193,783000,0.000396728515625,5.883999824523926,28,12,0,1980-01-06T03:06:33,1601678066.543381,2020-10-03T01:34:26
315965200,793000,0.000396728515625,5.78000020980835,70,12,0,1980-01-06T03:06:40,1601678073.878697,2020-10-03T01:34:33
315965208,531000,0.000396728515625,5.868000030517578,110,12,0,1980-01-06T03:06:48,1601678081.467833,2020-10-03T01:34:41
315965215,300000,0.000396728515625,5.776000022888184,149,12,0,1980-01-06T03:06:55,1601678087.8472998,2020-10-03T01:34:47
315965220,135000,0.000396728515625,5.868000030517578,181,12,0,1980-01-06T03:07:00,1601678093.6202369,2020-10-03T01:34:53
315965227,143000,0.000457763671875,5.78000020980835,212,12,0,1980-01-06T03:07:07,1601678100.1873999,2020-10-03T01:35:00
315965232,945000,0.000396728515625,5.895999908447266,255,12,0,1980-01-06T03:07:12,1601678108.332068,2020-10-03T01:35:08
315965240,681000,0.000396728515625,5.880000114440918,36,12,0,1980-01-06T03:07:20,1601678114.348052,2020-10-03T01:35:14
315965247,448000,0.000518798828125,5.783999919891357,73,12,0,1980-01-06T03:07:27,1601678121.721392,2020-10-03T01:35:21
315965255,179000,0.000396728515625,5.883999824523926,111,12,0,1980-01-06T03:07:35,1601678129.227609,2020-10-03T01:35:29
315964841,923000,0.000640869140625,5.78000020980835,138,12,0,1980-01-06T03:00:41,1601678135.150497,2020-10-03T01:35:35
315964846,754000,0.00054931640625,5.771999835968018,176,12,0,1980-01-06T03:00:46,1601678142.4383929,2020-10-03T01:35:42
315964853,516000,0.000579833984375,5.771999835968018,210,12,0,1980-01-06T03:00:53,1601678148.3199968,2020-10-03T01:35:48
315964861,243000,0.0006103515625,5.771999835968018,251,12,0,1980-01-06T03:01:01,1601678156.171025,2020-10-03T01:35:56
315964869,242000,0.000396728515625,5.9079999923706055,34,12,0,1980-01-06T03:01:09,1601678162.349905,2020-10-03T01:36:02
315964875,999000,0.000457763671875,5.791999816894531,73,12,0,1980-01-06T03:01:15,1601678170.7377238,2020-10-03T01:36:10
315964880,826000,0.000396728515625,5.935999870300293,110,12,0,1980-01-06T03:01:20,1601678176.039273,2020-10-03T01:36:16
315964889,512000,0.000457763671875,5.796000003814697,153,12,0,1980-01-06T03:01:29,1601678184.222005,2020-10-03T01:36:24
315964894,337000,0.000457763671875,5.791999816894531,191,12,0,1980-01-06T03:01:34,1601678190.047353,2020-10-03T01:36:30
315964901,389000,0.000457763671875,5.788000106811523,228,12,0,1980-01-06T03:01:41,1601678198.14624,2020-10-03T01:36:38
315964908,142000,0.000457763671875,5.788000106811523,9,12,0,1980-01-06T03:01:48,1601678204.154533,2020-10-03T01:36:44
315964916,822000,0.000396728515625,5.932000160217285,49,12,0,1980-01-06T03:01:56,1601678212.1438558,2020-10-03T01:36:52
315964923,573000,0.0006103515625,5.76800012588501,88,12,0,1980-01-06T03:02:03,1601678218.633285,2020-10-03T01:36:58
315964930,641000,0.000396728515625,5.952000141143799,128,12,0,1980-01-06T03:02:10,1601678225.665484,2020-10-03T01:37:05
315964937,390000,0.000701904296875,5.831999778747559,165,12,0,1980-01-06T03:02:17,1601678232.401448,2020-10-03T01:37:12
315964945,101000,0.00067138671875,5.843999862670898,206,12,0,1980-01-06T03:02:25,1601678241.2193248,2020-10-03T01:37:21
315964950,884000,0.000640869140625,5.9120001792907715,244,12,0,1980-01-06T03:02:30,1601678246.9288769,2020-10-03T01:37:26
315964960,864000,0.000640869140625,5.860000133514404,33,12,0,1980-01-06T03:02:40,1601678256.437036,2020-10-03T01:37:36
315964968,572000,0.000396728515625,6.007999897003174,77,12,0,1980-01-06T03:02:48,1601678264.7213888,2020-10-03T01:37:44
315964977,243000,0.000701904296875,5.855999946594238,122,12,0,1980-01-06T03:02:57,1601678273.7568169,2020-10-03T01:37:53
315964984,948000,0.00048828125,5.860000133514404,168,12,0,1980-01-06T03:03:04,1601678282.228436,2020-10-03T01:38:02
1601804345,171000,0.00048828125,5.868000030517578,217,12,0,2020-10-04T12:39:05,1601678292.3235888,2020-10-03T01:38:12
1601804352,875000,0.000396728515625,5.992000102996826,4,12,0,2020-10-04T12:39:12,1601678299.942597,2020-10-03T01:38:19
1601804363,466000,0.00042724609375,6.067999839782715,45,12,0,2020-10-04T12:39:23,1601678309.1865568,2020-10-03T01:38:29
1601804371,60000,0.000640869140625,5.9039998054504395,90,12,0,2020-10-04T12:39:31,1601678317.654264,2020-10-03T01:38:37
1601804380,688000,0.00067138671875,5.935999870300293,135,12,0,2020-10-04T12:39:40,1601678327.636817,2020-10-03T01:38:47
1601804388,390000,0.000396728515625,6.0960001945495605,177,12,0,2020-10-04T12:39:48,1601678334.710813,2020-10-03T01:38:54
1601804398,15000,0.00042724609375,6.099999904632568,226,12,0,2020-10-04T12:39:58,1601678344.663476,2020-10-03T01:39:04
1601804403,667000,0.000640869140625,5.923999786376953,11,12,0,2020-10-04T12:40:03,1601678351.312701,2020-10-03T01:39:11
1601804413,290000,0.00067138671875,5.932000160217285,56,12,0,2020-10-04T12:40:13,1601678360.264081,2020-10-03T01:39:20
1601804420,988000,0.00067138671875,5.943999767303467,102,12,0,2020-10-04T12:40:20,1601678369.420832,2020-10-03T01:39:29
1601804431,499000,0.000457763671875,5.955999851226807,143,12,0,2020-10-04T12:40:31,1601678378.258973,2020-10-03T01:39:38
1601804439,193000,0.00042724609375,6.107999801635742,184,12,0,2020-10-04T12:40:39,1601678387.458528,2020-10-03T01:39:47
1601804448,812000,0.00048828125,5.984000205993652,230,12,0,2020-10-04T12:40:48,1601678396.167192,2020-10-03T01:39:56
1601804456,505000,0.00042724609375,6.1479997634887695,5,12,0,2020-10-04T12:40:56,1601678403.58024,2020-10-03T01:40:03
1601804466,834000,0.00048828125,6.015999794006348,50,12,0,2020-10-04T12:41:06,1601678412.995005,2020-10-03T01:40:12
1601804474,525000,0.00042724609375,6.164000034332275,85,12,0,2020-10-04T12:41:14,1601678420.931721,2020-10-03T01:40:20
1601804490,867000,0.000640869140625,6.019999980926514,171,12,0,2020-10-04T12:41:30,1601678438.727217,2020-10-03T01:40:38
1601804502,588000,0.000396728515625,6.1479997634887695,217,12,0,2020-10-04T12:41:42,1601678448.714068,2020-10-03T01:40:48
1601804509,313000,0.00042724609375,6.144000053405762,0,12,0,2020-10-04T12:41:49,1601678455.659385,2020-10-03T01:40:55
1601804518,919000,0.000640869140625,6.056000232696533,38,12,0,2020-10-04T12:41:58,1601678466.1696239,2020-10-03T01:41:06
1601804527,550000,0.00042724609375,6.228000164031982,70,12,0,2020-10-04T12:42:07,1601678473.711396,2020-10-03T01:41:13
1601804537,156000,0.00067138671875,6.076000213623047,114,12,0,2020-10-04T12:42:17,1601678484.236969,2020-10-03T01:41:24
1601804544,842000,0.00042724609375,6.223999977111816,156,12,0,2020-10-04T12:42:24,1601678491.6754608,2020-10-03T01:41:31
1601804555,282000,0.00048828125,6.0879998207092285,204,12,0,2020-10-04T12:42:35,1601678502.280237,2020-10-03T01:41:42
1601804562,965000,0.000457763671875,6.107999801635742,242,12,0,2020-10-04T12:42:42,1601678509.6001449,2020-10-03T01:41:49
1601804572,568000,0.00042724609375,6.159999847412109,32,12,0,2020-10-04T12:42:52,1601678519.48468,2020-10-03T01:41:59
1601804579,290000,0.00048828125,6.124000072479248,73,12,0,2020-10-04T12:42:59,1601678526.4925718,2020-10-03T01:42:06
1601804597,623000,0.00042724609375,6.119999885559082,158,12,0,2020-10-04T12:43:17,1601678543.127136,2020-10-03T01:42:23
1601804605,302000,0.000457763671875,6.296000003814697,204,12,0,2020-10-04T12:43:25,1601678551.8973439,2020-10-03T01:42:31
1601804613,941000,0.000640869140625,6.131999969482422,248,12,0,2020-10-04T12:43:33,1601678560.119505,2020-10-03T01:42:40
1601804622,547000,0.00067138671875,6.1479997634887695,39,12,0,2020-10-04T12:43:42,1601678569.162485,2020-10-03T01:42:49
1601804632,144000,0.000640869140625,6.156000137329102,87,12,0,2020-10-04T12:43:52,1601678577.9035969,2020-10-03T01:42:57
1601804639,821000,0.000457763671875,6.335999965667725,131,12,0,2020-10-04T12:43:59,1601678587.130285,2020-10-03T01:43:07
1601804648,561000,0.00042724609375,6.331999778747559,173,12,0,2020-10-04T12:44:08,1601678595.018873,2020-10-03T01:43:15
1601804658,155000,0.00042724609375,6.216000080108643,216,12,0,2020-10-04T12:44:18,1601678604.6964319,2020-10-03T01:43:24
1601804665,829000,0.00042724609375,6.331999778747559,3,12,0,2020-10-04T12:44:25,1601678612.639312,2020-10-03T01:43:32
1601804673,504000,0.00042724609375,6.216000080108643,46,12,0,2020-10-04T12:44:33,1601678620.9784079,2020-10-03T01:43:40
1601804684,85000,0.000518798828125,6.208000183105469,95,12,0,2020-10-04T12:44:44,1601678630.700116,2020-10-03T01:43:50
1601804691,757000,0.00067138671875,6.208000183105469,139,12,0,2020-10-04T12:44:51,1601678638.736336,2020-10-03T01:43:58
1601804699,429000,0.00042724609375,6.360000133514404,179,12,0,2020-10-04T12:44:59,1601678646.239336,2020-10-03T01:44:06
1601804709,18000,0.000640869140625,6.24399995803833,227,12,0,2020-10-04T12:45:09,1601678656.389529,2020-10-03T01:44:16
1601804717,673000,0.00067138671875,6.23199987411499,14,12,0,2020-10-04T12:45:17,1601678663.942245,2020-10-03T01:44:23
1601804725,344000,0.000457763671875,6.4120001792907715,62,12,0,2020-10-04T12:45:25,1601678673.393949,2020-10-03T01:44:33
1601804734,931000,0.000701904296875,6.263999938964844,109,12,0,2020-10-04T12:45:34,1601678682.352865,2020-10-03T01:44:42
1601804743,548000,0.000640869140625,6.26800012588501,156,12,0,2020-10-04T12:45:43,1601678691.077513,2020-10-03T01:44:51
1601804751,217000,0.00042724609375,6.443999767303467,185,12,0,2020-10-04T12:45:51,1601678697.841192,2020-10-03T01:44:57
1601804760,803000,0.000457763671875,6.435999870300293,233,12,0,2020-10-04T12:46:00,1601678707.693769,2020-10-03T01:45:07
1601804767,514000,0.000518798828125,6.283999919891357,10,12,0,2020-10-04T12:46:07,1601678715.2368848,2020-10-03T01:45:15
1601804778,195000,0.00042724609375,6.415999889373779,54,12,0,2020-10-04T12:46:18,1601678724.513969,2020-10-03T01:45:24
1601804784,903000,0.000518798828125,6.28000020980835,96,12,0,2020-10-04T12:46:24,1601678731.674252,2020-10-03T01:45:31
1601804792,568000,0.000518798828125,6.288000106811523,141,12,0,2020-10-04T12:46:32,1601678740.244845,2020-10-03T01:45:40
1601804802,146000,0.000640869140625,6.308000087738037,186,12,0,2020-10-04T12:46:42,1601678749.330621,2020-10-03T01:45:49
1601804810,823000,0.00067138671875,6.308000087738037,230,12,0,2020-10-04T12:46:50,1601678757.4738128,2020-10-03T01:45:57
1601804818,486000,0.000701904296875,6.328000068664551,20,12,0,2020-10-04T12:46:58,1601678765.802152,2020-10-03T01:46:05
1601804829,22000,0.000457763671875,6.5,68,12,0,2020-10-04T12:47:09,1601678775.651732,2020-10-03T01:46:15
1601804836,755000,0.000701904296875,6.315999984741211,111,12,0,2020-10-04T12:47:16,1601678783.664528,2020-10-03T01:46:23
1601804846,327000,0.00067138671875,6.320000171661377,155,12,0,2020-10-04T12:47:26,1601678793.2818608,2020-10-03T01:46:33
1601804855,905000,0.000457763671875,6.320000171661377,202,12,0,2020-10-04T12:47:35,1601678802.035368,2020-10-03T01:46:42
1601804863,566000,0.000457763671875,6.507999897003174,245,12,0,2020-10-04T12:47:43,1601678810.457156,2020-10-03T01:46:50
1601804871,337000,0.000518798828125,6.355999946594238,31,12,0,2020-10-04T12:47:51,1601678818.2531679,2020-10-03T01:46:58
1601804880,970000,0.00048828125,6.360000133514404,72,12,0,2020-10-04T12:48:00,1601678827.638352,2020-10-03T01:47:07
1601804887,668000,0.00042724609375,6.368000030517578,116,12,0,2020-10-04T12:48:07,1601678835.286969,2020-10-03T01:47:15
1601804898,302000,0.000518798828125,6.355999946594238,157,12,0,2020-10-04T12:48:18,1601678844.1175358,2020-10-03T01:47:24
1601804905,962000,0.000518798828125,6.331999778747559,202,12,0,2020-10-04T12:48:25,1601678852.95526,2020-10-03T01:47:32
1601804915,536000,0.00048828125,6.340000152587891,248,12,0,2020-10-04T12:48:35,1601678861.850849,2020-10-03T01:47:41
1601804923,192000,0.00067138671875,6.331999778747559,34,12,0,2020-10-04T12:48:43,1601678870.130621,2020-10-03T01:47:50
1601804931,904000,0.00067138671875,6.335999965667725,78,12,0,2020-10-04T12:48:51,1601678880.134001,2020-10-03T01:48:00
1601804941,474000,0.000640869140625,6.3480000495910645,125,12,0,2020-10-04T12:49:01,1601678888.936748,2020-10-03T01:48:08
1601804949,129000,0.00067138671875,6.368000030517578,168,12,0,2020-10-04T12:49:09,1601678896.514976,2020-10-03T01:48:16
1601804959,769000,0.000762939453125,6.372000217437744,213,12,0,2020-10-04T12:49:19,1601678905.304324,2020-10-03T01:48:25
1601804967,424000,0.000640869140625,6.375999927520752,3,12,0,2020-10-04T12:49:27,1601678914.757525,2020-10-03T01:48:34
1601804975,76000,0.000762939453125,6.395999908447266,44,12,0,2020-10-04T12:49:35,1601678921.953832,2020-10-03T01:48:41
1601804984,642000,0.000457763671875,6.544000148773193,88,12,0,2020-10-04T12:49:44,1601678931.612248,2020-10-03T01:48:51
1601804992,445000,0.000518798828125,6.368000030517578,135,12,0,2020-10-04T12:49:52,1601678940.2880318,2020-10-03T01:49:00
1601805002,966000,0.000457763671875,6.5320000648498535,179,12,0,2020-10-04T12:50:02,1601678949.666285,2020-10-03T01:49:09
1601805009,661000,0.00054931640625,6.375999927520752,228,12,0,2020-10-04T12:50:09,1601678958.345392,2020-10-03T01:49:18
1601805021,250000,0.000457763671875,6.556000232696533,13,12,0,2020-10-04T12:50:21,1601678967.465365,2020-10-03T01:49:27
1601805027,945000,0.000518798828125,6.392000198364258,56,12,0,2020-10-04T12:50:27,1601678975.0111969,2020-10-03T01:49:35
1601805045,158000,0.000762939453125,6.368000030517578,136,12,0,2020-10-04T12:50:45,1601678992.340468,2020-10-03T01:49:52
1601805055,573000,0.000457763671875,6.5279998779296875,174,12,0,2020-10-04T12:50:55,1601679001.6210248,2020-10-03T01:50:01
1601805062,266000,0.000701904296875,6.388000011444092,217,12,0,2020-10-04T12:51:02,1601679009.394173,2020-10-03T01:50:09
1601805072,783000,0.000457763671875,6.5920000076293945,7,12,0,2020-10-04T12:51:12,1601679019.320041,2020-10-03T01:50:19
1601805079,475000,0.000457763671875,6.452000141143799,50,12,0,2020-10-04T12:51:19,1601679027.270148,2020-10-03T01:50:27
1601805090,15000,0.000701904296875,6.420000076293945,99,12,0,2020-10-04T12:51:30,1601679037.363885,2020-10-03T01:50:37
1601805097,662000,0.000457763671875,6.5920000076293945,143,12,0,2020-10-04T12:51:37,1601679044.528797,2020-10-03T01:50:44
1601805105,308000,0.000457763671875,6.544000148773193,186,12,0,2020-10-04T12:51:45,1601679052.9316359,2020-10-03T01:50:52
1601805114,106000,0.000518798828125,6.423999786376953,233,12,0,2020-10-04T12:51:54,1601679062.2981288,2020-10-03T01:51:02
1601805124,617000,0.000518798828125,6.440000057220459,24,12,0,2020-10-04T12:52:04,1601679071.7090728,2020-10-03T01:51:11
1601805132,260000,0.000457763671875,6.607999801635742,55,12,0,2020-10-04T12:52:12,1601679079.355625,2020-10-03T01:51:19
1601805141,814000,0.000457763671875,6.464000225067139,96,12,0,2020-10-04T12:52:21,1601679089.5695438,2020-10-03T01:51:29
1601805150,675000,0.000457763671875,6.52400016784668,138,12,0,2020-10-04T12:52:30,1601679097.350936,2020-10-03T01:51:37
1601805160,229000,0.000457763671875,6.599999904632568,170,12,0,2020-10-04T12:52:40,1601679106.302285,2020-10-03T01:51:46
1601805167,872000,0.000701904296875,6.492000102996826,213,12,0,2020-10-04T12:52:47,1601679115.157089,2020-10-03T01:51:55
1601805178,513000,0.00067138671875,6.447999954223633,252,12,0,2020-10-04T12:52:58,1601679124.415701,2020-10-03T01:52:04
1601805186,151000,0.000457763671875,6.5920000076293945,39,12,0,2020-10-04T12:53:06,1601679132.381861,2020-10-03T01:52:12
1601805193,792000,0.000457763671875,6.728000164031982,87,12,0,2020-10-04T12:53:13,1601679142.555517,2020-10-03T01:52:22
1601805203,343000,0.000457763671875,6.736000061035156,129,12,0,2020-10-04T12:53:23,1601679150.576428,2020-10-03T01:52:30
1601805212,145000,0.000457763671875,6.748000144958496,173,12,0,2020-10-04T12:53:32,1601679158.6499488,2020-10-03T01:52:38
1601805221,695000,0.000457763671875,6.736000061035156,215,12,0,2020-10-04T12:53:41,1601679167.9752889,2020-10-03T01:52:47
1601805229,334000,0.000457763671875,6.728000164031982,3,12,0,2020-10-04T12:53:49,1601679176.2509198,2020-10-03T01:52:56
1601805237,299000,0.00054931640625,6.599999904632568,42,12,0,2020-10-04T12:53:57,1601679183.4035718,2020-10-03T01:53:03
1601805246,845000,0.00054931640625,6.51200008392334,91,12,0,2020-10-04T12:54:06,1601679193.033932,2020-10-03T01:53:13
1601805254,482000,0.000457763671875,6.579999923706055,133,12,0,2020-10-04T12:54:14,1601679201.6968808,2020-10-03T01:53:21
1601805264,29000,0.00054931640625,6.644000053405762,178,12,0,2020-10-04T12:54:24,1601679211.18486,2020-10-03T01:53:31
1601805272,721000,0.000457763671875,6.74399995803833,224,12,0,2020-10-04T12:54:32,1601679219.920421,2020-10-03T01:53:39
1601805281,311000,0.000701904296875,6.6519999504089355,14,12,0,2020-10-04T12:54:41,1601679228.610668,2020-10-03T01:53:48
1601805288,947000,0.000457763671875,6.860000133514404,63,12,0,2020-10-04T12:54:48,1601679238.400013,2020-10-03T01:53:58
1601805299,871000,0.00067138671875,6.771999835968018,107,12,0,2020-10-04T12:54:59,1601679246.4735758,2020-10-03T01:54:06
1601805307,507000,0.000457763671875,6.803999900817871,150,12,0,2020-10-04T12:55:07,1601679256.2832649,2020-10-03T01:54:16
1601805315,143000,0.00067138671875,6.668000221252441,185,12,0,2020-10-04T12:55:15,1601679263.243176,2020-10-03T01:54:23
1601805323,734000,0.000457763671875,6.796000003814697,215,12,0,2020-10-04T12:55:23,1601679269.1636329,2020-10-03T01:54:29
1601805585,422000,0.000457763671875,6.915999889373779,5,12,0,2020-10-04T12:59:45,1601679284.3372009,2020-10-03T01:54:44
1601805598,782000,0.000457763671875,6.723999977111816,48,12,0,2020-10-04T12:59:58,1601679297.791149,2020-10-03T01:54:57
1601805367,919000,0.000457763671875,6.915999889373779,85,12,0,2020-10-04T12:56:07,1601679314.952405,2020-10-03T01:55:14
1601805382,231000,0.000701904296875,6.831999778747559,134,12,0,2020-10-04T12:56:22,1601679332.562048,2020-10-03T01:55:32
1601805400,573000,0.000457763671875,6.932000160217285,174,12,0,2020-10-04T12:56:40,1601679346.5279999,2020-10-03T01:55:46
1601805412,976000,0.000457763671875,6.935999870300293,218,12,0,2020-10-04T12:56:52,1601679360.4984438,2020-10-03T01:56:00
1601805431,339000,0.00048828125,7.0279998779296875,7,12,0,2020-10-04T12:57:11,1601679378.0289478,2020-10-03T01:56:18
1601805463,6000,0.00048828125,7.035999774932861,96,12,0,2020-10-04T12:57:43,1601679409.068385,2020-10-03T01:56:49
1601805475,407000,0.000457763671875,6.964000225067139,141,12,0,2020-10-04T12:57:55,1601679423.385069,2020-10-03T01:57:03
1601805494,744000,0.000762939453125,6.915999889373779,187,12,0,2020-10-04T12:58:14,1601679440.9217598,2020-10-03T01:57:20
1601805507,143000,0.000457763671875,7.039999961853027,238,12,0,2020-10-04T12:58:27,1601679457.775292,2020-10-03T01:57:37
1601805538,821000,0.00048828125,7.047999858856201,40,12,0,2020-10-04T12:58:58,1601679486.674037,2020-10-03T01:58:06
1601805558,154000,0.00048828125,7.056000232696533,84,12,0,2020-10-04T12:59:18,1601679503.842821,2020-10-03T01:58:23
1601805570,547000,0.00048828125,7.056000232696533,121,12,0,2020-10-04T12:59:30,1601679518.206485,2020-10-03T01:58:38
1601805588,905000,0.000457763671875,7.056000232696533,161,12,0,2020-10-04T12:59:48,1601679535.417932,2020-10-03T01:58:55
1601805602,251000,0.00048828125,7.059999942779541,207,12,0,2020-10-04T13:00:02,1601679549.4802759,2020-10-03T01:59:09
1601805633,943000,0.00048828125,7.067999839782715,26,12,0,2020-10-04T13:00:33,1601679581.2301838,2020-10-03T01:59:41
1601805647,558000,0.00048828125,7.067999839782715,68,12,0,2020-10-04T13:00:47,1601679598.320457,2020-10-03T01:59:58
1601805664,717000,0.00048828125,7.072000026702881,102,12,0,2020-10-04T13:01:04,1601679612.2927198,2020-10-03T02:00:12
1601805696,423000,0.00048828125,7.076000213623047,174,12,0,2020-10-04T13:01:36,1601679644.194172,2020-10-03T02:00:44
1601805710,983000,0.00048828125,7.076000213623047,213,12,0,2020-10-04T13:01:50,1601679658.059181,2020-10-03T02:00:58
1601805742,696000,0.000762939453125,7.019999980926514,21,12,0,2020-10-04T13:02:22,1601679689.0041358,2020-10-03T02:01:29
1601805761,59000,0.00048828125,7.079999923706055,66,12,0,2020-10-04T13:02:41,1601679706.693408,2020-10-03T02:01:46
1601805773,449000,0.00048828125,7.084000110626221,113,12,0,2020-10-04T13:02:53,1601679720.8321528,2020-10-03T02:02:00
1601805791,829000,0.000457763671875,7.0879998207092285,142,12,0,2020-10-04T13:03:11,1601679737.033536,2020-10-03T02:02:17
1601805868,649000,0.000457763671875,7.039999961853027,57,12,0,2020-10-04T13:04:28,1601679815.614492,2020-10-03T02:03:35
1601805900,361000,0.000457763671875,6.892000198364258,109,12,0,2020-10-04T13:05:00,1601679847.411916,2020-10-03T02:04:07
1601805918,737000,0.000457763671875,6.76800012588501,146,12,0,2020-10-04T13:05:18,1601679864.351744,2020-10-03T02:04:24
1601805931,125000,0.000457763671875,6.751999855041504,184,12,0,2020-10-04T13:05:31,1601679878.6323528,2020-10-03T02:04:38
1601805950,428000,0.000457763671875,6.739999771118164,210,12,0,2020-10-04T13:05:50,1601679895.520932,2020-10-03T02:04:55
1601805962,816000,0.000457763671875,6.748000144958496,228,12,0,2020-10-04T13:06:02,1601679910.0755448,2020-10-03T02:05:10
1601805981,208000,0.000457763671875,6.664000034332275,0,12,0,2020-10-04T13:06:21,1601679926.205973,2020-10-03T02:05:26
1601805994,547000,0.000457763671875,6.671999931335449,48,12,0,2020-10-04T13:06:34,1601679941.4463289,2020-10-03T02:05:41
1601806012,893000,0.000457763671875,6.659999847412109,84,12,0,2020-10-04T13:06:52,1601679958.120909,2020-10-03T02:05:58
1601806039,862000,0.000457763671875,6.656000137329102,113,12,0,2020-10-04T13:07:19,1601679986.727084,2020-10-03T02:06:26
1601806057,20000,0.000457763671875,6.664000034332275,131,12,0,2020-10-04T13:07:37,1601680004.224933,2020-10-03T02:06:44
1601806087,779000,0.000457763671875,6.671999931335449,142,12,0,2020-10-04T13:08:07,1601680035.216529,2020-10-03T02:07:15
1601806106,129000,0.000457763671875,6.671999931335449,162,12,0,2020-10-04T13:08:26,1601680053.063381,2020-10-03T02:07:33
1601806119,483000,0.000457763671875,6.679999828338623,208,12,0,2020-10-04T13:08:39,1601680066.815212,2020-10-03T02:07:46
1601806138,794000,0.000457763671875,6.751999855041504,255,12,0,2020-10-04T13:08:58,1601680083.7049,2020-10-03T02:08:03
1601806151,198000,0.000457763671875,6.760000228881836,47,12,0,2020-10-04T13:09:11,1601680098.649608,2020-10-03T02:08:18
1601806169,543000,0.000457763671875,6.74399995803833,93,12,0,2020-10-04T13:09:29,1601680115.829829,2020-10-03T02:08:35
1601806182,907000,0.000457763671875,6.751999855041504,137,12,0,2020-10-04T13:09:42,1601680129.105773,2020-10-03T02:08:49
1601806200,256000,0.000457763671875,6.760000228881836,183,12,0,2020-10-04T13:10:00,1601680146.932313,2020-10-03T02:09:06
1601806213,627000,0.000457763671875,6.723999977111816,226,12,0,2020-10-04T13:10:13,1601680161.049172,2020-10-03T02:09:21
1601806228,172000,0.000457763671875,6.708000183105469,15,12,0,2020-10-04T13:10:28,1601680174.7134519,2020-10-03T02:09:34
1601806245,376000,0.000457763671875,6.668000221252441,65,12,0,2020-10-04T13:10:45,1601680192.513332,2020-10-03T02:09:52
1601806263,695000,0.000457763671875,6.656000137329102,115,12,0,2020-10-04T13:11:03,1601680210.198205,2020-10-03T02:10:10
1601806276,129000,0.000457763671875,6.659999847412109,158,12,0,2020-10-04T13:11:16,1601680223.646396,2020-10-03T02:10:23
1601806295,397000,0.000457763671875,6.627999782562256,203,12,0,2020-10-04T13:11:35,1601680240.511137,2020-10-03T02:10:40
1601806307,839000,0.000457763671875,6.624000072479248,246,12,0,2020-10-04T13:11:47,1601680255.230845,2020-10-03T02:10:55
1601806327,88000,0.000457763671875,6.607999801635742,35,12,0,2020-10-04T13:12:07,1601680272.758441,2020-10-03T02:11:12
1601806339,540000,0.000457763671875,6.584000110626221,82,12,0,2020-10-04T13:12:19,1601680286.655856,2020-10-03T02:11:26
1601806357,833000,0.000457763671875,6.579999923706055,129,12,0,2020-10-04T13:12:37,1601680304.018024,2020-10-03T02:11:44
1601806371,252000,0.000457763671875,6.5879998207092285,177,12,0,2020-10-04T13:12:51,1601680317.8924398,2020-10-03T02:11:57
1601806388,558000,0.000457763671875,6.636000156402588,222,12,0,2020-10-04T13:13:08,1601680335.258409,2020-10-03T02:12:15
1601806402,943000,0.000457763671875,6.636000156402588,9,12,0,2020-10-04T13:13:22,1601680348.9787319,2020-10-03T02:12:28
1601806416,423000,0.000457763671875,6.619999885559082,54,12,0,2020-10-04T13:13:36,1601680363.477417,2020-10-03T02:12:43
1601806433,697000,0.000457763671875,6.599999904632568,102,12,0,2020-10-04T13:13:53,1601680381.20044,2020-10-03T02:13:01
1601806452,909000,0.000457763671875,6.584000110626221,146,12,0,2020-10-04T13:14:12,1601680398.206089,2020-10-03T02:13:18
1601806465,397000,0.000457763671875,6.584000110626221,193,12,0,2020-10-04T13:14:25,1601680412.57632,2020-10-03T02:13:32
1601806483,650000,0.000457763671875,6.564000129699707,238,12,0,2020-10-04T13:14:43,1601680429.043848,2020-10-03T02:13:49
1601806497,111000,0.00054931640625,6.519999980926514,25,12,0,2020-10-04T13:14:57,1601680443.646821,2020-10-03T02:14:03
1601806510,300000,0.00042724609375,6.5320000648498535,67,12,0,2020-10-04T13:15:10,1601680457.278137,2020-10-03T02:14:17
1601806523,776000,0.000457763671875,6.495999813079834,104,12,0,2020-10-04T13:15:23,1601680469.8753,2020-10-03T02:14:29
1601806532,443000,0.000457763671875,6.484000205993652,142,12,0,2020-10-04T13:15:32,1601680483.294057,2020-10-03T02:14:43
1601806550,177000,0.000457763671875,6.480000019073486,186,12,0,2020-10-04T13:15:50,1601680497.716148,2020-10-03T02:14:57
1601806558,855000,0.000457763671875,6.455999851226807,226,12,0,2020-10-04T13:15:58,1601680509.4796329,2020-10-03T02:15:09
1601806514,652000,0.000457763671875,6.415999889373779,13,12,0,2020-10-04T13:15:14,1601680523.989416,2020-10-03T02:15:23
1601806523,341000,0.00042724609375,6.4120001792907715,51,12,0,2020-10-04T13:15:23,1601680533.3072689,2020-10-03T02:15:33
1601806536,199000,0.00042724609375,6.388000011444092,96,12,0,2020-10-04T13:15:36,1601680549.381516,2020-10-03T02:15:49
1601806549,722000,0.000457763671875,6.355999946594238,136,12,0,2020-10-04T13:15:49,1601680559.657781,2020-10-03T02:15:59
1601806514,72000,0.000762939453125,6.136000156402588,216,12,0,2020-10-04T13:15:14,1601680586.3266518,2020-10-03T02:16:26
1601806526,641000,0.00042724609375,6.296000003814697,1,12,0,2020-10-04T13:15:26,1601680599.27258,2020-10-03T02:16:39
1601806539,464000,0.00042724609375,6.271999835968018,40,12,0,2020-10-04T13:15:39,1601680612.6811838,2020-10-03T02:16:52
1601806552,39000,0.000457763671875,6.251999855041504,78,12,0,2020-10-04T13:15:52,1601680625.6370199,2020-10-03T02:17:05
1601806503,802000,0.00042724609375,6.223999977111816,116,12,0,2020-10-04T13:15:03,1601680638.882201,2020-10-03T02:17:18
1601806516,379000,0.000396728515625,6.188000202178955,157,12,0,2020-10-04T13:15:16,1601680652.447669,2020-10-03T02:17:32
1601806529,927000,0.000396728515625,6.168000221252441,199,12,0,2020-10-04T13:15:29,1601680665.631217,2020-10-03T02:17:45
1601806543,703000,0.000457763671875,6.139999866485596,240,12,0,2020-10-04T13:15:43,1601680679.761508,2020-10-03T02:17:59
1601806552,414000,0.00042724609375,6.124000072479248,24,12,0,2020-10-04T13:15:52,1601680691.8885999,2020-10-03T02:18:11
1601806508,76000,0.000396728515625,6.079999923706055,67,12,0,2020-10-04T13:15:08,1601680705.862032,2020-10-03T02:18:25
1601806516,783000,0.000396728515625,6.035999774932861,106,12,0,2020-10-04T13:15:16,1601680719.1300879,2020-10-03T02:18:39
1601806533,461000,0.000396728515625,6.01200008392334,150,12,0,2020-10-04T13:15:33,1601680732.647789,2020-10-03T02:18:52
1601806507,412000,0.000396728515625,5.97599983215332,4,12,0,2020-10-04T13:15:07,1601680768.645148,2020-10-03T02:19:28
1601806520,33000,0.000396728515625,5.940000057220459,44,12,0,2020-10-04T13:15:20,1601680781.707789,2020-10-03T02:19:41
1601806532,859000,0.000396728515625,5.923999786376953,81,12,0,2020-10-04T13:15:32,1601680794.6667159,2020-10-03T02:19:54
1601806545,417000,0.000396728515625,5.9120001792907715,124,12,0,2020-10-04T13:15:45,1601680808.2344608,2020-10-03T02:20:08
1601806511,611000,0.000396728515625,5.863999843597412,195,12,0,2020-10-04T13:15:11,1601680839.387333,2020-10-03T02:20:39
1601806910,695000,0.000396728515625,5.860000133514404,242,12,0,2020-10-04T13:21:50,1601680855.720856,2020-10-03T02:20:55
1601806923,232000,0.000396728515625,5.835999965667725,36,12,0,2020-10-04T13:22:03,1601680870.6418529,2020-10-03T02:21:10
1601806942,465000,0.000396728515625,5.823999881744385,81,12,0,2020-10-04T13:22:22,1601680888.380797,2020-10-03T02:21:28
1601806954,991000,0.000396728515625,5.791999816894531,125,12,0,2020-10-04T13:22:34,1601680902.213953,2020-10-03T02:21:42
1601806973,181000,0.0003662109375,5.788000106811523,170,12,0,2020-10-04T13:22:53,1601680919.1195319,2020-10-03T02:21:59
1601806986,658000,0.0003662109375,5.788000106811523,214,12,0,2020-10-04T13:23:06,1601680933.780381,2020-10-03T02:22:13
1601807005,819000,0.000396728515625,5.760000228881836,3,12,0,2020-10-04T13:23:25,1601680951.3471088,2020-10-03T02:22:31
1601807019,283000,0.0003662109375,5.75600004196167,50,12,0,2020-10-04T13:23:39,1601680966.097853,2020-10-03T02:22:46
1601807032,692000,0.000396728515625,5.760000228881836,93,12,0,2020-10-04T13:23:52,1601680982.272388,2020-10-03T02:23:02
1601807049,991000,0.000396728515625,5.739999771118164,143,12,0,2020-10-04T13:24:09,1601680997.267705,2020-10-03T02:23:17
1601807064,381000,0.0003662109375,5.739999771118164,184,12,0,2020-10-04T13:24:24,1601681014.6342719,2020-10-03T02:23:34
1601807081,664000,0.0003662109375,5.763999938964844,227,12,0,2020-10-04T13:24:41,1601681028.1591809,2020-10-03T02:23:48
1601807099,903000,0.0003662109375,5.74399995803833,16,12,0,2020-10-04T13:24:59,1601681045.960312,2020-10-03T02:24:05
1601807113,331000,0.0003662109375,5.760000228881836,60,12,0,2020-10-04T13:25:13,1601681060.181016,2020-10-03T02:24:20
1601807130,628000,0.0003662109375,5.760000228881836,107,12,0,2020-10-04T13:25:30,1601681077.632861,2020-10-03T02:24:37
1601807144,44000,0.000396728515625,5.783999919891357,150,12,0,2020-10-04T13:25:44,1601681091.1953728,2020-10-03T02:24:51
1601807162,316000,0.0003662109375,5.78000020980835,197,12,0,2020-10-04T13:26:02,1601681108.707233,2020-10-03T02:25:08
1601807175,719000,0.000396728515625,5.808000087738037,242,12,0,2020-10-04T13:26:15,1601681122.879561,2020-10-03T02:25:22
1601807194,5000,0.000396728515625,5.828000068664551,31,12,0,2020-10-04T13:26:34,1601681139.74592,2020-10-03T02:25:39
1601807225,698000,0.000396728515625,5.892000198364258,118,12,0,2020-10-04T13:27:05,1601681171.17794,2020-10-03T02:26:11
1601807238,129000,0.000396728515625,5.9039998054504395,161,12,0,2020-10-04T13:27:18,1601681185.752709,2020-10-03T02:26:25
1601807256,286000,0.00042724609375,5.920000076293945,205,12,0,2020-10-04T13:27:36,1601681203.4160519,2020-10-03T02:26:43
1601807269,664000,0.000396728515625,5.943999767303467,248,12,0,2020-10-04T13:27:49,1601681217.299712,2020-10-03T02:26:57
1601807288,129000,0.000396728515625,5.995999813079834,37,12,0,2020-10-04T13:28:08,1601681233.972,2020-10-03T02:27:13
1601807301,500000,0.000396728515625,6.015999794006348,83,12,0,2020-10-04T13:28:21,1601681248.5715919,2020-10-03T02:27:28
1601807319,833000,0.00042724609375,6.052000045776367,128,12,0,2020-10-04T13:28:39,1601681266.1186118,2020-10-03T02:27:46
1601807333,196000,0.00042724609375,6.084000110626221,173,12,0,2020-10-04T13:28:53,1601681280.7412648,2020-10-03T02:28:00
1601807347,708000,0.00042724609375,6.131999969482422,215,12,0,2020-10-04T13:29:07,1601681294.175648,2020-10-03T02:28:14
1601807364,879000,0.000457763671875,6.420000076293945,9,12,0,2020-10-04T13:29:24,1601681311.758209,2020-10-03T02:28:31
1601807378,457000,0.000457763671875,6.4720001220703125,56,12,0,2020-10-04T13:29:38,1601681325.6243079,2020-10-03T02:28:45
1601807396,570000,0.000457763671875,6.664000034332275,102,12,0,2020-10-04T13:29:56,1601681343.456436,2020-10-03T02:29:03
1601807410,158000,0.000457763671875,6.688000202178955,149,12,0,2020-10-04T13:30:10,1601681357.20292,2020-10-03T02:29:17
1601807427,310000,0.000457763671875,6.723999977111816,195,12,0,2020-10-04T13:30:27,1601681374.523237,2020-10-03T02:29:34
1601807441,855000,0.000457763671875,6.74399995803833,241,12,0,2020-10-04T13:30:41,1601681388.610385,2020-10-03T02:29:48
1601807458,999000,0.000457763671875,6.771999835968018,34,12,0,2020-10-04T13:30:58,1601681406.183241,2020-10-03T02:30:06
1601807471,680000,0.000457763671875,6.760000228881836,77,12,0,2020-10-04T13:31:11,1601681417.9802399,2020-10-03T02:30:17
1601807481,203000,0.00054931640625,6.668000221252441,125,12,0,2020-10-04T13:31:21,1601681426.96154,2020-10-03T02:30:26
1601807488,820000,0.000457763671875,6.760000228881836,170,12,0,2020-10-04T13:31:28,1601681435.019189,2020-10-03T02:30:35
1601807497,686000,0.000457763671875,6.796000003814697,213,12,0,2020-10-04T13:31:37,1601681443.610128,2020-10-03T02:30:43
1601807507,206000,0.00054931640625,6.723999977111816,4,12,0,2020-10-04T13:31:47,1601681453.2549,2020-10-03T02:30:53
1601807523,387000,0.000640869140625,6.711999893188477,96,12,0,2020-10-04T13:32:03,1601681470.976773,2020-10-03T02:31:10
1601807531,318000,0.000701904296875,6.716000080108643,141,12,0,2020-10-04T13:32:11,1601681478.176661,2020-10-03T02:31:18
1601807540,835000,0.000701904296875,6.73199987411499,188,12,0,2020-10-04T13:32:20,1601681487.256177,2020-10-03T02:31:27
1601807548,447000,0.000640869140625,6.739999771118164,232,12,0,2020-10-04T13:32:28,1601681496.035481,2020-10-03T02:31:36
1601807559,228000,0.000457763671875,6.751999855041504,22,12,0,2020-10-04T13:32:39,1601681505.536525,2020-10-03T02:31:45
1601807566,841000,0.000732421875,6.75600004196167,67,12,0,2020-10-04T13:32:46,1601681513.954948,2020-10-03T02:31:53
1601807574,454000,0.000457763671875,6.860000133514404,109,12,0,2020-10-04T13:32:54,1601681522.733193,2020-10-03T02:32:02
1601807583,969000,0.000701904296875,6.76800012588501,155,12,0,2020-10-04T13:33:03,1601681531.372844,2020-10-03T02:32:11
1601807592,857000,0.000457763671875,6.855999946594238,202,12,0,2020-10-04T13:33:12,1601681539.086144,2020-10-03T02:32:19
1601807601,420000,0.000518798828125,6.791999816894531,246,12,0,2020-10-04T13:33:21,1601681548.440981,2020-10-03T02:32:28
1601807609,32000,0.00048828125,6.868000030517578,34,12,0,2020-10-04T13:33:29,1601681556.954768,2020-10-03T02:32:36
1601807617,591000,0.000518798828125,6.808000087738037,82,12,0,2020-10-04T13:33:37,1601681565.7632399,2020-10-03T02:32:45
1601807628,280000,0.000518798828125,6.811999797821045,131,12,0,2020-10-04T13:33:48,1601681575.302733,2020-10-03T02:32:55
1601807635,889000,0.000732421875,6.808000087738037,178,12,0,2020-10-04T13:33:55,1601681582.855237,2020-10-03T02:33:02
1601807643,497000,0.000457763671875,6.880000114440918,225,12,0,2020-10-04T13:34:03,1601681592.667533,2020-10-03T02:33:12
1601807654,415000,0.000457763671875,6.9079999923706055,15,12,0,2020-10-04T13:34:14,1601681600.741145,2020-10-03T02:33:20
1601807662,25000,0.000457763671875,6.900000095367432,59,12,0,2020-10-04T13:34:22,1601681609.145985,2020-10-03T02:33:29
1601807671,536000,0.000457763671875,6.9079999923706055,103,12,0,2020-10-04T13:34:31,1601681617.4771478,2020-10-03T02:33:37
1601807679,146000,0.000701904296875,6.840000152587891,150,12,0,2020-10-04T13:34:39,1601681626.541168,2020-10-03T02:33:46
1601807689,955000,0.00067138671875,6.8480000495910645,198,12,0,2020-10-04T13:34:49,1601681635.278832,2020-10-03T02:33:55
1601807696,614000,0.00067138671875,6.8480000495910645,242,12,0,2020-10-04T13:34:56,1601681643.959281,2020-10-03T02:34:03
1601807705,174000,0.000457763671875,6.935999870300293,21,12,0,2020-10-04T13:35:05,1601681652.127245,2020-10-03T02:34:12
1601807715,985000,0.000457763671875,6.935999870300293,70,12,0,2020-10-04T13:35:15,1601681661.8190808,2020-10-03T02:34:21
1601807722,643000,0.000518798828125,6.872000217437744,116,12,0,2020-10-04T13:35:22,1601681669.719148,2020-10-03T02:34:29
1601807733,106000,0.000457763671875,6.9120001792907715,163,12,0,2020-10-04T13:35:33,1601681679.214228,2020-10-03T02:34:39
1601807739,764000,0.00054931640625,6.888000011444092,208,12,0,2020-10-04T13:35:39,1601681687.739688,2020-10-03T02:34:47
1601807748,678000,0.00048828125,6.888000011444092,252,12,0,2020-10-04T13:35:48,1601681696.7286918,2020-10-03T02:34:56
1601807758,189000,0.00048828125,6.947999954223633,42,12,0,2020-10-04T13:35:58,1601681705.4379609,2020-10-03T02:35:05
1601807765,798000,0.000518798828125,6.895999908447266,84,12,0,2020-10-04T13:36:05,1601681713.160249,2020-10-03T02:35:13
1601807776,622000,0.00067138671875,6.895999908447266,131,12,0,2020-10-04T13:36:16,1601681723.1384559,2020-10-03T02:35:23
1601807784,230000,0.000640869140625,6.9039998054504395,176,12,0,2020-10-04T13:36:24,1601681731.2798638,2020-10-03T02:35:31
1601807793,742000,0.000640869140625,6.9079999923706055,222,12,0,2020-10-04T13:36:33,1601681739.665216,2020-10-03T02:35:39
