time_s,time_us,rx_done_cnt,rx_dropped_cnt,rx_error_cnt,tx_done_cnt,tx_zeroes_cnt,tx_overrun_cnt,tx_error_cnt,restarts_cnt,listen_done_cnt,last_error,seq,srcSystem,srcComponent,time_gregorian,log_timestamp,log_timestamp_gregorian
1601800058,676500,2080,0,0,2070,0,0,0,0,4150,0,58,13,0,2020-10-04T11:27:38,1601673988.455832,2020-10-03T00:26:28
1601800094,825500,2631,0,0,2619,0,0,0,0,5250,0,151,13,0,2020-10-04T11:28:14,1601674022.993232,2020-10-03T00:27:02
1601800158,228500,3604,0,0,3588,0,0,0,0,7192,0,74,13,0,2020-10-04T11:29:18,1601674087.188748,2020-10-03T00:28:07
1601800184,845500,4041,0,0,4023,0,0,0,0,8064,0,164,13,0,2020-10-04T11:29:44,1601674118.453289,2020-10-03T00:28:38
1601800214,465500,4504,0,0,4484,0,0,0,0,8988,0,253,13,0,2020-10-04T11:30:14,1601674146.596236,2020-10-03T00:29:06
1601800247,85500,5015,0,0,4993,0,0,0,0,10008,0,87,13,0,2020-10-04T11:30:47,1601674179.168392,2020-10-03T00:29:39
1601800279,708500,5542,0,0,5518,0,0,0,0,11060,0,182,13,0,2020-10-04T11:31:19,1601674210.402233,2020-10-03T00:30:10
1601800341,956500,6528,0,0,6500,0,0,0,0,13028,0,107,13,0,2020-10-04T11:32:21,1601674273.765904,2020-10-03T00:31:13
1601800371,580500,6993,0,0,6963,0,0,0,0,13956,0,198,13,0,2020-10-04T11:32:51,1601674306.244545,2020-10-03T00:31:46
1601800404,205500,7528,0,0,7496,0,0,0,0,15024,0,29,13,0,2020-10-04T11:33:24,1601674337.8720958,2020-10-03T00:32:17
1601800436,828500,8037,0,0,8003,0,0,0,0,16040,0,126,13,0,2020-10-04T11:33:56,1601674369.8609328,2020-10-03T00:32:49
1601800466,448500,8503,0,0,8467,0,0,0,0,16970,0,217,13,0,2020-10-04T11:34:26,1601674401.934373,2020-10-03T00:33:21
1601800499,70500,9033,0,0,8995,0,0,0,0,18028,0,50,13,0,2020-10-04T11:34:59,1601674433.037252,2020-10-03T00:33:53
1601800528,692500,9503,0,0,9463,0,0,0,0,18966,0,143,13,0,2020-10-04T11:35:28,1601674465.133565,2020-10-03T00:34:25
1601800561,314500,10018,0,0,9976,0,0,0,0,19994,0,235,13,0,2020-10-04T11:36:01,1601674499.535604,2020-10-03T00:34:59
1601800590,937500,10487,0,0,10443,0,0,0,0,20930,0,63,13,0,2020-10-04T11:36:30,1601674528.1420279,2020-10-03T00:35:28
1601800623,559500,11022,0,0,10976,0,0,0,0,21998,0,158,13,0,2020-10-04T11:37:03,1601674560.298308,2020-10-03T00:36:00
1601800653,181500,11490,0,0,11442,0,0,0,0,22932,0,245,13,0,2020-10-04T11:37:33,1601674592.4136798,2020-10-03T00:36:32
1601800685,804500,12000,0,0,11950,0,0,0,0,23950,0,79,13,0,2020-10-04T11:38:05,1601674624.0723438,2020-10-03T00:37:04
1601800718,426500,12529,0,0,12477,0,0,0,0,25006,0,173,13,0,2020-10-04T11:38:38,1601674655.8123238,2020-10-03T00:37:35
1601800748,48500,13010,0,0,12956,0,0,0,0,25966,0,10,13,0,2020-10-04T11:39:08,1601674688.15392,2020-10-03T00:38:08
1601800780,670500,13517,0,0,13461,0,0,0,0,26978,0,103,13,0,2020-10-04T11:39:40,1601674720.456188,2020-10-03T00:38:40
1601800812,916500,14022,0,0,13962,0,0,0,0,27984,0,194,13,0,2020-10-04T11:40:12,1601674752.37748,2020-10-03T00:39:12
1601800842,538500,14495,0,0,14433,0,0,0,0,28928,0,30,13,0,2020-10-04T11:40:42,1601674783.935065,2020-10-03T00:39:43
1601800875,157500,14997,0,0,14933,0,0,0,0,29930,0,119,13,0,2020-10-04T11:41:15,1601674816.095088,2020-10-03T00:40:16
1601800904,778500,15448,0,0,15382,0,0,0,0,30830,0,210,13,0,2020-10-04T11:41:44,1601674848.046548,2020-10-03T00:40:48
1601800937,396500,15964,0,0,15896,0,0,0,0,31860,0,43,13,0,2020-10-04T11:42:17,1601674880.3061888,2020-10-03T00:41:20
1601800970,16500,16467,0,0,16397,0,0,0,0,32864,0,134,13,0,2020-10-04T11:42:50,1601674913.052317,2020-10-03T00:41:53
1601801002,637500,16972,0,0,16900,0,0,0,0,33872,0,228,13,0,2020-10-04T11:43:22,1601674944.7517169,2020-10-03T00:42:24
1601801032,258500,17451,0,0,17377,0,0,0,0,34828,0,58,13,0,2020-10-04T11:43:52,1601674975.46816,2020-10-03T00:42:55
1601801064,876500,17980,0,0,17904,0,0,0,0,35884,0,153,13,0,2020-10-04T11:44:24,1601675007.07496,2020-10-03T00:43:27
1601801094,495500,18450,0,0,18372,0,0,0,0,36822,0,248,13,0,2020-10-04T11:44:54,1601675039.501509,2020-10-03T00:43:59
1601801124,117500,18927,0,0,18847,0,0,0,0,37774,0,87,13,0,2020-10-04T11:45:24,1601675070.854517,2020-10-03T00:44:30
1601801156,738500,19467,0,0,19385,0,0,0,0,38852,0,178,13,0,2020-10-04T11:45:56,1601675102.731832,2020-10-03T00:45:02
1601801189,359500,20003,0,0,19919,0,0,0,0,39922,0,14,13,0,2020-10-04T11:46:29,1601675135.4014199,2020-10-03T00:45:35
1601801221,980500,20541,0,0,20455,0,0,0,0,40996,0,105,13,0,2020-10-04T11:47:01,1601675167.643008,2020-10-03T00:46:07
1601801251,600500,21026,0,0,20938,0,0,0,0,41964,0,199,13,0,2020-10-04T11:47:31,1601675199.142128,2020-10-03T00:46:39
1601801284,221500,21567,0,0,21477,0,0,0,0,43044,0,34,13,0,2020-10-04T11:48:04,1601675230.6621718,2020-10-03T00:47:10
1601801313,843500,22053,0,0,21961,0,0,0,0,44014,0,128,13,0,2020-10-04T11:48:33,1601675263.2641568,2020-10-03T00:47:43
1601801346,891500,22590,0,0,22496,0,0,0,0,45086,0,217,13,0,2020-10-04T11:49:06,1601675295.724797,2020-10-03T00:48:15
1601801379,996500,23129,0,0,23033,0,0,0,0,46162,0,51,13,0,2020-10-04T11:49:39,1601675326.976029,2020-10-03T00:48:46
1601801410,100500,23617,0,0,23519,0,0,0,0,47136,0,141,13,0,2020-10-04T11:50:10,1601675358.610424,2020-10-03T00:49:18
1601801443,208500,24156,0,0,24056,0,0,0,0,48212,0,234,13,0,2020-10-04T11:50:43,1601675390.7664368,2020-10-03T00:49:50
1601801476,313500,24693,0,0,24591,0,0,0,0,49284,0,73,13,0,2020-10-04T11:51:16,1601675423.576217,2020-10-03T00:50:23
1601801506,418500,25183,0,0,25079,0,0,0,0,50262,0,163,13,0,2020-10-04T11:51:46,1601675454.981392,2020-10-03T00:50:54
1601801536,522500,25671,0,0,25565,0,0,0,0,51236,0,1,13,0,2020-10-04T11:52:16,1601675486.513696,2020-10-03T00:51:26
1601801569,627500,26208,0,0,26100,0,0,0,0,52308,0,92,13,0,2020-10-04T11:52:49,1601675518.4079008,2020-10-03T00:51:58
1601801602,729500,26743,0,0,26633,0,0,0,0,53376,0,185,13,0,2020-10-04T11:53:22,1601675550.455997,2020-10-03T00:52:30
1601801632,832500,27230,0,0,27118,0,0,0,0,54348,0,20,13,0,2020-10-04T11:53:52,1601675581.516933,2020-10-03T00:53:01
1601801665,932500,27741,0,0,27627,0,0,0,0,55368,0,111,13,0,2020-10-04T11:54:25,1601675613.324036,2020-10-03T00:53:33
1601801696,31500,28203,0,0,28087,0,0,0,0,56290,0,199,13,0,2020-10-04T11:54:56,1601675645.298241,2020-10-03T00:54:05
1601801729,104500,28729,0,0,28611,0,0,0,0,57340,0,36,13,0,2020-10-04T11:55:29,1601675676.686717,2020-10-03T00:54:36
1601801759,216500,29191,0,0,29071,0,0,0,0,58262,0,131,13,0,2020-10-04T11:55:59,1601675708.1752598,2020-10-03T00:55:08
1601801792,308500,29700,0,0,29578,0,0,0,0,59277,0,222,13,0,2020-10-04T11:56:32,1601675739.224648,2020-10-03T00:55:39
1601801822,397500,30186,0,0,30062,0,0,0,0,60247,0,52,13,0,2020-10-04T11:57:02,1601675770.7212489,2020-10-03T00:56:10
1601801855,484500,30695,0,0,30569,0,0,0,0,61263,0,139,13,0,2020-10-04T11:57:35,1601675803.0521328,2020-10-03T00:56:43
1601801885,571500,31166,0,0,31038,0,0,0,0,62203,0,227,13,0,2020-10-04T11:58:05,1601675834.7572958,2020-10-03T00:57:14
1601801918,660500,31686,0,0,31556,0,0,0,0,63241,0,65,13,0,2020-10-04T11:58:38,1601675867.099341,2020-10-03T00:57:47
1601801948,745500,32148,0,0,32016,0,0,0,0,64163,0,153,13,0,2020-10-04T11:59:08,1601675897.8930008,2020-10-03T00:58:17
1601801981,893500,32663,0,0,32527,0,0,0,0,65189,0,245,13,0,2020-10-04T11:59:41,1601675930.150876,2020-10-03T00:58:50
1601802014,988500,33188,0,0,33050,0,0,0,0,701,0,84,13,0,2020-10-04T12:00:14,1601675961.925377,2020-10-03T00:59:21
1601802045,70500,33659,0,0,33519,0,0,0,0,1641,0,176,13,0,2020-10-04T12:00:45,1601675993.3211808,2020-10-03T00:59:53
1601802063,70500,33944,0,0,33804,0,0,0,0,2211,0,12,13,0,2020-10-04T12:01:03,1601676011.0501559,2020-10-03T01:00:11
1601802078,110500,34189,0,0,34047,0,0,0,0,2699,0,101,13,0,2020-10-04T12:01:18,1601676029.314921,2020-10-03T01:00:29
1601802096,110500,34482,0,0,34340,0,0,0,0,3285,0,184,13,0,2020-10-04T12:01:36,1601676045.993121,2020-10-03T01:00:45
1601802114,229500,34775,0,0,34631,0,0,0,0,3869,0,18,13,0,2020-10-04T12:01:54,1601676063.738637,2020-10-03T01:01:03
1601802132,229500,35067,0,0,34923,0,0,0,0,4453,0,108,13,0,2020-10-04T12:02:12,1601676081.996989,2020-10-03T01:01:21
1601802150,307500,35360,0,0,35214,0,0,0,0,5037,0,195,13,0,2020-10-04T12:02:30,1601676099.88656,2020-10-03T01:01:39
1601802168,383500,35655,0,0,35507,0,0,0,0,5625,0,28,13,0,2020-10-04T12:02:48,1601676118.091168,2020-10-03T01:01:58
1601802186,383500,35946,0,0,35798,0,0,0,0,6207,0,109,13,0,2020-10-04T12:03:06,1601676134.362028,2020-10-03T01:02:14
1601802204,457500,36240,0,0,36090,0,0,0,0,6793,0,197,13,0,2020-10-04T12:03:24,1601676151.776284,2020-10-03T01:02:31
1601802222,457500,36534,0,0,36384,0,0,0,0,7381,0,38,13,0,2020-10-04T12:03:42,1601676169.458057,2020-10-03T01:02:49
1601802237,531500,36780,0,0,36628,0,0,0,0,7871,0,127,13,0,2020-10-04T12:03:57,1601676187.04842,2020-10-03T01:03:07
1601802258,531500,37123,0,0,36971,0,0,0,0,8557,0,216,13,0,2020-10-04T12:04:18,1601676205.4688559,2020-10-03T01:03:25
1601802273,604500,37370,0,0,37216,0,0,0,0,9049,0,45,13,0,2020-10-04T12:04:33,1601676221.703729,2020-10-03T01:03:41
1601802291,675500,37666,0,0,37510,0,0,0,0,9639,0,133,13,0,2020-10-04T12:04:51,1601676239.796057,2020-10-03T01:03:59
1601802309,675500,37958,0,0,37802,0,0,0,0,10223,0,224,13,0,2020-10-04T12:05:09,1601676256.896124,2020-10-03T01:04:16
1601802327,699500,38254,0,0,38096,0,0,0,0,10813,0,55,13,0,2020-10-04T12:05:27,1601676274.649916,2020-10-03T01:04:34
1601802345,699500,38546,0,0,38388,0,0,0,0,11397,0,146,13,0,2020-10-04T12:05:45,1601676292.951449,2020-10-03T01:04:52
1601802360,817500,38792,0,0,38632,0,0,0,0,11887,0,234,13,0,2020-10-04T12:06:00,1601676309.0005488,2020-10-03T01:05:09
1601802378,817500,39086,0,0,38926,0,0,0,0,12475,0,67,13,0,2020-10-04T12:06:18,1601676326.9552128,2020-10-03T01:05:26
1601802396,888500,39381,0,0,39219,0,0,0,0,13063,0,157,13,0,2020-10-04T12:06:36,1601676344.674928,2020-10-03T01:05:44
1601802414,888500,39673,0,0,39511,0,0,0,0,13647,0,245,13,0,2020-10-04T12:06:54,1601676361.785956,2020-10-03T01:06:01
1601802432,932500,39970,0,0,39806,0,0,0,0,14239,0,76,13,0,2020-10-04T12:07:12,1601676379.651448,2020-10-03T01:06:19
1601802448,18500,40217,0,0,40051,0,0,0,0,14731,0,167,13,0,2020-10-04T12:07:28,1601676397.294168,2020-10-03T01:06:37
1601802466,18500,40508,0,0,40342,0,0,0,0,15313,0,250,13,0,2020-10-04T12:07:46,1601676414.337549,2020-10-03T01:06:54
1601802481,98500,40750,0,0,40582,0,0,0,0,15795,0,77,13,0,2020-10-04T12:08:01,1601676430.21718,2020-10-03T01:07:10
1601802499,98500,41042,0,0,40874,0,0,0,0,16379,0,168,13,0,2020-10-04T12:08:19,1601676447.974592,2020-10-03T01:07:27
1601802517,178500,41338,0,0,41168,0,0,0,0,16969,0,251,13,0,2020-10-04T12:08:37,1601676464.6244888,2020-10-03T01:07:44
1601802535,178500,41624,0,0,41454,0,0,0,0,17541,0,89,13,0,2020-10-04T12:08:55,1601676482.6624088,2020-10-03T01:08:02
1601802553,218500,41904,0,0,41732,0,0,0,0,18099,0,183,13,0,2020-10-04T12:09:13,1601676501.435616,2020-10-03T01:08:21
1601802571,299500,42182,0,0,42008,0,0,0,0,18653,0,18,13,0,2020-10-04T12:09:31,1601676518.493865,2020-10-03T01:08:38
1601802589,299500,42459,0,0,42285,0,0,0,0,19207,0,107,13,0,2020-10-04T12:09:49,1601676536.6991398,2020-10-03T01:08:56
1601802604,353500,42693,0,0,42517,0,0,0,0,19673,0,197,13,0,2020-10-04T12:10:04,1601676553.923193,2020-10-03T01:09:13
1601802622,353500,42968,0,0,42792,0,0,0,0,20223,0,32,13,0,2020-10-04T12:10:22,1601676571.3426929,2020-10-03T01:09:31
1601802640,414500,43246,0,0,43068,0,0,0,0,20777,0,122,13,0,2020-10-04T12:10:40,1601676589.75064,2020-10-03T01:09:49
1601802658,414500,43522,0,0,43344,0,0,0,0,21329,0,212,13,0,2020-10-04T12:10:58,1601676607.6275609,2020-10-03T01:10:07
1601802676,474500,43806,0,0,43626,0,0,0,0,21895,0,42,13,0,2020-10-04T12:11:16,1601676624.645232,2020-10-03T01:10:24
1601802694,539500,44098,0,0,43916,0,0,0,0,22477,0,128,13,0,2020-10-04T12:11:34,1601676642.6852438,2020-10-03T01:10:42
1601802712,539500,44376,0,0,44194,0,0,0,0,23033,0,218,13,0,2020-10-04T12:11:52,1601676660.7919729,2020-10-03T01:11:00
1601802730,537500,44664,0,0,44480,0,0,0,0,23607,0,51,13,0,2020-10-04T12:12:10,1601676678.165629,2020-10-03T01:11:18
1601802745,537500,44902,0,0,44718,0,0,0,0,24083,0,141,13,0,2020-10-04T12:12:25,1601676695.519989,2020-10-03T01:11:35
1601802763,690500,45197,0,0,45011,0,0,0,0,24671,0,232,13,0,2020-10-04T12:12:43,1601676712.9832878,2020-10-03T01:11:52
1601802781,690500,45486,0,0,45300,0,0,0,0,25249,0,67,13,0,2020-10-04T12:13:01,1601676730.7803319,2020-10-03T01:12:10
1601802799,761500,45775,0,0,45587,0,0,0,0,25825,0,150,13,0,2020-10-04T12:13:19,1601676748.0677478,2020-10-03T01:12:28
1601802817,761500,46058,0,0,45870,0,0,0,0,26391,0,236,13,0,2020-10-04T12:13:37,1601676765.512765,2020-10-03T01:12:45
1601802835,826500,46348,0,0,46158,0,0,0,0,26969,0,73,13,0,2020-10-04T12:13:55,1601676783.715437,2020-10-03T01:13:03
1601802853,900500,46635,0,0,46443,0,0,0,0,27541,0,155,13,0,2020-10-04T12:14:13,1601676800.768141,2020-10-03T01:13:20
1601802871,900500,46912,0,0,46720,0,0,0,0,28095,0,244,13,0,2020-10-04T12:14:31,1601676818.9202719,2020-10-03T01:13:38
1601802886,975500,47143,0,0,46949,0,0,0,0,28555,0,74,13,0,2020-10-04T12:14:46,1601676836.6407318,2020-10-03T01:13:56
1601802904,975500,47420,0,0,47226,0,0,0,0,29109,0,165,13,0,2020-10-04T12:15:04,1601676854.2410488,2020-10-03T01:14:14
1601802923,51500,47710,0,0,47514,0,0,0,0,29687,0,250,13,0,2020-10-04T12:15:23,1601676871.920733,2020-10-03T01:14:31
1601802941,51500,47990,0,0,47794,0,0,0,0,30247,0,80,13,0,2020-10-04T12:15:41,1601676889.457736,2020-10-03T01:14:49
1601802959,119500,48269,0,0,48071,0,0,0,0,30803,0,169,13,0,2020-10-04T12:15:59,1601676906.550377,2020-10-03T01:15:06
1601802973,135500,48501,0,0,48301,0,0,0,0,31265,0,238,13,0,2020-10-04T12:16:13,1601676920.8299038,2020-10-03T01:15:20
1601802988,135500,48732,0,0,48532,0,0,0,0,31727,0,50,13,0,2020-10-04T12:16:28,1601676936.8438969,2020-10-03T01:15:36
1601803000,135500,48928,0,0,48728,0,0,0,0,32119,0,119,13,0,2020-10-04T12:16:40,1601676950.026268,2020-10-03T01:15:50
1601802981,304500,49652,0,0,49448,0,0,0,0,33563,0,254,13,0,2020-10-04T12:16:21,1601676993.984664,2020-10-03T01:16:33
1601802996,304500,49892,0,0,49688,0,0,0,0,34043,0,78,13,0,2020-10-04T12:16:36,1601677008.879669,2020-10-03T01:16:48
1601803007,900500,50089,0,0,49883,0,0,0,0,34435,0,157,13,0,2020-10-04T12:16:47,1601677022.183212,2020-10-03T01:17:02
1601803022,900500,50333,0,0,50127,0,0,0,0,34923,0,232,13,0,2020-10-04T12:17:02,1601677036.5987718,2020-10-03T01:17:16
1601802976,485500,50578,0,0,50370,0,0,0,0,35411,0,54,13,0,2020-10-04T12:16:16,1601677051.454052,2020-10-03T01:17:31
1601802991,485500,50822,0,0,50614,0,0,0,0,35899,0,130,13,0,2020-10-04T12:16:31,1601677065.146528,2020-10-03T01:17:45
1601803003,84500,51020,0,0,50810,0,0,0,0,36293,0,214,13,0,2020-10-04T12:16:43,1601677080.009965,2020-10-03T01:18:00
1601803015,84500,51215,0,0,51005,0,0,0,0,36683,0,31,13,0,2020-10-04T12:16:55,1601677092.041204,2020-10-03T01:18:12
1601803030,84500,51460,0,0,51250,0,0,0,0,37173,0,106,13,0,2020-10-04T12:17:10,1601677106.621577,2020-10-03T01:18:26
1601803041,683500,51658,0,0,51446,0,0,0,0,37567,0,170,13,0,2020-10-04T12:17:21,1601677118.3643808,2020-10-03T01:18:38
1601803053,683500,51855,0,0,51643,0,0,0,0,37961,0,243,13,0,2020-10-04T12:17:33,1601677130.394213,2020-10-03T01:18:50
1601803068,285500,52101,0,0,51887,0,0,0,0,38451,0,58,13,0,2020-10-04T12:17:48,1601677143.2981038,2020-10-03T01:19:03
1601803080,285500,52296,0,0,52082,0,0,0,0,38841,0,131,13,0,2020-10-04T12:18:00,1601677156.197149,2020-10-03T01:19:16
1601803092,285500,52491,0,0,52277,0,0,0,0,39231,0,202,13,0,2020-10-04T12:18:12,1601677168.217433,2020-10-03T01:19:28
1601803103,891500,52688,0,0,52472,0,0,0,0,39623,0,17,13,0,2020-10-04T12:18:23,1601677180.631572,2020-10-03T01:19:40
1601803115,891500,52882,0,0,52666,0,0,0,0,40011,0,84,13,0,2020-10-04T12:18:35,1601677192.679616,2020-10-03T01:19:52
1601803127,495500,53081,0,0,52863,0,0,0,0,40407,0,155,13,0,2020-10-04T12:18:47,1601677205.338229,2020-10-03T01:20:05
1601803139,495500,53275,0,0,53057,0,0,0,0,40795,0,220,13,0,2020-10-04T12:18:59,1601677217.3292248,2020-10-03T01:20:17
1601803151,495500,53471,0,0,53253,0,0,0,0,41187,0,37,13,0,2020-10-04T12:19:11,1601677229.889973,2020-10-03T01:20:29
1601803163,98500,53667,0,0,53447,0,0,0,0,41577,0,105,13,0,2020-10-04T12:19:23,1601677241.759573,2020-10-03T01:20:41
1601803178,98500,53912,0,0,53692,0,0,0,0,42067,0,178,13,0,2020-10-04T12:19:38,1601677254.118773,2020-10-03T01:20:54
1601803189,704500,54109,0,0,53887,0,0,0,0,42459,0,250,13,0,2020-10-04T12:19:49,1601677266.897269,2020-10-03T01:21:06
1601803201,704500,54305,0,0,54083,0,0,0,0,42851,0,67,13,0,2020-10-04T12:20:01,1601677279.154253,2020-10-03T01:21:19
1601803213,704500,54501,0,0,54279,0,0,0,0,43243,0,139,13,0,2020-10-04T12:20:13,1601677292.1481,2020-10-03T01:21:32
1601803228,312500,54747,0,0,54523,0,0,0,0,43733,0,212,13,0,2020-10-04T12:20:28,1601677306.1305878,2020-10-03T01:21:46
1601803240,312500,54942,0,0,54718,0,0,0,0,44123,0,26,13,0,2020-10-04T12:20:40,1601677318.4603598,2020-10-03T01:21:58
1601803251,920500,55137,0,0,54911,0,0,0,0,44511,0,99,13,0,2020-10-04T12:20:51,1601677330.15302,2020-10-03T01:22:10
1601803263,920500,55331,0,0,55105,0,0,0,0,44899,0,170,13,0,2020-10-04T12:21:03,1601677344.817716,2020-10-03T01:22:24
1601803275,527500,55526,0,0,55298,0,0,0,0,45287,0,245,13,0,2020-10-04T12:21:15,1601677356.386821,2020-10-03T01:22:36
1601803290,527500,55767,0,0,55539,0,0,0,0,45769,0,63,13,0,2020-10-04T12:21:30,1601677369.022004,2020-10-03T01:22:49
1601803302,527500,55962,0,0,55734,0,0,0,0,46159,0,138,13,0,2020-10-04T12:21:42,1601677383.054324,2020-10-03T01:23:03
1601803314,134500,56155,0,0,55925,0,0,0,0,46543,0,210,13,0,2020-10-04T12:21:54,1601677395.831285,2020-10-03T01:23:15
1601803329,134500,56386,0,0,56156,0,0,0,0,47005,0,23,13,0,2020-10-04T12:22:09,1601677407.4767048,2020-10-03T01:23:27
1601803340,741500,56574,0,0,56342,0,0,0,0,47379,0,97,13,0,2020-10-04T12:22:20,1601677420.710656,2020-10-03T01:23:40
1601803352,741500,56758,0,0,56526,0,0,0,0,47747,0,171,13,0,2020-10-04T12:22:32,1601677433.0254278,2020-10-03T01:23:53
1601803364,741500,56940,0,0,56708,0,0,0,0,48111,0,246,13,0,2020-10-04T12:22:44,1601677445.960116,2020-10-03T01:24:05
1601803129,725500,57186,0,0,56952,0,0,0,0,48601,0,66,13,0,2020-10-04T12:18:49,1601677459.327337,2020-10-03T01:24:19
1601803141,725500,57372,0,0,57138,0,0,0,0,48973,0,139,13,0,2020-10-04T12:19:01,1601677472.15412,2020-10-03T01:24:32
1601803156,395500,57604,0,0,57368,0,0,0,0,49435,0,214,13,0,2020-10-04T12:19:16,1601677486.607717,2020-10-03T01:24:46
1601803168,395500,57788,0,0,57552,0,0,0,0,49803,0,30,13,0,2020-10-04T12:19:28,1601677500.88536,2020-10-03T01:25:00
1601803180,4500,57974,0,0,57736,0,0,0,0,50173,0,105,13,0,2020-10-04T12:19:40,1601677513.2370079,2020-10-03T01:25:13
1601803195,4500,58211,0,0,57973,0,0,0,0,50647,0,176,13,0,2020-10-04T12:19:55,1601677525.777405,2020-10-03T01:25:25
1601803207,4500,58407,0,0,58169,0,0,0,0,51039,0,253,13,0,2020-10-04T12:20:07,1601677538.44202,2020-10-03T01:25:38
1601803218,614500,58600,0,0,58360,0,0,0,0,51423,0,59,13,0,2020-10-04T12:20:18,1601677551.475216,2020-10-03T01:25:51
1601803230,614500,58790,0,0,58550,0,0,0,0,51803,0,130,13,0,2020-10-04T12:20:30,1601677564.137001,2020-10-03T01:26:04
1601802986,660500,59032,0,0,58790,0,0,0,0,52285,0,206,13,0,2020-10-04T12:16:26,1601677577.1282399,2020-10-03T01:26:17
1601803001,660500,59272,0,0,59030,0,0,0,0,52765,0,3,13,0,2020-10-04T12:16:41,1601677591.248077,2020-10-03T01:26:31
1601803013,267500,59469,0,0,59225,0,0,0,0,53157,0,75,13,0,2020-10-04T12:16:53,1601677604.230233,2020-10-03T01:26:44
1601803028,267500,59714,0,0,59470,0,0,0,0,53647,0,151,13,0,2020-10-04T12:17:08,1601677619.878221,2020-10-03T01:26:59
1601803040,267500,59909,0,0,59665,0,0,0,0,54037,0,222,13,0,2020-10-04T12:17:20,1601677632.373693,2020-10-03T01:27:12
1601803054,876500,60154,0,0,59908,0,0,0,0,54525,0,36,13,0,2020-10-04T12:17:34,1601677646.4211118,2020-10-03T01:27:26
1601803069,876500,60397,0,0,60151,0,0,0,0,55011,0,115,13,0,2020-10-04T12:17:49,1601677661.13218,2020-10-03T01:27:41
1601803081,484500,60593,0,0,60345,0,0,0,0,55401,0,190,13,0,2020-10-04T12:18:01,1601677674.619133,2020-10-03T01:27:54
1601803096,484500,60836,0,0,60588,0,0,0,0,55887,0,13,13,0,2020-10-04T12:18:16,1601677689.22044,2020-10-03T01:28:09
315964835,605500,61083,0,0,60833,0,0,0,0,56379,0,90,13,0,1980-01-06T03:00:35,1601677703.4405198,2020-10-03T01:28:23
315964847,605500,61275,0,0,61025,0,0,0,0,56763,0,171,13,0,1980-01-06T03:00:47,1601677718.2375488,2020-10-03T01:28:38
315964862,213500,61521,0,0,61269,0,0,0,0,57253,0,252,13,0,1980-01-06T03:01:02,1601677732.478564,2020-10-03T01:28:52
315964877,213500,61766,0,0,61514,0,0,0,0,57743,0,77,13,0,1980-01-06T03:01:17,1601677746.197433,2020-10-03T01:29:06
315964891,824500,62006,0,0,61752,0,0,0,0,58221,0,158,13,0,1980-01-06T03:01:31,1601677761.566448,2020-10-03T01:29:21
315964906,824500,62241,0,0,61987,0,0,0,0,58691,0,238,13,0,1980-01-06T03:01:46,1601677775.7253199,2020-10-03T01:29:35
315964918,824500,62425,0,0,62171,0,0,0,0,59059,0,63,13,0,1980-01-06T03:01:58,1601677790.1546519,2020-10-03T01:29:50
315964933,435500,62660,0,0,62404,0,0,0,0,59527,0,143,13,0,1980-01-06T03:02:13,1601677804.8004649,2020-10-03T01:30:04
315964948,435500,62903,0,0,62647,0,0,0,0,60013,0,218,13,0,1980-01-06T03:02:28,1601677818.653961,2020-10-03T01:30:18
315964963,43500,63134,0,0,62876,0,0,0,0,60473,0,40,13,0,1980-01-06T03:02:43,1601677833.5372128,2020-10-03T01:30:33
315964978,43500,63365,0,0,63107,0,0,0,0,60935,0,119,13,0,1980-01-06T03:02:58,1601677848.724861,2020-10-03T01:30:48
315964992,650500,63597,0,0,63337,0,0,0,0,61397,0,196,13,0,1980-01-06T03:03:12,1601677862.6602728,2020-10-03T01:31:02
315965004,650500,63781,0,0,63521,0,0,0,0,61765,0,21,13,0,1980-01-06T03:03:24,1601677877.232497,2020-10-03T01:31:17
315965019,259500,64026,0,0,63764,0,0,0,0,62252,0,102,13,0,1980-01-06T03:03:39,1601677891.130933,2020-10-03T01:31:31
315965034,259500,64262,0,0,64000,0,0,0,0,62724,0,187,13,0,1980-01-06T03:03:54,1601677906.078824,2020-10-03T01:31:46
315965048,871500,64494,0,0,64230,0,0,0,0,63186,0,10,13,0,1980-01-06T03:04:08,1601677920.3343558,2020-10-03T01:32:00
315965060,871500,64678,0,0,64414,0,0,0,0,63554,0,91,13,0,1980-01-06T03:04:20,1601677934.51052,2020-10-03T01:32:14
315965075,482500,64910,0,0,64644,0,0,0,0,64016,0,159,13,0,1980-01-06T03:04:35,1601677948.539041,2020-10-03T01:32:28
315965090,482500,65154,0,0,64888,0,0,0,0,64504,0,240,13,0,1980-01-06T03:04:50,1601677962.9680529,2020-10-03T01:32:42
315965105,92500,65399,0,0,65131,0,0,0,0,64992,0,60,13,0,1980-01-06T03:05:05,1601677976.390717,2020-10-03T01:32:56
315965117,92500,53,0,0,65321,0,0,0,0,65372,0,139,13,0,1980-01-06T03:05:17,1601677991.625453,2020-10-03T01:33:11
315965132,92500,294,0,0,26,0,0,0,0,318,0,215,13,0,1980-01-06T03:05:32,1601678006.010568,2020-10-03T01:33:26
315965146,702500,536,0,0,266,0,0,0,0,800,0,34,13,0,1980-01-06T03:05:46,1601678020.693984,2020-10-03T01:33:40
315965161,702500,780,0,0,510,0,0,0,0,1288,0,111,13,0,1980-01-06T03:06:01,1601678034.904516,2020-10-03T01:33:54
315965176,313500,1027,0,0,755,0,0,0,0,1780,0,190,13,0,1980-01-06T03:06:16,1601678049.527909,2020-10-03T01:34:09
315965188,313500,1221,0,0,949,0,0,0,0,2168,0,15,13,0,1980-01-06T03:06:28,1601678063.941468,2020-10-03T01:34:23
315965202,922500,1468,0,0,1194,0,0,0,0,2660,0,96,13,0,1980-01-06T03:06:42,1601678078.757156,2020-10-03T01:34:38
315965214,922500,1663,0,0,1389,0,0,0,0,3050,0,168,13,0,1980-01-06T03:06:54,1601678091.252573,2020-10-03T01:34:51
315965229,532500,1909,0,0,1633,0,0,0,0,3540,0,236,13,0,1980-01-06T03:07:09,1601678103.853953,2020-10-03T01:35:03
315965244,532500,2152,0,0,1876,0,0,0,0,4026,0,55,13,0,1980-01-06T03:07:24,1601678118.1266398,2020-10-03T01:35:18
315964850,878500,2593,0,0,2315,0,0,0,0,4906,0,196,13,0,1980-01-06T03:00:50,1601678145.9676929,2020-10-03T01:35:45
315964862,878500,2789,0,0,2511,0,0,0,0,5298,0,10,13,0,1980-01-06T03:01:02,1601678158.514457,2020-10-03T01:35:58
315964877,486500,3035,0,0,2755,0,0,0,0,5788,0,92,13,0,1980-01-06T03:01:17,1601678173.328984,2020-10-03T01:36:13
315964889,486500,3229,0,0,2949,0,0,0,0,6176,0,171,13,0,1980-01-06T03:01:29,1601678187.435032,2020-10-03T01:36:27
315964904,95500,3473,0,0,3191,0,0,0,0,6662,0,247,13,0,1980-01-06T03:01:44,1601678201.5418088,2020-10-03T01:36:41
315964916,95500,3667,0,0,3385,0,0,0,0,7050,0,64,13,0,1980-01-06T03:01:56,1601678214.4687,2020-10-03T01:36:54
315964930,705500,3907,0,0,3623,0,0,0,0,7528,0,146,13,0,1980-01-06T03:02:10,1601678228.723053,2020-10-03T01:37:08
315964945,705500,4151,0,0,3867,0,0,0,0,8016,0,222,13,0,1980-01-06T03:02:25,1601678243.5124528,2020-10-03T01:37:23
315964963,314500,4440,0,0,4154,0,0,0,0,8592,0,58,13,0,1980-01-06T03:02:43,1601678261.1109118,2020-10-03T01:37:41
315964978,314500,4671,0,0,4385,0,0,0,0,9054,0,143,13,0,1980-01-06T03:02:58,1601678277.278416,2020-10-03T01:37:57
1601804346,152500,4950,0,0,4662,0,0,0,0,9610,0,235,13,0,2020-10-04T12:39:06,1601678294.9828088,2020-10-03T01:38:14
1601804364,152500,5224,0,0,4936,0,0,0,0,10158,0,62,13,0,2020-10-04T12:39:24,1601678312.703768,2020-10-03T01:38:32
1601804379,236500,5467,0,0,5177,0,0,0,0,10642,0,148,13,0,2020-10-04T12:39:39,1601678329.1951199,2020-10-03T01:38:49
1601804397,236500,5746,0,0,5456,0,0,0,0,11200,0,239,13,0,2020-10-04T12:39:57,1601678346.129653,2020-10-03T01:39:06
1601804415,295500,6025,0,0,5733,0,0,0,0,11756,0,71,13,0,2020-10-04T12:40:15,1601678363.221396,2020-10-03T01:39:23
1601804433,393500,6303,0,0,6009,0,0,0,0,12310,0,155,13,0,2020-10-04T12:40:33,1601678381.090397,2020-10-03T01:39:41
1601804451,393500,6591,0,0,6297,0,0,0,0,12886,0,241,13,0,2020-10-04T12:40:51,1601678398.065825,2020-10-03T01:39:58
1601804484,294500,7123,0,0,6827,0,0,0,0,13948,0,142,13,0,2020-10-04T12:41:24,1601678433.731488,2020-10-03T01:40:33
1601804502,620500,7414,0,0,7116,0,0,0,0,14528,0,228,13,0,2020-10-04T12:41:42,1601678450.659685,2020-10-03T01:40:50
1601804520,620500,7703,0,0,7405,0,0,0,0,15106,0,49,13,0,2020-10-04T12:42:00,1601678468.6196718,2020-10-03T01:41:08
1601804538,725500,7999,0,0,7699,0,0,0,0,15696,0,126,13,0,2020-10-04T12:42:18,1601678486.649097,2020-10-03T01:41:26
1601804556,707500,8293,0,0,7991,0,0,0,0,16282,0,213,13,0,2020-10-04T12:42:36,1601678503.8007128,2020-10-03T01:41:43
1601804574,707500,8588,0,0,8286,0,0,0,0,16872,0,44,13,0,2020-10-04T12:42:54,1601678520.643764,2020-10-03T01:42:00
1601804589,890500,8833,0,0,8529,0,0,0,0,17360,0,128,13,0,2020-10-04T12:43:09,1601678537.234344,2020-10-03T01:42:17
1601804604,890500,9077,0,0,8773,0,0,0,0,17848,0,216,13,0,2020-10-04T12:43:24,1601678554.214021,2020-10-03T01:42:34
1601804622,941500,9373,0,0,9067,0,0,0,0,18438,0,53,13,0,2020-10-04T12:43:42,1601678571.802701,2020-10-03T01:42:51
1601804640,941500,9665,0,0,9359,0,0,0,0,19022,0,142,13,0,2020-10-04T12:44:00,1601678589.605857,2020-10-03T01:43:09
1601804656,118500,9913,0,0,9605,0,0,0,0,19516,0,228,13,0,2020-10-04T12:44:16,1601678606.5770838,2020-10-03T01:43:26
1601804674,118500,10205,0,0,9897,0,0,0,0,20100,0,58,13,0,2020-10-04T12:44:34,1601678623.199209,2020-10-03T01:43:43
1601804692,208500,10500,0,0,10190,0,0,0,0,20688,0,147,13,0,2020-10-04T12:44:52,1601678640.356768,2020-10-03T01:44:00
1601804707,208500,10746,0,0,10436,0,0,0,0,21180,0,233,13,0,2020-10-04T12:45:07,1601678657.103036,2020-10-03T01:44:17
1601804725,280500,11039,0,0,10727,0,0,0,0,21764,0,70,13,0,2020-10-04T12:45:25,1601678674.2294888,2020-10-03T01:44:34
1601804761,310500,11626,0,0,11312,0,0,0,0,22936,0,242,13,0,2020-10-04T12:46:01,1601678709.4449809,2020-10-03T01:45:09
1601804779,478500,11917,0,0,11601,0,0,0,0,23516,0,65,13,0,2020-10-04T12:46:19,1601678726.803397,2020-10-03T01:45:26
1601804794,478500,12159,0,0,11843,0,0,0,0,24000,0,153,13,0,2020-10-04T12:46:34,1601678742.341621,2020-10-03T01:45:42
1601804812,554500,12446,0,0,12128,0,0,0,0,24572,0,245,13,0,2020-10-04T12:46:52,1601678760.310137,2020-10-03T01:46:00
1601804830,554500,12738,0,0,12420,0,0,0,0,25156,0,79,13,0,2020-10-04T12:47:10,1601678777.470329,2020-10-03T01:46:17
1601804848,633500,13023,0,0,12703,0,0,0,0,25724,0,165,13,0,2020-10-04T12:47:28,1601678795.402689,2020-10-03T01:46:35
1601804863,633500,13252,0,0,12932,0,0,0,0,26182,0,2,13,0,2020-10-04T12:47:43,1601678813.1872249,2020-10-03T01:46:53
1601804881,748500,13532,0,0,13210,0,0,0,0,26740,0,83,13,0,2020-10-04T12:48:01,1601678829.246608,2020-10-03T01:47:09
1601804896,843500,13763,0,0,13439,0,0,0,0,27200,0,169,13,0,2020-10-04T12:48:16,1601678847.206281,2020-10-03T01:47:27
1601804914,843500,14052,0,0,13728,0,0,0,0,27778,0,4,13,0,2020-10-04T12:48:34,1601678865.250093,2020-10-03T01:47:45
1601804932,923500,14333,0,0,14007,0,0,0,0,28338,0,86,13,0,2020-10-04T12:48:52,1601678881.176312,2020-10-03T01:48:01
1601804950,923500,14609,0,0,14283,0,0,0,0,28890,0,181,13,0,2020-10-04T12:49:10,1601678899.175309,2020-10-03T01:48:19
1601804969,11500,14887,0,0,14559,0,0,0,0,29444,0,12,13,0,2020-10-04T12:49:29,1601678916.918252,2020-10-03T01:48:36
1601804987,11500,15167,0,0,14839,0,0,0,0,30004,0,100,13,0,2020-10-04T12:49:47,1601678934.3826559,2020-10-03T01:48:54
1601805005,122500,15463,0,0,15133,0,0,0,0,30594,0,187,13,0,2020-10-04T12:50:05,1601678951.476729,2020-10-03T01:49:11
1601805020,189500,15701,0,0,15369,0,0,0,0,31068,0,17,13,0,2020-10-04T12:50:20,1601678967.48838,2020-10-03T01:49:27
1601805035,189500,15940,0,0,15608,0,0,0,0,31546,0,96,13,0,2020-10-04T12:50:35,1601678985.137172,2020-10-03T01:49:45
1601805053,39500,16229,0,0,15895,0,0,0,0,32122,0,180,13,0,2020-10-04T12:50:53,1601679002.153681,2020-10-03T01:50:02
1601805071,39500,16522,0,0,16188,0,0,0,0,32708,0,14,13,0,2020-10-04T12:51:11,1601679020.0186079,2020-10-03T01:50:20
1601805089,6500,16818,0,0,16482,0,0,0,0,33298,0,102,13,0,2020-10-04T12:51:29,1601679037.381717,2020-10-03T01:50:37
1601805107,6500,17109,0,0,16773,0,0,0,0,33880,0,197,13,0,2020-10-04T12:51:47,1601679055.7003798,2020-10-03T01:50:55
1601805125,134500,17401,0,0,17063,0,0,0,0,34462,0,32,13,0,2020-10-04T12:52:05,1601679072.8161318,2020-10-03T01:51:12
1601805140,134500,17644,0,0,17306,0,0,0,0,34948,0,102,13,0,2020-10-04T12:52:20,1601679089.943548,2020-10-03T01:51:29
1601805158,320500,17938,0,0,17598,0,0,0,0,35534,0,179,13,0,2020-10-04T12:52:38,1601679108.661165,2020-10-03T01:51:48
1601805176,368500,18227,0,0,17885,0,0,0,0,36110,0,3,13,0,2020-10-04T12:52:56,1601679125.7775,2020-10-03T01:52:05
1601805194,368500,18507,0,0,18165,0,0,0,0,36670,0,91,13,0,2020-10-04T12:53:14,1601679142.5824518,2020-10-03T01:52:22
1601805209,483500,18740,0,0,18396,0,0,0,0,37134,0,177,13,0,2020-10-04T12:53:29,1601679160.6109319,2020-10-03T01:52:40
1601805227,483500,19030,0,0,18686,0,0,0,0,37714,0,8,13,0,2020-10-04T12:53:47,1601679176.805472,2020-10-03T01:52:56
1601805245,710500,19306,0,0,18960,0,0,0,0,38264,0,97,13,0,2020-10-04T12:54:05,1601679194.23948,2020-10-03T01:53:14
1601805263,710500,19583,0,0,19237,0,0,0,0,38818,0,180,13,0,2020-10-04T12:54:23,1601679211.19718,2020-10-03T01:53:31
1601805278,705500,19814,0,0,19466,0,0,0,0,39278,0,15,13,0,2020-10-04T12:54:38,1601679228.61782,2020-10-03T01:53:48
1601805296,705500,20090,0,0,19742,0,0,0,0,39830,0,109,13,0,2020-10-04T12:54:56,1601679246.4860759,2020-10-03T01:54:06
1601805315,19500,20381,0,0,20031,0,0,0,0,40410,0,189,13,0,2020-10-04T12:55:15,1601679264.600581,2020-10-03T01:54:24
1601805324,19500,20522,0,0,20172,0,0,0,0,40692,0,220,13,0,2020-10-04T12:55:24,1601679269.962617,2020-10-03T01:54:29
1601805596,355500,20895,0,0,20543,0,0,0,0,41436,0,51,13,0,2020-10-04T12:59:56,1601679300.9762928,2020-10-03T01:55:00
1601805381,191500,21420,0,0,21066,0,0,0,0,42484,0,130,13,0,2020-10-04T12:56:21,1601679329.2091799,2020-10-03T01:55:29
1601805411,280500,21910,0,0,21554,0,0,0,0,43462,0,216,13,0,2020-10-04T12:56:51,1601679360.487201,2020-10-03T01:56:00
1601805444,385500,22447,0,0,22089,0,0,0,0,44534,0,47,13,0,2020-10-04T12:57:24,1601679392.0088918,2020-10-03T01:56:32
1601805474,444500,22937,0,0,22577,0,0,0,0,45512,0,137,13,0,2020-10-04T12:57:54,1601679423.063977,2020-10-03T01:57:03
1601805507,565500,23477,0,0,23115,0,0,0,0,46590,0,234,13,0,2020-10-04T12:58:27,1601679454.818908,2020-10-03T01:57:34
1601805570,749500,24506,0,0,24140,0,0,0,0,48644,0,118,13,0,2020-10-04T12:59:30,1601679518.185917,2020-10-03T01:58:38
1601805600,843500,24995,0,0,24627,0,0,0,0,49620,0,205,13,0,2020-10-04T13:00:00,1601679549.469172,2020-10-03T01:59:09
1601805633,918500,25535,0,0,25165,0,0,0,0,50698,0,22,13,0,2020-10-04T13:00:33,1601679580.186857,2020-10-03T01:59:40
1601805664,35500,26023,0,0,25651,0,0,0,0,51672,0,100,13,0,2020-10-04T13:01:04,1601679612.2817569,2020-10-03T02:00:12
1601805697,126500,26562,0,0,26188,0,0,0,0,52748,0,172,13,0,2020-10-04T13:01:37,1601679644.183029,2020-10-03T02:00:44
1601805754,321500,27491,0,0,27113,0,0,0,0,54602,0,59,13,0,2020-10-04T13:02:34,1601679702.774061,2020-10-03T02:01:42
1601805784,408500,27976,0,0,27596,0,0,0,0,55570,0,138,13,0,2020-10-04T13:03:04,1601679733.962229,2020-10-03T02:02:13
1601805817,510500,28508,0,0,28126,0,0,0,0,56632,0,217,13,0,2020-10-04T13:03:37,1601679765.86116,2020-10-03T02:02:45
1601805880,701500,29487,0,0,29101,0,0,0,0,58586,0,73,13,0,2020-10-04T13:04:40,1601679829.392729,2020-10-03T02:03:49
1601805943,892500,30467,0,0,30077,0,0,0,0,60542,0,205,13,0,2020-10-04T13:05:43,1601679892.385808,2020-10-03T02:04:52
1601806007,71500,31476,0,0,31082,0,0,0,0,62556,0,80,13,0,2020-10-04T13:06:47,1601679954.947769,2020-10-03T02:05:54
1601806037,136500,31953,0,0,31557,0,0,0,0,63508,0,111,13,0,2020-10-04T13:07:17,1601679986.715997,2020-10-03T02:06:26
1601806100,338500,32955,0,0,32555,0,0,0,0,65508,0,158,13,0,2020-10-04T13:08:20,1601680051.723717,2020-10-03T02:07:31
1601806133,506500,33481,0,0,33077,0,0,0,0,1020,0,250,13,0,2020-10-04T13:08:53,1601680080.697185,2020-10-03T02:08:00
1601806163,593500,33943,0,0,33537,0,0,0,0,1942,0,87,13,0,2020-10-04T13:09:23,1601680111.704169,2020-10-03T02:08:31
1601806193,593500,34403,0,0,33997,0,0,0,0,2862,0,177,13,0,2020-10-04T13:09:53,1601680142.8540049,2020-10-03T02:09:02
1601806226,760500,34934,0,0,34524,0,0,0,0,3920,0,13,13,0,2020-10-04T13:10:26,1601680174.702364,2020-10-03T02:09:34
1601806256,843500,35399,0,0,34987,0,0,0,0,4848,0,109,13,0,2020-10-04T13:10:56,1601680206.3012319,2020-10-03T02:10:06
1601806289,926500,35928,0,0,35514,0,0,0,0,5904,0,201,13,0,2020-10-04T13:11:29,1601680240.499956,2020-10-03T02:10:40
1601806320,500,36419,0,0,36003,0,0,0,0,6884,0,30,13,0,2020-10-04T13:12:00,1601680269.0794969,2020-10-03T02:11:09
1601806353,93500,36955,0,0,36537,0,0,0,0,7954,0,123,13,0,2020-10-04T13:12:33,1601680300.0431318,2020-10-03T02:11:40
1601806383,169500,37446,0,0,37026,0,0,0,0,8934,0,218,13,0,2020-10-04T13:13:03,1601680331.427753,2020-10-03T02:12:11
1601806416,264500,37984,0,0,37562,0,0,0,0,10008,0,50,13,0,2020-10-04T13:13:36,1601680363.1567008,2020-10-03T02:12:43
1601806446,350500,38473,0,0,38049,0,0,0,0,10984,0,142,13,0,2020-10-04T13:14:06,1601680395.035297,2020-10-03T02:13:15
1601806476,449500,38962,0,0,38536,0,0,0,0,11960,0,236,13,0,2020-10-04T13:14:36,1601680429.032708,2020-10-03T02:13:49
1601806509,309500,39500,0,0,39072,0,0,0,0,13034,0,60,13,0,2020-10-04T13:15:09,1601680455.931705,2020-10-03T02:14:15
1601806530,309500,39843,0,0,39415,0,0,0,0,13720,0,137,13,0,2020-10-04T13:15:30,1601680480.288481,2020-10-03T02:14:40
1601806556,913500,40285,0,0,39855,0,0,0,0,14602,0,218,13,0,2020-10-04T13:15:56,1601680506.459589,2020-10-03T02:15:06
1601806521,603500,40725,0,0,40293,0,0,0,0,15480,0,48,13,0,2020-10-04T13:15:21,1601680533.290781,2020-10-03T02:15:33
1601806548,209500,41166,0,0,40732,0,0,0,0,16360,0,132,13,0,2020-10-04T13:15:48,1601680559.630144,2020-10-03T02:15:59
1601806512,795500,41605,0,0,41169,0,0,0,0,17236,0,211,13,0,2020-10-04T13:15:12,1601680585.964105,2020-10-03T02:16:25
1601806536,404500,41997,0,0,41559,0,0,0,0,18018,0,34,13,0,2020-10-04T13:15:36,1601680612.313788,2020-10-03T02:16:52
1601806500,995500,42438,0,0,41998,0,0,0,0,18898,0,113,13,0,2020-10-04T13:15:00,1601680638.865725,2020-10-03T02:17:18
1601806527,995500,42875,0,0,42435,0,0,0,0,19772,0,195,13,0,2020-10-04T13:15:27,1601680665.609488,2020-10-03T02:17:45
1601806551,604500,43268,0,0,42826,0,0,0,0,20556,0,19,13,0,2020-10-04T13:15:51,1601680689.280809,2020-10-03T02:18:09
1601806516,233500,43705,0,0,43261,0,0,0,0,21428,0,98,13,0,2020-10-04T13:15:16,1601680714.935916,2020-10-03T02:18:34
1601806539,841500,44084,0,0,43638,0,0,0,0,22184,0,185,13,0,2020-10-04T13:15:39,1601680742.020212,2020-10-03T02:19:02
1601806504,373500,44519,0,0,44071,0,0,0,0,23052,0,254,13,0,2020-10-04T13:15:04,1601680768.152948,2020-10-03T02:19:28
1601806530,981500,44935,0,0,44485,0,0,0,0,23882,0,78,13,0,2020-10-04T13:15:30,1601680794.6503558,2020-10-03T02:19:54
1601806522,602500,45827,0,0,45375,0,0,0,0,25664,0,237,13,0,2020-10-04T13:15:22,1601680852.6928048,2020-10-03T02:20:52
1601806936,614500,46335,0,0,45881,0,0,0,0,26678,0,73,13,0,2020-10-04T13:22:16,1601680884.256512,2020-10-03T02:21:24
1601806966,794500,46808,0,0,46352,0,0,0,0,27622,0,163,13,0,2020-10-04T13:22:46,1601680915.8251128,2020-10-03T02:21:55
1601806999,971500,47328,0,0,46868,0,0,0,0,28658,0,250,13,0,2020-10-04T13:23:19,1601680947.5927129,2020-10-03T02:22:27
1601807029,971500,47786,0,0,47326,0,0,0,0,29574,0,85,13,0,2020-10-04T13:23:49,1601680979.365805,2020-10-03T02:22:59
1601807063,147500,48298,0,0,47834,0,0,0,0,30594,0,173,13,0,2020-10-04T13:24:23,1601681009.658285,2020-10-03T02:23:29
1601807093,237500,48762,0,0,48296,0,0,0,0,31520,0,4,13,0,2020-10-04T13:24:53,1601681041.516021,2020-10-03T02:24:01
1601807123,237500,49234,0,0,48768,0,0,0,0,32464,0,91,13,0,2020-10-04T13:25:23,1601681072.587065,2020-10-03T02:24:32
1601807156,413500,49754,0,0,49284,0,0,0,0,33500,0,184,13,0,2020-10-04T13:25:56,1601681104.340973,2020-10-03T02:25:04
1601807186,501500,50225,0,0,49753,0,0,0,0,34440,0,16,13,0,2020-10-04T13:26:26,1601681135.170325,2020-10-03T02:25:35
1601807213,501500,50660,0,0,50188,0,0,0,0,35310,0,97,13,0,2020-10-04T13:26:53,1601681163.2358558,2020-10-03T02:26:03
1601807246,589500,51197,0,0,50723,0,0,0,0,36382,0,185,13,0,2020-10-04T13:27:26,1601681194.8015358,2020-10-03T02:26:34
1601807276,526500,51686,0,0,51210,0,0,0,0,37358,0,17,13,0,2020-10-04T13:27:56,1601681226.049156,2020-10-03T02:27:06
1601807309,856500,52224,0,0,51744,0,0,0,0,38430,0,110,13,0,2020-10-04T13:28:29,1601681257.8181438,2020-10-03T02:27:37
1601807342,934500,52759,0,0,52277,0,0,0,0,39498,0,197,13,0,2020-10-04T13:29:02,1601681289.760985,2020-10-03T02:28:09
1601807373,21500,53244,0,0,52760,0,0,0,0,40466,0,36,13,0,2020-10-04T13:29:33,1601681320.938428,2020-10-03T02:28:40
1601807403,109500,53735,0,0,53249,0,0,0,0,41446,0,127,13,0,2020-10-04T13:30:03,1601681351.6925678,2020-10-03T02:29:11
1601807436,184500,54270,0,0,53782,0,0,0,0,42514,0,221,13,0,2020-10-04T13:30:36,1601681384.1797009,2020-10-03T02:29:44
1601807466,290500,54753,0,0,54263,0,0,0,0,43478,0,57,13,0,2020-10-04T13:31:06,1601681414.595016,2020-10-03T02:30:14
1601807481,290500,54998,0,0,54508,0,0,0,0,43968,0,145,13,0,2020-10-04T13:31:21,1601681430.993764,2020-10-03T02:30:30
1601807499,382500,55294,0,0,54802,0,0,0,0,44558,0,233,13,0,2020-10-04T13:31:39,1601681448.2995849,2020-10-03T02:30:48
1601807517,382500,55583,0,0,55091,0,0,0,0,45136,0,70,13,0,2020-10-04T13:31:57,1601681466.2237918,2020-10-03T02:31:06
1601807535,484500,55878,0,0,55384,0,0,0,0,45724,0,160,13,0,2020-10-04T13:32:15,1601681482.5618289,2020-10-03T02:31:22
1601807550,484500,56119,0,0,55625,0,0,0,0,46206,0,246,13,0,2020-10-04T13:32:30,1601681499.427549,2020-10-03T02:31:39
1601807568,572500,56410,0,0,55914,0,0,0,0,46786,0,79,13,0,2020-10-04T13:32:48,1601681516.235492,2020-10-03T02:31:56
1601807586,572500,56703,0,0,56207,0,0,0,0,47372,0,169,13,0,2020-10-04T13:33:06,1601681534.019173,2020-10-03T02:32:14
1601807601,667500,56949,0,0,56451,0,0,0,0,47862,0,2,13,0,2020-10-04T13:33:21,1601681550.964516,2020-10-03T02:32:30
1601807622,652500,57289,0,0,56789,0,0,0,0,48540,0,96,13,0,2020-10-04T13:33:42,1601681569.117576,2020-10-03T02:32:49
1601807637,652500,57530,0,0,57030,0,0,0,0,49022,0,193,13,0,2020-10-04T13:33:57,1601681586.7119808,2020-10-03T02:33:06
1601807655,863500,57819,0,0,57317,0,0,0,0,49598,0,28,13,0,2020-10-04T13:34:15,1601681603.45466,2020-10-03T02:33:23
1601807673,863500,58111,0,0,57609,0,0,0,0,50182,0,120,13,0,2020-10-04T13:34:33,1601681621.657256,2020-10-03T02:33:41
1601807691,963500,58406,0,0,57902,0,0,0,0,50770,0,211,13,0,2020-10-04T13:34:51,1601681638.9779289,2020-10-03T02:33:58
1601807709,963500,58692,0,0,58188,0,0,0,0,51342,0,38,13,0,2020-10-04T13:35:09,1601681655.723489,2020-10-03T02:34:15
1601807725,61500,58926,0,0,58420,0,0,0,0,51808,0,132,13,0,2020-10-04T13:35:25,1601681674.422397,2020-10-03T02:34:34
1601807743,61500,59203,0,0,58697,0,0,0,0,52362,0,222,13,0,2020-10-04T13:35:43,1601681691.583688,2020-10-03T02:34:51
1601807758,163500,59436,0,0,58928,0,0,0,0,52826,0,53,13,0,2020-10-04T13:35:58,1601681707.9050999,2020-10-03T02:35:07
1601807779,268500,59770,0,0,59260,0,0,0,0,53492,0,146,13,0,2020-10-04T13:36:19,1601681726.3078969,2020-10-03T02:35:26
1601807794,268500,60008,0,0,59498,0,0,0,0,53968,0,238,13,0,2020-10-04T13:36:34,1601681743.642961,2020-10-03T02:35:43
