time_s,time_us,deg,seq,srcSystem,srcComponent,time_gregorian,log_timestamp,log_timestamp_gregorian
1601800050,875000,29.216705322265625,29,13,0,2020-10-04T11:27:30,1601673979.593984,2020-10-03T00:26:19
1601800091,24000,29.404125213623047,146,13,0,2020-10-04T11:28:11,1601674019.7024639,2020-10-03T00:26:59
1601800114,312000,29.216705322265625,207,13,0,2020-10-04T11:28:34,1601674043.112468,2020-10-03T00:27:23
1601800137,312000,29.59151840209961,13,13,0,2020-10-04T11:28:57,1601674064.4828799,2020-10-03T00:27:44
1601800154,427000,29.77893829345703,73,13,0,2020-10-04T11:29:14,1601674087.1784,2020-10-03T00:28:07
1601800177,44000,29.77893829345703,134,13,0,2020-10-04T11:29:37,1601674106.572593,2020-10-03T00:28:26
1601800200,44000,29.59151840209961,198,13,0,2020-10-04T11:30:00,1601674128.980269,2020-10-03T00:28:48
1601800220,664000,30.528593063354492,4,13,0,2020-10-04T11:30:20,1601674150.977457,2020-10-03T00:29:10
1601800239,284000,30.715984344482422,61,13,0,2020-10-04T11:30:39,1601674169.5200648,2020-10-03T00:29:29
1601800261,907000,30.903404235839844,124,13,0,2020-10-04T11:31:01,1601674192.5549679,2020-10-03T00:29:52
1601800283,907000,31.46563720703125,188,13,0,2020-10-04T11:31:23,1601674214.7040758,2020-10-03T00:30:14
1601800305,531000,31.46563720703125,252,13,0,2020-10-04T11:31:45,1601674236.384508,2020-10-03T00:30:36
1601800324,155000,31.840450286865234,53,13,0,2020-10-04T11:32:04,1601674255.726317,2020-10-03T00:30:55
1601800342,155000,32.0278434753418,114,13,0,2020-10-04T11:32:22,1601674277.8110318,2020-10-03T00:31:17
1601800364,779000,32.0278434753418,172,13,0,2020-10-04T11:32:44,1601674297.305428,2020-10-03T00:31:37
1601800386,404000,32.0278434753418,234,13,0,2020-10-04T11:33:06,1601674319.583869,2020-10-03T00:31:59
1601800409,404000,32.5900764465332,40,13,0,2020-10-04T11:33:29,1601674342.389472,2020-10-03T00:32:22
1601800428,27000,32.40268325805664,98,13,0,2020-10-04T11:33:48,1601674360.739709,2020-10-03T00:32:40
1601800449,647000,32.777496337890625,164,13,0,2020-10-04T11:34:09,1601674383.607645,2020-10-03T00:33:03
1601800472,647000,32.21526336669922,222,13,0,2020-10-04T11:34:32,1601674405.588589,2020-10-03T00:33:25
1601800494,269000,32.21526336669922,28,13,0,2020-10-04T11:34:54,1601674428.0715759,2020-10-03T00:33:48
1601800511,891000,32.40268325805664,86,13,0,2020-10-04T11:35:11,1601674446.620257,2020-10-03T00:34:06
1601800533,891000,32.96488952636719,150,13,0,2020-10-04T11:35:33,1601674468.585752,2020-10-03T00:34:28
1601800555,513000,32.96488952636719,212,13,0,2020-10-04T11:35:55,1601674491.134817,2020-10-03T00:34:51
1601800574,136000,32.777496337890625,11,13,0,2020-10-04T11:36:14,1601674509.9296489,2020-10-03T00:35:09
1601800597,136000,32.777496337890625,73,13,0,2020-10-04T11:36:37,1601674532.3199239,2020-10-03T00:35:32
1601800619,758000,32.5900764465332,139,13,0,2020-10-04T11:36:59,1601674555.708948,2020-10-03T00:35:55
1601800637,380000,33.15230941772461,193,13,0,2020-10-04T11:37:17,1601674574.250608,2020-10-03T00:36:14
1601800660,3000,32.96488952636719,253,13,0,2020-10-04T11:37:40,1601674596.4975529,2020-10-03T00:36:36
1601800682,3000,32.777496337890625,58,13,0,2020-10-04T11:38:02,1601674618.1769688,2020-10-03T00:36:58
1601800700,625000,32.96488952636719,116,13,0,2020-10-04T11:38:20,1601674637.443424,2020-10-03T00:37:17
1601800722,247000,32.777496337890625,182,13,0,2020-10-04T11:38:42,1601674659.79768,2020-10-03T00:37:39
1601800745,247000,32.777496337890625,246,13,0,2020-10-04T11:39:05,1601674683.422333,2020-10-03T00:38:03
1601800763,869000,32.96488952636719,47,13,0,2020-10-04T11:39:23,1601674701.889073,2020-10-03T00:38:21
1601800785,491000,32.96488952636719,111,13,0,2020-10-04T11:39:45,1601674724.594473,2020-10-03T00:38:44
1601800808,491000,32.96488952636719,173,13,0,2020-10-04T11:40:08,1601674746.405421,2020-10-03T00:39:06
1601800826,115000,33.15230941772461,233,13,0,2020-10-04T11:40:26,1601674765.9803529,2020-10-03T00:39:25
1601800847,737000,32.5900764465332,39,13,0,2020-10-04T11:40:47,1601674787.958972,2020-10-03T00:39:47
1601800871,737000,32.5900764465332,99,13,0,2020-10-04T11:41:11,1601674810.8506649,2020-10-03T00:40:10
1601800889,356000,32.40268325805664,158,13,0,2020-10-04T11:41:29,1601674829.7279038,2020-10-03T00:40:29
1601800911,977000,32.21526336669922,218,13,0,2020-10-04T11:41:51,1601674852.4642289,2020-10-03T00:40:52
1601800930,977000,32.21526336669922,22,13,0,2020-10-04T11:42:10,1601674871.695273,2020-10-03T00:41:11
1601800952,595000,31.840450286865234,82,13,0,2020-10-04T11:42:32,1601674893.607085,2020-10-03T00:41:33
1601800971,215000,32.21526336669922,142,13,0,2020-10-04T11:42:51,1601674913.4154,2020-10-03T00:41:53
1601800994,215000,32.0278434753418,204,13,0,2020-10-04T11:43:14,1601674935.6854799,2020-10-03T00:42:15
1601801015,835500,31.840450286865234,9,13,0,2020-10-04T11:43:35,1601674957.955468,2020-10-03T00:42:37
1601801033,456500,31.653030395507812,66,13,0,2020-10-04T11:43:53,1601674976.245669,2020-10-03T00:42:56
1601801055,456500,31.46563720703125,130,13,0,2020-10-04T11:44:15,1601674998.8119729,2020-10-03T00:43:18
1601801078,74500,31.278217315673828,194,13,0,2020-10-04T11:44:38,1601675021.2990758,2020-10-03T00:43:41
1601801099,693500,31.653030395507812,255,13,0,2020-10-04T11:44:59,1601675042.544512,2020-10-03T00:44:02
1601801121,315500,31.653030395507812,65,13,0,2020-10-04T11:45:21,1601675065.878273,2020-10-03T00:44:25
1601801140,315500,31.46563720703125,129,13,0,2020-10-04T11:45:40,1601675087.569664,2020-10-03T00:44:47
1601801161,936500,31.278217315673828,191,13,0,2020-10-04T11:46:01,1601675107.2003329,2020-10-03T00:45:07
1601801185,557500,31.653030395507812,252,13,0,2020-10-04T11:46:25,1601675130.6637208,2020-10-03T00:45:30
1601801208,178500,31.46563720703125,56,13,0,2020-10-04T11:46:48,1601675152.467105,2020-10-03T00:45:52
1601801226,178500,31.653030395507812,115,13,0,2020-10-04T11:47:06,1601675171.955396,2020-10-03T00:46:11
1601801247,798500,31.090797424316406,178,13,0,2020-10-04T11:47:27,1601675193.8526769,2020-10-03T00:46:33
1601801270,419500,31.46563720703125,243,13,0,2020-10-04T11:47:50,1601675217.090581,2020-10-03T00:46:57
1601801288,419500,31.653030395507812,45,13,0,2020-10-04T11:48:08,1601675234.804021,2020-10-03T00:47:14
1601801312,41500,31.090797424316406,110,13,0,2020-10-04T11:48:32,1601675258.0185158,2020-10-03T00:47:38
1601801334,89500,31.278217315673828,170,13,0,2020-10-04T11:48:54,1601675281.566045,2020-10-03T00:48:01
1601801353,89500,31.278217315673828,225,13,0,2020-10-04T11:49:13,1601675299.269573,2020-10-03T00:48:19
1601801375,194500,31.090797424316406,32,13,0,2020-10-04T11:49:35,1601675322.45626,2020-10-03T00:48:42
1601801397,298500,31.46563720703125,94,13,0,2020-10-04T11:49:57,1601675344.9276,2020-10-03T00:49:04
1601801415,298500,31.090797424316406,152,13,0,2020-10-04T11:50:15,1601675362.990649,2020-10-03T00:49:22
1601801438,406500,30.903404235839844,216,13,0,2020-10-04T11:50:38,1601675385.181668,2020-10-03T00:49:45
1601801462,511500,31.278217315673828,26,13,0,2020-10-04T11:51:02,1601675409.429529,2020-10-03T00:50:09
1601801480,511500,31.090797424316406,83,13,0,2020-10-04T11:51:20,1601675427.7468078,2020-10-03T00:50:27
1601801502,616500,31.090797424316406,144,13,0,2020-10-04T11:51:42,1601675449.389608,2020-10-03T00:50:49
1601801525,720500,31.090797424316406,210,13,0,2020-10-04T11:52:05,1601675472.735628,2020-10-03T00:51:12
1601801543,720500,31.46563720703125,12,13,0,2020-10-04T11:52:23,1601675491.058884,2020-10-03T00:51:31
1601801566,825500,31.090797424316406,74,13,0,2020-10-04T11:52:46,1601675512.843392,2020-10-03T00:51:52
1601801584,927500,30.153751373291016,130,13,0,2020-10-04T11:53:04,1601675532.166821,2020-10-03T00:52:12
1601801607,927500,28.65447235107422,194,13,0,2020-10-04T11:53:27,1601675554.8533158,2020-10-03T00:52:34
1601801630,30500,28.092267990112305,1,13,0,2020-10-04T11:53:50,1601675575.95256,2020-10-03T00:52:55
1601801652,130500,27.155221939086914,61,13,0,2020-10-04T11:54:12,1601675599.568817,2020-10-03T00:53:19
1601801670,130500,26.0307559967041,121,13,0,2020-10-04T11:54:30,1601675617.703192,2020-10-03T00:53:37
1601801689,229500,25.09370994567871,177,13,0,2020-10-04T11:54:49,1601675636.3685489,2020-10-03T00:53:56
1601801711,302500,24.15666389465332,240,13,0,2020-10-04T11:55:11,1601675659.29774,2020-10-03T00:54:19
1601801734,414500,23.407011032104492,46,13,0,2020-10-04T11:55:34,1601675680.311501,2020-10-03T00:54:40
1601801756,414500,23.032197952270508,112,13,0,2020-10-04T11:55:56,1601675703.5476959,2020-10-03T00:55:03
1601801774,506500,22.282573699951172,168,13,0,2020-10-04T11:56:14,1601675721.565537,2020-10-03T00:55:21
1601801796,595500,21.53291893005371,230,13,0,2020-10-04T11:56:36,1601675743.51248,2020-10-03T00:55:43
1601801818,595500,21.34552764892578,32,13,0,2020-10-04T11:56:58,1601675765.2862558,2020-10-03T00:56:05
1601801837,682500,20.595874786376953,91,13,0,2020-10-04T11:57:17,1601675788.4431279,2020-10-03T00:56:28
1601801859,769500,19.846248626708984,146,13,0,2020-10-04T11:57:39,1601675806.556041,2020-10-03T00:56:46
1601801878,769500,19.658828735351562,205,13,0,2020-10-04T11:57:58,1601675826.220584,2020-10-03T00:57:06
1601801901,858500,18.53436279296875,12,13,0,2020-10-04T11:58:21,1601675848.919148,2020-10-03T00:57:28
1601801923,943500,17.409923553466797,71,13,0,2020-10-04T11:58:43,1601675870.199749,2020-10-03T00:57:50
1601801945,943500,17.59731674194336,133,13,0,2020-10-04T11:59:05,1601675892.3919919,2020-10-03T00:58:12
1601801968,918500,16.66027069091797,194,13,0,2020-10-04T11:59:28,1601675915.0444,2020-10-03T00:58:35
1601801987,91500,17.035110473632812,252,13,0,2020-10-04T11:59:47,1601675933.5057368,2020-10-03T00:58:53
1601802006,91500,16.285457611083984,61,13,0,2020-10-04T12:00:06,1601675953.396136,2020-10-03T00:59:13
1601802028,186500,16.098037719726562,123,13,0,2020-10-04T12:00:28,1601675975.460657,2020-10-03T00:59:35
1601802048,268500,14.786178588867188,182,13,0,2020-10-04T12:00:48,1601675994.524272,2020-10-03T00:59:54
1601802061,268500,15.160991668701172,246,13,0,2020-10-04T12:01:01,1601676007.281085,2020-10-03T01:00:07
1601802071,268500,14.41136646270752,46,13,0,2020-10-04T12:01:11,1601676018.1752808,2020-10-03T01:00:18
1601802082,308500,14.786178588867188,104,13,0,2020-10-04T12:01:22,1601676029.333385,2020-10-03T01:00:29
1601802095,308500,14.036553382873535,164,13,0,2020-10-04T12:01:35,1601676041.999104,2020-10-03T01:00:41
1601802106,427500,14.223945617675781,226,13,0,2020-10-04T12:01:46,1601676055.162413,2020-10-03T01:00:55
1601802118,427500,14.036553382873535,24,13,0,2020-10-04T12:01:58,1601676064.7728438,2020-10-03T01:01:04
1601802129,427500,13.849132537841797,85,13,0,2020-10-04T12:02:09,1601676078.647728,2020-10-03T01:01:18
1601802141,505500,13.28689956665039,147,13,0,2020-10-04T12:02:21,1601676090.2479649,2020-10-03T01:01:30
1601802155,505500,12.537274360656738,204,13,0,2020-10-04T12:02:35,1601676101.707809,2020-10-03T01:01:41
1601802168,581500,12.349854469299316,6,13,0,2020-10-04T12:02:48,1601676114.422936,2020-10-03T01:01:54
1601802178,581500,12.16246223449707,64,13,0,2020-10-04T12:02:58,1601676125.768056,2020-10-03T01:02:05
1601802189,581500,12.349854469299316,121,13,0,2020-10-04T12:03:09,1601676136.891208,2020-10-03T01:02:16
1601802202,655500,11.22541618347168,183,13,0,2020-10-04T12:03:22,1601676149.6510968,2020-10-03T01:02:29
1601802213,655500,10.475762367248535,247,13,0,2020-10-04T12:03:33,1601676161.419577,2020-10-03T01:02:41
1601802223,655500,9.351296424865723,48,13,0,2020-10-04T12:03:43,1601676171.324841,2020-10-03T01:02:51
1601802236,729500,9.351296424865723,110,13,0,2020-10-04T12:03:56,1601676183.625676,2020-10-03T01:03:03
1601802248,729500,8.60167121887207,171,13,0,2020-10-04T12:04:08,1601676196.035141,2020-10-03T01:03:16
1601802258,729500,8.60167121887207,228,13,0,2020-10-04T12:04:18,1601676207.64426,2020-10-03T01:03:27
1601802271,802500,8.039438247680664,28,13,0,2020-10-04T12:04:31,1601676218.3960679,2020-10-03T01:03:38
1601802284,802500,8.226858139038086,85,13,0,2020-10-04T12:04:44,1601676231.653501,2020-10-03T01:03:51
1601802294,873500,8.039438247680664,145,13,0,2020-10-04T12:04:54,1601676242.15546,2020-10-03T01:04:02
1601802306,873500,7.477205276489258,207,13,0,2020-10-04T12:05:06,1601676254.409581,2020-10-03T01:04:14
1601802319,873500,6.727579116821289,10,13,0,2020-10-04T12:05:19,1601676266.270061,2020-10-03T01:04:26
1601802329,897500,6.914972305297852,68,13,0,2020-10-04T12:05:29,1601676277.4131808,2020-10-03T01:04:37
1601802340,897500,6.727579116821289,128,13,0,2020-10-04T12:05:40,1601676288.2317488,2020-10-03T01:04:48
1601802352,897500,5.790533065795898,189,13,0,2020-10-04T12:05:52,1601676300.540077,2020-10-03T01:05:00
1601802365,15500,5.603113174438477,249,13,0,2020-10-04T12:06:05,1601676312.428364,2020-10-03T01:05:12
1601802377,15500,5.415721893310547,54,13,0,2020-10-04T12:06:17,1601676324.376,2020-10-03T01:05:24
1601802390,86500,5.790533065795898,112,13,0,2020-10-04T12:06:30,1601676336.926221,2020-10-03T01:05:36
1601802400,86500,5.790533065795898,169,13,0,2020-10-04T12:06:40,1601676346.252472,2020-10-03T01:05:46
1601802411,86500,4.478675842285156,229,13,0,2020-10-04T12:06:51,1601676358.074056,2020-10-03T01:05:58
1601802423,130500,4.478675842285156,33,13,0,2020-10-04T12:07:03,1601676370.264792,2020-10-03T01:06:10
1601802435,130500,3.7290210723876953,89,13,0,2020-10-04T12:07:15,1601676381.6619408,2020-10-03T01:06:21
1601802447,216500,3.7290210723876953,151,13,0,2020-10-04T12:07:27,1601676394.771117,2020-10-03T01:06:34
1601802457,216500,3.7290210723876953,211,13,0,2020-10-04T12:07:37,1601676406.727504,2020-10-03T01:06:46
1601802470,216500,3.5416011810302734,9,13,0,2020-10-04T12:07:50,1601676417.463132,2020-10-03T01:06:57
1601802480,296500,2.417163848876953,66,13,0,2020-10-04T12:08:00,1601676427.836036,2020-10-03T01:07:07
1601802493,296500,1.4801177978515625,123,13,0,2020-10-04T12:08:13,1601676439.3391,2020-10-03T01:07:19
1601802503,296500,1.8549308776855469,184,13,0,2020-10-04T12:08:23,1601676450.591584,2020-10-03T01:07:30
1601802515,376500,1.6675090789794922,239,13,0,2020-10-04T12:08:35,1601676461.5595999,2020-10-03T01:07:41
1601802528,376500,1.2926979064941406,44,13,0,2020-10-04T12:08:48,1601676474.4685009,2020-10-03T01:07:54
1601802538,376500,2.2297439575195312,104,13,0,2020-10-04T12:08:58,1601676485.526121,2020-10-03T01:08:05
1601802551,416500,1.6675090789794922,165,13,0,2020-10-04T12:09:11,1601676497.484196,2020-10-03T01:08:17
1601802564,416500,1.8549308776855469,231,13,0,2020-10-04T12:09:24,1601676511.4446929,2020-10-03T01:08:31
1601802574,497500,2.0423507690429688,33,13,0,2020-10-04T12:09:34,1601676521.6281998,2020-10-03T01:08:41
1601802586,497500,1.1053047180175781,91,13,0,2020-10-04T12:09:46,1601676533.1851919,2020-10-03T01:08:53
1601802599,497500,0.9178848266601562,154,13,0,2020-10-04T12:09:59,1601676546.654748,2020-10-03T01:09:06
1601802609,551500,0.35565185546875,210,13,0,2020-10-04T12:10:09,1601676556.347996,2020-10-03T01:09:16
1601802621,551500,0.35565185546875,16,13,0,2020-10-04T12:10:21,1601676568.722904,2020-10-03T01:09:28
1601802634,612500,-0.019161224365234375,77,13,0,2020-10-04T12:10:34,1601676581.643741,2020-10-03T01:09:41
1601802644,612500,-2.2680931091308594,135,13,0,2020-10-04T12:10:44,1601676592.172077,2020-10-03T01:09:52
1601802657,612500,-2.8302974700927734,196,13,0,2020-10-04T12:10:57,1601676604.5422158,2020-10-03T01:10:04
1601802670,672500,-3.017719268798828,1,13,0,2020-10-04T12:11:10,1601676617.474501,2020-10-03T01:10:17
1601802680,672500,-2.8302974700927734,57,13,0,2020-10-04T12:11:20,1601676627.817189,2020-10-03T01:10:27
1601802692,672500,-2.6429061889648438,114,13,0,2020-10-04T12:11:32,1601676640.2208369,2020-10-03T01:10:40
1601802705,737500,-3.767343521118164,174,13,0,2020-10-04T12:11:45,1601676652.9917638,2020-10-03T01:10:52
1601802715,737500,-4.516998291015625,229,13,0,2020-10-04T12:11:55,1601676662.38868,2020-10-03T01:11:02
1601802727,735500,-3.5799522399902344,35,13,0,2020-10-04T12:12:07,1601676675.142264,2020-10-03T01:11:15
1601802740,735500,-3.767343521118164,96,13,0,2020-10-04T12:12:20,1601676687.212252,2020-10-03T01:11:27
1601802750,735500,-3.9547653198242188,154,13,0,2020-10-04T12:12:30,1601676697.684032,2020-10-03T01:11:37
1601802762,888500,-3.3925323486328125,216,13,0,2020-10-04T12:12:42,1601676709.51644,2020-10-03T01:11:49
1601802775,888500,-3.9547653198242188,20,13,0,2020-10-04T12:12:55,1601676722.016072,2020-10-03T01:12:02
1601802785,888500,-3.9547653198242188,80,13,0,2020-10-04T12:13:05,1601676733.2213318,2020-10-03T01:12:13
1601802797,959500,-4.891809463500977,136,13,0,2020-10-04T12:13:17,1601676744.678504,2020-10-03T01:12:24
1601802810,959500,-4.32957649230957,195,13,0,2020-10-04T12:13:30,1601676757.553921,2020-10-03T01:12:37
1601802821,24500,-4.32957649230957,251,13,0,2020-10-04T12:13:41,1601676768.3509128,2020-10-03T01:12:48
1601802834,24500,-2.8302974700927734,57,13,0,2020-10-04T12:13:54,1601676780.059749,2020-10-03T01:13:00
1601802846,24500,-2.6429061889648438,117,13,0,2020-10-04T12:14:06,1601676793.735668,2020-10-03T01:13:13
1601802856,98500,-0.956207275390625,170,13,0,2020-10-04T12:14:16,1601676803.773329,2020-10-03T01:13:23
1601802869,98500,-1.7058601379394531,228,13,0,2020-10-04T12:14:29,1601676815.95034,2020-10-03T01:13:35
1601802882,173500,-1.5184402465820312,31,13,0,2020-10-04T12:14:42,1601676828.366176,2020-10-03T01:13:48
1601802892,173500,-1.8932533264160156,87,13,0,2020-10-04T12:14:52,1601676838.8000438,2020-10-03T01:13:58
1601802904,173500,-1.7058601379394531,149,13,0,2020-10-04T12:15:04,1601676850.712893,2020-10-03T01:14:10
1601802917,249500,-3.5799522399902344,209,13,0,2020-10-04T12:15:17,1601676864.388105,2020-10-03T01:14:24
1601802927,249500,-3.767343521118164,7,13,0,2020-10-04T12:15:27,1601676874.3265638,2020-10-03T01:14:34
1601802939,249500,-3.767343521118164,64,13,0,2020-10-04T12:15:39,1601676886.428376,2020-10-03T01:14:46
1601802952,317500,-3.9547653198242188,125,13,0,2020-10-04T12:15:52,1601676898.3503048,2020-10-03T01:14:58
1601802961,317500,-2.455486297607422,182,13,0,2020-10-04T12:16:01,1601676908.42504,2020-10-03T01:15:08
1601802971,317500,-1.7058601379394531,229,13,0,2020-10-04T12:16:11,1601676919.044436,2020-10-03T01:15:19
1601802988,333500,-4.891809463500977,62,13,0,2020-10-04T12:16:28,1601676938.414425,2020-10-03T01:15:38
1601802998,333500,-6.578510284423828,105,13,0,2020-10-04T12:16:38,1601676947.260517,2020-10-03T01:15:47
1601803008,927500,-5.266622543334961,149,13,0,2020-10-04T12:16:48,1601676957.352844,2020-10-03T01:15:57
1601803017,927500,-3.9547653198242188,182,13,0,2020-10-04T12:16:57,1601676966.7212079,2020-10-03T01:16:06
1601803027,927500,-4.516998291015625,220,13,0,2020-10-04T12:17:07,1601676976.7847369,2020-10-03T01:16:16
1601802984,502500,-4.891809463500977,9,13,0,2020-10-04T12:16:24,1601676995.615213,2020-10-03T01:16:35
1601802994,502500,-5.266622543334961,63,13,0,2020-10-04T12:16:34,1601677005.8875809,2020-10-03T01:16:45
1601803004,98500,-6.391088485717773,117,13,0,2020-10-04T12:16:44,1601677015.9107969,2020-10-03T01:16:55
1601803011,98500,-6.016277313232422,169,13,0,2020-10-04T12:16:51,1601677024.203529,2020-10-03T01:17:04
1601803021,98500,-6.391088485717773,217,13,0,2020-10-04T12:17:01,1601677033.604416,2020-10-03T01:17:13
1601803031,98500,-7.515556335449219,12,13,0,2020-10-04T12:17:11,1601677043.917629,2020-10-03T01:17:23
1601802979,683500,-8.827415466308594,67,13,0,2020-10-04T12:16:19,1601677053.718796,2020-10-03T01:17:33
1601802989,683500,-8.45260238647461,118,13,0,2020-10-04T12:16:29,1601677063.6543999,2020-10-03T01:17:43
1601802997,683500,-9.3896484375,174,13,0,2020-10-04T12:16:37,1601677073.124353,2020-10-03T01:17:53
1601803007,282500,-10.32669448852539,226,13,0,2020-10-04T12:16:47,1601677082.024813,2020-10-03T01:18:02
1601803017,282500,-10.888927459716797,22,13,0,2020-10-04T12:16:57,1601677090.705673,2020-10-03T01:18:10
1601803024,282500,-11.6385498046875,69,13,0,2020-10-04T12:17:04,1601677099.30282,2020-10-03T01:18:19
1601803031,881500,-12.388206481933594,116,13,0,2020-10-04T12:17:11,1601677107.115541,2020-10-03T01:18:27
1601803041,881500,-12.388206481933594,162,13,0,2020-10-04T12:17:21,1601677116.695868,2020-10-03T01:18:36
1601803051,881500,-12.013362884521484,213,13,0,2020-10-04T12:17:31,1601677126.682045,2020-10-03T01:18:46
1601803058,881500,-11.451129913330078,2,13,0,2020-10-04T12:17:38,1601677133.680073,2020-10-03T01:18:53
1601803065,483500,-11.451129913330078,49,13,0,2020-10-04T12:17:45,1601677141.2557878,2020-10-03T01:19:01
1601803075,483500,-12.388206481933594,98,13,0,2020-10-04T12:17:55,1601677150.356556,2020-10-03T01:19:10
1601803082,483500,-13.137828826904297,147,13,0,2020-10-04T12:18:02,1601677158.49484,2020-10-03T01:19:18
1601803090,483500,-13.700061798095703,196,13,0,2020-10-04T12:18:10,1601677166.904857,2020-10-03T01:19:26
1601803100,89500,-13.137828826904297,243,13,0,2020-10-04T12:18:20,1601677175.732136,2020-10-03T01:19:35
1601803107,89500,-13.512641906738281,32,13,0,2020-10-04T12:18:27,1601677183.032848,2020-10-03T01:19:43
1601803116,89500,-13.887454986572266,79,13,0,2020-10-04T12:18:36,1601677191.3764079,2020-10-03T01:19:51
1601803123,693500,-14.074874877929688,126,13,0,2020-10-04T12:18:43,1601677200.610425,2020-10-03T01:20:00
1601803130,693500,-14.824501037597656,171,13,0,2020-10-04T12:18:50,1601677207.868136,2020-10-03T01:20:07
1601803140,693500,-14.074874877929688,216,13,0,2020-10-04T12:19:00,1601677216.1621518,2020-10-03T01:20:16
1601803148,693500,-14.449687957763672,9,13,0,2020-10-04T12:19:08,1601677225.1408439,2020-10-03T01:20:25
1601803155,296500,-14.637107849121094,56,13,0,2020-10-04T12:19:15,1601677232.4858398,2020-10-03T01:20:32
1601803165,296500,-14.637107849121094,104,13,0,2020-10-04T12:19:25,1601677241.752508,2020-10-03T01:20:41
1601803173,296500,-14.449687957763672,153,13,0,2020-10-04T12:19:33,1601677250.138484,2020-10-03T01:20:50
1601803180,296500,-14.26229476928711,198,13,0,2020-10-04T12:19:40,1601677257.465024,2020-10-03T01:20:57
1601803189,902500,-14.637107849121094,249,13,0,2020-10-04T12:19:49,1601677266.890312,2020-10-03T01:21:06
1601803197,902500,-15.011920928955078,42,13,0,2020-10-04T12:19:57,1601677275.236588,2020-10-03T01:21:15
1601803204,902500,-14.637107849121094,87,13,0,2020-10-04T12:20:04,1601677282.554668,2020-10-03T01:21:22
1601803214,511000,-14.074874877929688,138,13,0,2020-10-04T12:20:14,1601677292.141108,2020-10-03T01:21:32
1601803222,510500,-13.700061798095703,187,13,0,2020-10-04T12:20:22,1601677301.1316879,2020-10-03T01:21:41
1601803230,510500,-13.887454986572266,232,13,0,2020-10-04T12:20:30,1601677308.6460888,2020-10-03T01:21:48
1601803240,510500,-13.887454986572266,23,13,0,2020-10-04T12:20:40,1601677317.1182919,2020-10-03T01:21:57
1601803247,118500,-14.637107849121094,74,13,0,2020-10-04T12:20:47,1601677326.2415519,2020-10-03T01:22:06
1601803255,118500,-14.074874877929688,119,13,0,2020-10-04T12:20:55,1601677333.6763718,2020-10-03T01:22:13
1601803266,118500,-14.26229476928711,167,13,0,2020-10-04T12:21:06,1601677343.475529,2020-10-03T01:22:23
1601803274,118500,-14.074874877929688,220,13,0,2020-10-04T12:21:14,1601677352.747573,2020-10-03T01:22:32
1601803280,725500,-14.824501037597656,9,13,0,2020-10-04T12:21:20,1601677359.6768448,2020-10-03T01:22:39
1601803290,725500,-14.824501037597656,62,13,0,2020-10-04T12:21:30,1601677369.015081,2020-10-03T01:22:49
1601803298,725500,-14.637107849121094,111,13,0,2020-10-04T12:21:38,1601677378.138437,2020-10-03T01:22:58
1601803306,332500,-13.887454986572266,158,13,0,2020-10-04T12:21:46,1601677385.500232,2020-10-03T01:23:05
1601803316,332500,-14.074874877929688,209,13,0,2020-10-04T12:21:56,1601677395.8234959,2020-10-03T01:23:15
1601803324,332500,-14.449687957763672,254,13,0,2020-10-04T12:22:04,1601677403.7343729,2020-10-03T01:23:23
1601803331,332500,-14.074874877929688,43,13,0,2020-10-04T12:22:11,1601677410.684412,2020-10-03T01:23:30
1601803340,939500,-14.449687957763672,96,13,0,2020-10-04T12:22:20,1601677420.703621,2020-10-03T01:23:40
1601803348,939500,-14.26229476928711,144,13,0,2020-10-04T12:22:28,1601677428.869273,2020-10-03T01:23:48
1601803355,939500,-14.449687957763672,192,13,0,2020-10-04T12:22:35,1601677436.3948529,2020-10-03T01:23:56
1601803366,939500,-14.074874877929688,245,13,0,2020-10-04T12:22:46,1601677445.953009,2020-10-03T01:24:05
1601803124,923500,-14.074874877929688,39,13,0,2020-10-04T12:18:44,1601677454.5985599,2020-10-03T01:24:14
1601803141,923500,-14.26229476928711,134,13,0,2020-10-04T12:19:01,1601677471.791424,2020-10-03T01:24:31
1601803150,593500,-14.637107849121094,181,13,0,2020-10-04T12:19:10,1601677480.773212,2020-10-03T01:24:40
1601803158,593500,-14.26229476928711,226,13,0,2020-10-04T12:19:18,1601677488.838621,2020-10-03T01:24:48
1601803167,593500,-14.637107849121094,19,13,0,2020-10-04T12:19:27,1601677498.415621,2020-10-03T01:24:58
1601803177,593500,-14.824501037597656,72,13,0,2020-10-04T12:19:37,1601677508.244565,2020-10-03T01:25:08
1601803185,202500,-14.824501037597656,117,13,0,2020-10-04T12:19:45,1601677514.972488,2020-10-03T01:25:14
1601803192,202500,-14.074874877929688,166,13,0,2020-10-04T12:19:52,1601677523.2430649,2020-10-03T01:25:23
1601803203,202500,-14.449687957763672,217,13,0,2020-10-04T12:20:03,1601677533.6580849,2020-10-03T01:25:33
1601803218,812500,-13.887454986572266,52,13,0,2020-10-04T12:20:18,1601677550.186893,2020-10-03T01:25:50
1601803227,812500,-13.512641906738281,101,13,0,2020-10-04T12:20:27,1601677559.502364,2020-10-03T01:25:59
1601803236,812500,-13.700061798095703,151,13,0,2020-10-04T12:20:36,1601677568.706085,2020-10-03T01:26:08
1601802985,858500,-14.074874877929688,201,13,0,2020-10-04T12:16:25,1601677576.1147928,2020-10-03T01:26:16
1601802996,858500,-13.887454986572266,230,13,0,2020-10-04T12:16:36,1601677586.254657,2020-10-03T01:26:26
1601803003,858500,-13.887454986572266,24,13,0,2020-10-04T12:16:43,1601677594.743069,2020-10-03T01:26:34
1601803012,465500,-14.26229476928711,72,13,0,2020-10-04T12:16:52,1601677604.212488,2020-10-03T01:26:44
1601803023,465500,-13.887454986572266,120,13,0,2020-10-04T12:17:03,1601677613.907433,2020-10-03T01:26:53
1601803031,465500,-14.26229476928711,170,13,0,2020-10-04T12:17:11,1601677622.750772,2020-10-03T01:27:02
1601803041,465500,-14.074874877929688,220,13,0,2020-10-04T12:17:21,1601677632.360941,2020-10-03T01:27:12
1601803051,74500,-14.26229476928711,12,13,0,2020-10-04T12:17:31,1601677642.29506,2020-10-03T01:27:22
1601803060,74500,-14.26229476928711,64,13,0,2020-10-04T12:17:40,1601677651.913832,2020-10-03T01:27:31
1601803070,74500,-14.26229476928711,114,13,0,2020-10-04T12:17:50,1601677661.125301,2020-10-03T01:27:41
1601803077,682500,-14.449687957763672,161,13,0,2020-10-04T12:17:57,1601677669.754516,2020-10-03T01:27:49
1601803087,682500,-14.637107849121094,211,13,0,2020-10-04T12:18:07,1601677678.6804569,2020-10-03T01:27:58
1601803096,682500,-14.637107849121094,8,13,0,2020-10-04T12:18:16,1601677688.154692,2020-10-03T01:28:08
315964830,803500,-14.449687957763672,64,13,0,1980-01-06T03:00:30,1601677698.8578649,2020-10-03T01:28:18
315964840,803500,-14.26229476928711,116,13,0,1980-01-06T03:00:40,1601677708.363333,2020-10-03T01:28:28
315964849,803500,-14.074874877929688,170,13,0,1980-01-06T03:00:49,1601677718.230465,2020-10-03T01:28:38
315964859,411500,-13.700061798095703,224,13,0,1980-01-06T03:00:59,1601677727.7329729,2020-10-03T01:28:47
315964869,411500,-13.325248718261719,24,13,0,1980-01-06T03:01:09,1601677737.461725,2020-10-03T01:28:57
315964878,411500,-13.325248718261719,75,13,0,1980-01-06T03:01:18,1601677746.185101,2020-10-03T01:29:06
315964888,411500,-13.325248718261719,131,13,0,1980-01-06T03:01:28,1601677756.724776,2020-10-03T01:29:16
315964897,22500,-13.887454986572266,180,13,0,1980-01-06T03:01:37,1601677765.551461,2020-10-03T01:29:25
315964907,22500,-13.325248718261719,236,13,0,1980-01-06T03:01:47,1601677775.712944,2020-10-03T01:29:35
315964916,22500,-13.887454986572266,34,13,0,1980-01-06T03:01:56,1601677785.41394,2020-10-03T01:29:45
315964925,633500,-13.700061798095703,86,13,0,1980-01-06T03:02:05,1601677794.0348449,2020-10-03T01:29:54
315964935,633500,-13.700061798095703,139,13,0,1980-01-06T03:02:15,1601677803.731925,2020-10-03T01:30:03
315964945,633500,-13.512641906738281,191,13,0,1980-01-06T03:02:25,1601677814.759188,2020-10-03T01:30:14
315964954,241500,-13.512641906738281,243,13,0,1980-01-06T03:02:34,1601677823.142016,2020-10-03T01:30:23
315964963,241500,-13.700061798095703,38,13,0,1980-01-06T03:02:43,1601677833.525076,2020-10-03T01:30:33
315964973,241500,-13.512641906738281,92,13,0,1980-01-06T03:02:53,1601677843.713481,2020-10-03T01:30:43
315964982,848500,-13.700061798095703,140,13,0,1980-01-06T03:03:02,1601677852.54016,2020-10-03T01:30:52
315964991,848500,-13.512641906738281,194,13,0,1980-01-06T03:03:11,1601677862.647984,2020-10-03T01:31:02
315965001,848500,-12.950408935546875,248,13,0,1980-01-06T03:03:21,1601677872.374348,2020-10-03T01:31:12
315965011,457500,-13.512641906738281,44,13,0,1980-01-06T03:03:31,1601677881.005008,2020-10-03T01:31:21
315965020,457500,-13.137828826904297,100,13,0,1980-01-06T03:03:40,1601677891.1186318,2020-10-03T01:31:31
315965030,457500,-13.512641906738281,158,13,0,1980-01-06T03:03:50,1601677901.196189,2020-10-03T01:31:41
315965039,457500,-14.074874877929688,210,13,0,1980-01-06T03:03:59,1601677909.8063838,2020-10-03T01:31:49
315965049,69500,-13.700061798095703,6,13,0,1980-01-06T03:04:09,1601677919.120209,2020-10-03T01:31:59
315965058,69500,-14.074874877929688,62,13,0,1980-01-06T03:04:18,1601677929.727573,2020-10-03T01:32:09
315965067,69500,-14.074874877929688,103,13,0,1980-01-06T03:04:27,1601677938.159965,2020-10-03T01:32:18
315965076,680500,-13.887454986572266,155,13,0,1980-01-06T03:04:36,1601677947.325896,2020-10-03T01:32:27
315965085,680500,-13.887454986572266,211,13,0,1980-01-06T03:04:45,1601677957.9819849,2020-10-03T01:32:37
315965095,680500,-13.700061798095703,6,13,0,1980-01-06T03:04:55,1601677967.64406,2020-10-03T01:32:47
315965104,290500,-13.887454986572266,58,13,0,1980-01-06T03:05:04,1601677976.378285,2020-10-03T01:32:56
315965114,290500,-14.074874877929688,110,13,0,1980-01-06T03:05:14,1601677986.2588599,2020-10-03T01:33:06
315965124,290500,-13.887454986572266,160,13,0,1980-01-06T03:05:24,1601677995.208916,2020-10-03T01:33:15
315965132,900500,-14.074874877929688,211,13,0,1980-01-06T03:05:32,1601678004.949193,2020-10-03T01:33:24
315965142,900500,-14.074874877929688,7,13,0,1980-01-06T03:05:42,1601678015.8883998,2020-10-03T01:33:35
315965152,900500,-14.074874877929688,55,13,0,1980-01-06T03:05:52,1601678024.413333,2020-10-03T01:33:44
315965161,900500,-14.074874877929688,109,13,0,1980-01-06T03:06:01,1601678034.892408,2020-10-03T01:33:54
315965171,511500,-13.700061798095703,161,13,0,1980-01-06T03:06:11,1601678044.7264168,2020-10-03T01:34:04
315965181,511500,-13.512641906738281,215,13,0,1980-01-06T03:06:21,1601678054.49606,2020-10-03T01:34:14
315965190,511500,-13.887454986572266,13,13,0,1980-01-06T03:06:30,1601678063.929276,2020-10-03T01:34:23
315965200,120500,-13.887454986572266,69,13,0,1980-01-06T03:06:40,1601678073.8729079,2020-10-03T01:34:33
315965208,120500,-13.700061798095703,120,13,0,1980-01-06T03:06:48,1601678081.85798,2020-10-03T01:34:41
315965217,120500,-14.074874877929688,170,13,0,1980-01-06T03:06:57,1601678091.263257,2020-10-03T01:34:51
315965226,730500,-14.074874877929688,213,13,0,1980-01-06T03:07:06,1601678100.192729,2020-10-03T01:35:00
315965234,730500,-13.700061798095703,9,13,0,1980-01-06T03:07:14,1601678108.8542838,2020-10-03T01:35:08
315965244,730500,-13.887454986572266,59,13,0,1980-01-06T03:07:24,1601678119.3741078,2020-10-03T01:35:19
315965254,730500,-13.512641906738281,108,13,0,1980-01-06T03:07:34,1601678128.172533,2020-10-03T01:35:28
315964841,76500,-13.137828826904297,146,13,0,1980-01-06T03:00:41,1601678136.275837,2020-10-03T01:35:36
315964851,76500,-12.763015747070312,198,13,0,1980-01-06T03:00:51,1601678145.97834,2020-10-03T01:35:45
315964861,76500,-12.763015747070312,250,13,0,1980-01-06T03:01:01,1601678156.165392,2020-10-03T01:35:56
315964868,684500,-12.388206481933594,42,13,0,1980-01-06T03:01:08,1601678163.718724,2020-10-03T01:36:03
315964877,684500,-12.388206481933594,95,13,0,1980-01-06T03:01:17,1601678173.345069,2020-10-03T01:36:13
315964887,684500,-12.200782775878906,152,13,0,1980-01-06T03:01:27,1601678184.2163968,2020-10-03T01:36:24
315964896,293500,-11.6385498046875,202,13,0,1980-01-06T03:01:36,1601678192.237232,2020-10-03T01:36:32
315964905,293500,-11.825969696044922,251,13,0,1980-01-06T03:01:45,1601678201.563189,2020-10-03T01:36:41
315964916,293500,-11.076316833496094,50,13,0,1980-01-06T03:01:56,1601678212.149292,2020-10-03T01:36:52
315964925,293500,-11.076316833496094,104,13,0,1980-01-06T03:02:05,1601678221.317461,2020-10-03T01:37:01
315964934,903500,-10.70150375366211,154,13,0,1980-01-06T03:02:14,1601678230.6604998,2020-10-03T01:37:10
315964944,903500,-10.70150375366211,208,13,0,1980-01-06T03:02:24,1601678241.230049,2020-10-03T01:37:21
315964952,903500,-10.139270782470703,2,13,0,1980-01-06T03:02:32,1601678249.251076,2020-10-03T01:37:29
315964965,512500,-10.139270782470703,66,13,0,1980-01-06T03:02:45,1601678262.318073,2020-10-03T01:37:42
315964977,512500,-9.764457702636719,126,13,0,1980-01-06T03:02:57,1601678274.369092,2020-10-03T01:37:54
1601804339,350500,-9.764457702636719,188,13,0,2020-10-04T12:38:59,1601678286.641769,2020-10-03T01:38:06
1601804349,350500,-9.202224731445312,248,13,0,2020-10-04T12:39:09,1601678297.2450929,2020-10-03T01:38:17
1601804362,350500,-9.014835357666016,50,13,0,2020-10-04T12:39:22,1601678310.2548048,2020-10-03T01:38:30
1601804372,434500,-8.827415466308594,104,13,0,2020-10-04T12:39:32,1601678320.101361,2020-10-03T01:38:40
1601804382,434500,-9.202224731445312,158,13,0,2020-10-04T12:39:42,1601678330.229593,2020-10-03T01:38:50
1601804394,434500,-8.45260238647461,223,13,0,2020-10-04T12:39:54,1601678343.316597,2020-10-03T01:39:03
1601804405,493500,-7.890369415283203,26,13,0,2020-10-04T12:40:05,1601678354.5939848,2020-10-03T01:39:14
1601804418,493500,-7.702945709228516,84,13,0,2020-10-04T12:40:18,1601678365.729128,2020-10-03T01:39:25
1601804430,591500,-7.890369415283203,142,13,0,2020-10-04T12:40:30,1601678378.25316,2020-10-03T01:39:38
1601804441,591500,-6.95332145690918,197,13,0,2020-10-04T12:40:41,1601678389.524212,2020-10-03T01:39:49
1601804453,591500,-6.765901565551758,252,13,0,2020-10-04T12:40:53,1601678400.02942,2020-10-03T01:40:00
1601804466,492500,-6.391088485717773,49,13,0,2020-10-04T12:41:06,1601678412.9892728,2020-10-03T01:40:12
1601804476,492500,-6.203668594360352,99,13,0,2020-10-04T12:41:16,1601678423.652041,2020-10-03T01:40:23
1601804488,492500,-6.016277313232422,154,13,0,2020-10-04T12:41:28,1601678436.096525,2020-10-03T01:40:36
1601804499,818500,-6.016277313232422,212,13,0,2020-10-04T12:41:39,1601678447.351961,2020-10-03T01:40:47
1601804536,923500,-5.266622543334961,110,13,0,2020-10-04T12:42:16,1601678483.1091518,2020-10-03T01:41:23
1601804546,923500,-4.891809463500977,167,13,0,2020-10-04T12:42:26,1601678494.427348,2020-10-03T01:41:34
1601804559,905500,-4.704389572143555,225,13,0,2020-10-04T12:42:39,1601678506.0177,2020-10-03T01:41:46
1601804569,905500,-4.516998291015625,28,13,0,2020-10-04T12:42:49,1601678518.13938,2020-10-03T01:41:58
1601804580,905500,-4.891809463500977,85,13,0,2020-10-04T12:43:00,1601678527.913764,2020-10-03T01:42:07
1601804592,88500,-4.704389572143555,140,13,0,2020-10-04T12:43:12,1601678539.700969,2020-10-03T01:42:19
1601804604,88500,-4.32957649230957,198,13,0,2020-10-04T12:43:24,1601678550.888489,2020-10-03T01:42:30
1601804614,88500,-3.767343521118164,0,13,0,2020-10-04T12:43:34,1601678561.489145,2020-10-03T01:42:41
1601804626,139500,-3.9547653198242188,63,13,0,2020-10-04T12:43:46,1601678573.794201,2020-10-03T01:42:53
1601804637,139500,-3.5799522399902344,121,13,0,2020-10-04T12:43:57,1601678585.23258,2020-10-03T01:43:05
1601804650,316500,-3.20513916015625,179,13,0,2020-10-04T12:44:10,1601678596.130388,2020-10-03T01:43:16
1601804660,316500,-2.8302974700927734,235,13,0,2020-10-04T12:44:20,1601678607.656661,2020-10-03T01:43:27
1601804671,316500,-2.8302974700927734,35,13,0,2020-10-04T12:44:31,1601678619.158004,2020-10-03T01:43:39
1601804683,406500,-2.8302974700927734,97,13,0,2020-10-04T12:44:43,1601678630.710729,2020-10-03T01:43:50
1601804693,406500,-2.2680931091308594,152,13,0,2020-10-04T12:44:53,1601678641.288785,2020-10-03T01:44:01
1601804706,406500,-2.2680931091308594,214,13,0,2020-10-04T12:45:06,1601678653.5378158,2020-10-03T01:44:13
1601804717,478500,-2.0806732177734375,20,13,0,2020-10-04T12:45:17,1601678664.683677,2020-10-03T01:44:24
1601804729,478500,-1.8932533264160156,80,13,0,2020-10-04T12:45:29,1601678676.8784919,2020-10-03T01:44:36
1601804740,508500,-1.5184402465820312,144,13,0,2020-10-04T12:45:40,1601678689.263105,2020-10-03T01:44:49
1601804750,508500,-1.3310203552246094,188,13,0,2020-10-04T12:45:50,1601678698.5952919,2020-10-03T01:44:58
1601804762,508500,-1.3310203552246094,247,13,0,2020-10-04T12:46:02,1601678710.3780558,2020-10-03T01:45:10
1601804774,676500,-0.956207275390625,41,13,0,2020-10-04T12:46:14,1601678722.237917,2020-10-03T01:45:22
1601804784,676500,-0.5813941955566406,95,13,0,2020-10-04T12:46:24,1601678731.66856,2020-10-03T01:45:31
1601804795,676500,-0.5813941955566406,156,13,0,2020-10-04T12:46:35,1601678743.19596,2020-10-03T01:45:43
1601804807,752500,-0.20658111572265625,217,13,0,2020-10-04T12:46:47,1601678755.232992,2020-10-03T01:45:55
1601804818,752500,-0.019161224365234375,23,13,0,2020-10-04T12:46:58,1601678766.7640119,2020-10-03T01:46:06
1601804830,752500,0.16823196411132812,83,13,0,2020-10-04T12:47:10,1601678778.599177,2020-10-03T01:46:18
1601804843,831500,0.9178848266601562,139,13,0,2020-10-04T12:47:23,1601678790.042444,2020-10-03T01:46:30
1601804852,831500,0.7304649353027344,201,13,0,2020-10-04T12:47:32,1601678802.029588,2020-10-03T01:46:42
1601804865,946500,0.35565185546875,4,13,0,2020-10-04T12:47:45,1601678813.1999679,2020-10-03T01:46:53
1601804877,946500,0.7304649353027344,58,13,0,2020-10-04T12:47:57,1601678824.550289,2020-10-03T01:47:04
1601804887,946500,1.2926979064941406,115,13,0,2020-10-04T12:48:07,1601678835.281229,2020-10-03T01:47:15
1601804900,41500,1.1053047180175781,171,13,0,2020-10-04T12:48:20,1601678847.219013,2020-10-03T01:47:27
1601804913,41500,1.1053047180175781,233,13,0,2020-10-04T12:48:33,1601678859.144048,2020-10-03T01:47:39
1601804924,41500,2.0423507690429688,35,13,0,2020-10-04T12:48:44,1601678870.136072,2020-10-03T01:47:50
1601804936,121500,1.8549308776855469,94,13,0,2020-10-04T12:48:56,1601678883.4512239,2020-10-03T01:48:03
1601804947,121500,2.417163848876953,152,13,0,2020-10-04T12:49:07,1601678893.655365,2020-10-03T01:48:13
1601804957,121500,2.9793968200683594,212,13,0,2020-10-04T12:49:17,1601678905.2986438,2020-10-03T01:48:25
1601804970,209500,2.9793968200683594,16,13,0,2020-10-04T12:49:30,1601678916.943836,2020-10-03T01:48:36
1601804982,209500,3.166788101196289,73,13,0,2020-10-04T12:49:42,1601678929.2094488,2020-10-03T01:48:49
1601804992,320500,2.9793968200683594,131,13,0,2020-10-04T12:49:52,1601678939.3333569,2020-10-03T01:48:59
1601805004,320500,3.166788101196289,190,13,0,2020-10-04T12:50:04,1601678951.495204,2020-10-03T01:49:11
1601805017,320500,3.3542098999023438,2,13,0,2020-10-04T12:50:17,1601678965.073369,2020-10-03T01:49:25
1601805027,387500,3.5416011810302734,51,13,0,2020-10-04T12:50:27,1601678974.54076,2020-10-03T01:49:34
1601805039,387500,3.166788101196289,101,13,0,2020-10-04T12:50:39,1601678985.997532,2020-10-03T01:49:45
1601805049,387500,3.7290210723876953,153,13,0,2020-10-04T12:50:49,1601678997.1836119,2020-10-03T01:49:57
1601805059,237500,4.10383415222168,211,13,0,2020-10-04T12:50:59,1601679008.030752,2020-10-03T01:50:08
1601805072,237500,4.291255950927734,15,13,0,2020-10-04T12:51:12,1601679020.024045,2020-10-03T01:50:20
1601805085,204500,4.853488922119141,73,13,0,2020-10-04T12:51:25,1601679032.520732,2020-10-03T01:50:32
1601805094,204500,4.666067123413086,134,13,0,2020-10-04T12:51:34,1601679042.206457,2020-10-03T01:50:42
1601805108,204500,5.603113174438477,198,13,0,2020-10-04T12:51:48,1601679055.70574,2020-10-03T01:50:55
1601805119,332500,5.04088020324707,2,13,0,2020-10-04T12:51:59,1601679067.941413,2020-10-03T01:51:07
1601805131,332500,4.478675842285156,51,13,0,2020-10-04T12:52:11,1601679079.3313289,2020-10-03T01:51:19
1601805142,332500,5.228300094604492,103,13,0,2020-10-04T12:52:22,1601679089.949065,2020-10-03T01:51:29
1601805154,518500,5.04088020324707,153,13,0,2020-10-04T12:52:34,1601679103.820236,2020-10-03T01:51:43
1601805165,518500,5.603113174438477,205,13,0,2020-10-04T12:52:45,1601679113.805256,2020-10-03T01:51:53
1601805178,566500,6.165346145629883,2,13,0,2020-10-04T12:52:58,1601679125.7705,2020-10-03T01:52:05
1601805190,566500,5.603113174438477,64,13,0,2020-10-04T12:53:10,1601679138.494108,2020-10-03T01:52:18
1601805200,566500,6.540159225463867,120,13,0,2020-10-04T12:53:20,1601679148.327473,2020-10-03T01:52:28
1601805213,681500,6.727579116821289,181,13,0,2020-10-04T12:53:33,1601679160.638808,2020-10-03T01:52:40
1601805224,681500,6.727579116821289,237,13,0,2020-10-04T12:53:44,1601679172.499745,2020-10-03T01:52:52
1601805234,681500,6.914972305297852,34,13,0,2020-10-04T12:53:54,1601679181.634124,2020-10-03T01:53:01
1601805246,908500,7.289812088012695,95,13,0,2020-10-04T12:54:06,1601679194.224504,2020-10-03T01:53:14
1601805258,908500,7.102392196655273,155,13,0,2020-10-04T12:54:18,1601679206.700744,2020-10-03T01:53:26
1601805268,903500,7.477205276489258,214,13,0,2020-10-04T12:54:28,1601679218.1273448,2020-10-03T01:53:38
1601805283,903500,8.039438247680664,22,13,0,2020-10-04T12:54:43,1601679230.86602,2020-10-03T01:53:50
1601805293,903500,7.852045059204102,80,13,0,2020-10-04T12:54:53,1601679241.520105,2020-10-03T01:54:01
1601805304,217500,8.414251327514648,136,13,0,2020-10-04T12:55:04,1601679251.248076,2020-10-03T01:54:11
1601805317,217500,8.789091110229492,190,13,0,2020-10-04T12:55:17,1601679264.6060529,2020-10-03T01:54:24
1601805324,217500,9.163904190063477,227,13,0,2020-10-04T12:55:24,1601679270.979712,2020-10-03T01:54:30
1601805594,553500,8.414251327514648,28,13,0,2020-10-04T12:59:54,1601679293.2949998,2020-10-03T01:54:53
1601805363,389500,9.163904190063477,75,13,0,2020-10-04T12:56:03,1601679310.7699609,2020-10-03T01:55:10
1601805386,389500,9.913529396057129,137,13,0,2020-10-04T12:56:26,1601679332.580185,2020-10-03T01:55:32
1601805408,478500,10.663183212280273,195,13,0,2020-10-04T12:56:48,1601679354.941264,2020-10-03T01:55:54
1601805426,583500,11.22541618347168,249,13,0,2020-10-04T12:57:06,1601679373.197629,2020-10-03T01:56:13
1601805444,583500,11.22541618347168,49,13,0,2020-10-04T12:57:24,1601679392.019697,2020-10-03T01:56:32
1601805466,642500,11.22541618347168,110,13,0,2020-10-04T12:57:46,1601679414.3318849,2020-10-03T01:56:54
1601805488,763500,11.975041389465332,168,13,0,2020-10-04T12:58:08,1601679435.5396519,2020-10-03T01:57:15
1601805506,763500,11.600229263305664,231,13,0,2020-10-04T12:58:26,1601679454.4211838,2020-10-03T01:57:34
1601805530,832500,11.975041389465332,28,13,0,2020-10-04T12:58:50,1601679476.9613,2020-10-03T01:57:56
1601805547,947500,12.349854469299316,64,13,0,2020-10-04T12:59:07,1601679495.759553,2020-10-03T01:58:15
1601805570,947500,13.28689956665039,117,13,0,2020-10-04T12:59:30,1601679518.178793,2020-10-03T01:58:38
1601805594,41500,13.099507331848145,173,13,0,2020-10-04T12:59:54,1601679540.790488,2020-10-03T01:59:00
1601805611,116500,13.474320411682129,234,13,0,2020-10-04T13:00:11,1601679558.736496,2020-10-03T01:59:18
1601805634,116500,13.28689956665039,21,13,0,2020-10-04T13:00:34,1601679580.179821,2020-10-03T01:59:40
1601805656,233500,14.036553382873535,75,13,0,2020-10-04T13:00:56,1601679602.5365489,2020-10-03T02:00:02
1601805674,324500,14.41136646270752,129,13,0,2020-10-04T13:01:14,1601679621.6245089,2020-10-03T02:00:21
1601805696,324500,14.598786354064941,169,13,0,2020-10-04T13:01:36,1601679642.841912,2020-10-03T02:00:42
1601805715,424500,14.973599433898926,228,13,0,2020-10-04T13:01:55,1601679665.4040968,2020-10-03T02:01:05
1601805737,519500,14.973599433898926,6,13,0,2020-10-04T13:02:17,1601679683.751724,2020-10-03T02:01:23
1601805755,519500,14.598786354064941,58,13,0,2020-10-04T13:02:35,1601679702.767144,2020-10-03T02:01:42
1601805800,708500,15.348411560058594,169,13,0,2020-10-04T13:03:20,1601679746.6666958,2020-10-03T02:02:26
1601805817,708500,15.160991668701172,216,13,0,2020-10-04T13:03:37,1601679765.853577,2020-10-03T02:02:45
1601805863,899500,15.348411560058594,38,13,0,2020-10-04T13:04:23,1601679810.701624,2020-10-03T02:03:30
1601805881,899500,14.973599433898926,72,13,0,2020-10-04T13:04:41,1601679829.385753,2020-10-03T02:03:49
1601805903,992500,14.973599433898926,122,13,0,2020-10-04T13:05:03,1601679851.9234169,2020-10-03T02:04:11
1601805927,90500,14.223945617675781,169,13,0,2020-10-04T13:05:27,1601679873.822572,2020-10-03T02:04:33
1601805945,90500,14.223945617675781,204,13,0,2020-10-04T13:05:45,1601679892.378788,2020-10-03T02:04:52
1601805967,159500,13.661712646484375,232,13,0,2020-10-04T13:06:07,1601679914.2945518,2020-10-03T02:05:14
1601805989,269500,13.099507331848145,29,13,0,2020-10-04T13:06:29,1601679935.975997,2020-10-03T02:05:35
1601806007,269500,12.724666595458984,79,13,0,2020-10-04T13:06:47,1601679954.940712,2020-10-03T02:05:54
1601806114,612500,8.039438247680664,186,13,0,2020-10-04T13:08:34,1601680060.822492,2020-10-03T02:07:40
1601806133,704500,7.289812088012695,247,13,0,2020-10-04T13:08:53,1601680080.155109,2020-10-03T02:08:00
1601806155,704500,6.3527679443359375,57,13,0,2020-10-04T13:09:15,1601680102.689849,2020-10-03T02:08:22
1601806177,791500,5.603113174438477,120,13,0,2020-10-04T13:09:37,1601680124.719436,2020-10-03T02:08:44
1601806195,838500,3.5416011810302734,176,13,0,2020-10-04T13:09:55,1601680142.84704,2020-10-03T02:09:02
1601806218,838500,2.7919769287109375,239,13,0,2020-10-04T13:10:18,1601680165.659296,2020-10-03T02:09:25
1601806240,958500,2.0423507690429688,46,13,0,2020-10-04T13:10:40,1601680187.88428,2020-10-03T02:09:47
1601806259,41500,0.7304649353027344,108,13,0,2020-10-04T13:10:59,1601680206.2940679,2020-10-03T02:10:06
1601806281,41500,-0.39397430419921875,173,13,0,2020-10-04T13:11:21,1601680231.5172088,2020-10-03T02:10:31
1601806303,124500,-1.5184402465820312,226,13,0,2020-10-04T13:11:43,1601680249.8782408,2020-10-03T02:10:49
1601806322,198500,-4.704389572143555,29,13,0,2020-10-04T13:12:02,1601680269.072425,2020-10-03T02:11:09
1601806343,198500,-3.017719268798828,92,13,0,2020-10-04T13:12:23,1601680290.946652,2020-10-03T02:11:30
1601806366,291500,-3.5799522399902344,158,13,0,2020-10-04T13:12:46,1601680313.5906968,2020-10-03T02:11:53
1601806383,367500,-4.32957649230957,217,13,0,2020-10-04T13:13:03,1601680331.420697,2020-10-03T02:12:11
1601806406,367500,-4.891809463500977,20,13,0,2020-10-04T13:13:26,1601680353.62632,2020-10-03T02:12:33
1601806429,462500,-6.578510284423828,83,13,0,2020-10-04T13:13:49,1601680375.53808,2020-10-03T02:12:55
1601806447,548500,-7.515556335449219,141,13,0,2020-10-04T13:14:07,1601680395.028328,2020-10-03T02:13:15
1601806469,548500,-8.45260238647461,206,13,0,2020-10-04T13:14:29,1601680419.393496,2020-10-03T02:13:39
1601806491,647500,-9.202224731445312,6,13,0,2020-10-04T13:14:51,1601680437.8386528,2020-10-03T02:13:57
1601806509,507500,-10.32669448852539,62,13,0,2020-10-04T13:15:09,1601680455.942057,2020-10-03T02:14:15
1601806527,507500,-10.139270782470703,114,13,0,2020-10-04T13:15:27,1601680474.534157,2020-10-03T02:14:34
1601806541,111500,-11.6385498046875,164,13,0,2020-10-04T13:15:41,1601680489.283705,2020-10-03T02:14:49
1601806559,111500,-10.888927459716797,219,13,0,2020-10-04T13:15:59,1601680506.465056,2020-10-03T02:15:06
1601806513,801500,-11.263736724853516,23,13,0,2020-10-04T13:15:13,1601680527.1044478,2020-10-03T02:15:27
1601806531,801500,-12.763015747070312,74,13,0,2020-10-04T13:15:31,1601680541.9947479,2020-10-03T02:15:41
1601806548,407500,-12.763015747070312,133,13,0,2020-10-04T13:15:48,1601680559.63696,2020-10-03T02:15:59
1601806503,993500,-13.137828826904297,184,13,0,2020-10-04T13:15:03,1601680577.449317,2020-10-03T02:16:17
1601806521,993500,-13.700061798095703,241,13,0,2020-10-04T13:15:21,1601680594.855628,2020-10-03T02:16:34
1601806538,602500,-12.200782775878906,35,13,0,2020-10-04T13:15:38,1601680612.3192759,2020-10-03T02:16:52
1601806555,602500,-13.325248718261719,88,13,0,2020-10-04T13:15:55,1601680630.1948318,2020-10-03T02:17:10
1601806512,193500,-13.512641906738281,141,13,0,2020-10-04T13:15:12,1601680648.230617,2020-10-03T02:17:28
1601806529,193500,-13.512641906738281,196,13,0,2020-10-04T13:15:29,1601680665.6148489,2020-10-03T02:17:45
1601806547,802500,-13.137828826904297,250,13,0,2020-10-04T13:15:47,1601680683.413944,2020-10-03T02:18:03
1601806560,802500,-12.57559585571289,47,13,0,2020-10-04T13:16:00,1601680697.6826608,2020-10-03T02:18:17
1601806515,431500,-11.451129913330078,101,13,0,2020-10-04T13:15:15,1601680715.391681,2020-10-03T02:18:35
1601806533,39500,-10.888927459716797,160,13,0,2020-10-04T13:15:33,1601680736.113677,2020-10-03T02:18:56
1601806551,39500,-10.32669448852539,212,13,0,2020-10-04T13:15:51,1601680750.938437,2020-10-03T02:19:10
1601806506,571500,-9.764457702636719,255,13,0,2020-10-04T13:15:06,1601680768.15838,2020-10-03T02:19:28
1601806523,571500,-9.014835357666016,54,13,0,2020-10-04T13:15:23,1601680786.06628,2020-10-03T02:19:46
1601806541,179500,-8.45260238647461,106,13,0,2020-10-04T13:15:41,1601680803.6179929,2020-10-03T02:20:03
1601806515,800500,-6.391088485717773,208,13,0,2020-10-04T13:15:15,1601680843.727505,2020-10-03T02:20:43
1601806918,812500,-5.828855514526367,17,13,0,2020-10-04T13:21:58,1601680866.016489,2020-10-03T02:21:06
1601806936,812500,-5.079231262207031,74,13,0,2020-10-04T13:22:16,1601680884.2619,2020-10-03T02:21:24
1601806963,992500,-4.142185211181641,140,13,0,2020-10-04T13:22:43,1601680910.8722239,2020-10-03T02:21:50
1601806982,81500,-3.9547653198242188,195,13,0,2020-10-04T13:23:02,1601680928.4456038,2020-10-03T02:22:08
1601807000,169500,-3.20513916015625,253,13,0,2020-10-04T13:23:20,1601680947.608888,2020-10-03T02:22:27
1601807023,169500,-3.017719268798828,60,13,0,2020-10-04T13:23:43,1601680970.282724,2020-10-03T02:22:50
1601807045,257500,-1.1436271667480469,121,13,0,2020-10-04T13:24:05,1601680991.431609,2020-10-03T02:23:11
1601807063,345500,-0.019161224365234375,179,13,0,2020-10-04T13:24:23,1601681010.668184,2020-10-03T02:23:30
1601807085,345500,0.9178848266601562,240,13,0,2020-10-04T13:24:45,1601681033.3044958,2020-10-03T02:23:53
1601807108,435500,2.2297439575195312,41,13,0,2020-10-04T13:25:08,1601681054.5250208,2020-10-03T02:24:14
1601807130,523500,3.5416011810302734,102,13,0,2020-10-04T13:25:30,1601681076.2902808,2020-10-03T02:24:36
1601807152,523500,4.853488922119141,163,13,0,2020-10-04T13:25:52,1601681098.4723358,2020-10-03T02:24:58
1601807170,611500,5.603113174438477,224,13,0,2020-10-04T13:26:10,1601681118.161929,2020-10-03T02:25:18
1601807189,699500,6.540159225463867,25,13,0,2020-10-04T13:26:29,1601681136.381108,2020-10-03T02:25:36
1601807211,699500,6.3527679443359375,83,13,0,2020-10-04T13:26:51,1601681158.734828,2020-10-03T02:25:58
1601807233,787500,7.102392196655273,144,13,0,2020-10-04T13:27:13,1601681181.174516,2020-10-03T02:26:21
1601807251,724500,7.66462516784668,198,13,0,2020-10-04T13:27:31,1601681199.236388,2020-10-03T02:26:39
1601807273,724500,8.789091110229492,3,13,0,2020-10-04T13:27:53,1601681221.7289438,2020-10-03T02:27:01
1601807296,960500,9.351296424865723,64,13,0,2020-10-04T13:28:16,1601681243.9534519,2020-10-03T02:27:23
1601807315,54500,9.726137161254883,123,13,0,2020-10-04T13:28:35,1601681262.300308,2020-10-03T02:27:42
1601807338,54500,10.288342475891113,183,13,0,2020-10-04T13:28:58,1601681285.4543169,2020-10-03T02:28:05
1601807356,132500,10.85057544708252,246,13,0,2020-10-04T13:29:16,1601681306.594385,2020-10-03T02:28:26
1601807378,219500,12.912087440490723,52,13,0,2020-10-04T13:29:38,1601681325.598481,2020-10-03T02:28:45
1601807400,219500,14.786178588867188,114,13,0,2020-10-04T13:30:00,1601681348.14636,2020-10-03T02:29:08
1601807418,307500,15.535832405090332,174,13,0,2020-10-04T13:30:18,1601681366.108172,2020-10-03T02:29:26
1601807441,382500,16.84769058227539,235,13,0,2020-10-04T13:30:41,1601681387.5152159,2020-10-03T02:29:47
1601807463,382500,17.972156524658203,44,13,0,2020-10-04T13:31:03,1601681410.193496,2020-10-03T02:30:10
1601807476,488500,18.159549713134766,102,13,0,2020-10-04T13:31:16,1601681423.364656,2020-10-03T02:30:23
1601807486,488500,18.721782684326172,165,13,0,2020-10-04T13:31:26,1601681434.992204,2020-10-03T02:30:34
1601807498,580500,18.721782684326172,221,13,0,2020-10-04T13:31:38,1601681445.894789,2020-10-03T02:30:45
1601807508,580500,19.471406936645508,25,13,0,2020-10-04T13:31:48,1601681456.830628,2020-10-03T02:30:56
1601807521,580500,20.595874786376953,85,13,0,2020-10-04T13:32:01,1601681468.7063448,2020-10-03T02:31:08
1601807533,682500,20.783294677734375,148,13,0,2020-10-04T13:32:13,1601681480.406025,2020-10-03T02:31:20
1601807543,682500,21.34552764892578,206,13,0,2020-10-04T13:32:23,1601681491.1011288,2020-10-03T02:31:31
1601807555,682500,21.907732009887695,11,13,0,2020-10-04T13:32:35,1601681503.257056,2020-10-03T02:31:43
1601807578,770500,23.407011032104492,127,13,0,2020-10-04T13:32:58,1601681526.3652918,2020-10-03T02:32:06
1601807589,865500,23.032197952270508,190,13,0,2020-10-04T13:33:09,1601681537.376144,2020-10-03T02:32:17
1601807600,865500,23.594430923461914,248,13,0,2020-10-04T13:33:20,1601681548.4517958,2020-10-03T02:32:28
1601807612,865500,23.594430923461914,52,13,0,2020-10-04T13:33:32,1601681560.735277,2020-10-03T02:32:40
1601807625,850500,24.90629005432129,117,13,0,2020-10-04T13:33:45,1601681572.956568,2020-10-03T02:32:52
1601807635,850500,24.531476974487305,182,13,0,2020-10-04T13:33:55,1601681584.523244,2020-10-03T02:33:04
1601807647,850500,25.468523025512695,245,13,0,2020-10-04T13:34:07,1601681595.860473,2020-10-03T02:33:15
1601807662,61500,25.84333610534668,50,13,0,2020-10-04T13:34:22,1601681607.775764,2020-10-03T02:33:27
1601807671,61500,26.21814727783203,108,13,0,2020-10-04T13:34:31,1601681618.810293,2020-10-03T02:33:38
1601807684,161500,26.780380249023438,172,13,0,2020-10-04T13:34:44,1601681631.498833,2020-10-03T02:33:51
1601807694,161500,26.967802047729492,230,13,0,2020-10-04T13:34:54,1601681641.7168238,2020-10-03T02:34:01
1601807705,161500,27.342615127563477,25,13,0,2020-10-04T13:35:05,1601681652.465716,2020-10-03T02:34:12
1601807717,259500,27.5300350189209,90,13,0,2020-10-04T13:35:17,1601681665.5520918,2020-10-03T02:34:25
1601807730,259500,28.279659271240234,151,13,0,2020-10-04T13:35:30,1601681677.447109,2020-10-03T02:34:37
1601807753,361500,28.84189224243164,14,13,0,2020-10-04T13:35:53,1601681700.278056,2020-10-03T02:35:00
1601807765,361500,29.404125213623047,75,13,0,2020-10-04T13:36:05,1601681711.787905,2020-10-03T02:35:11
1601807775,466500,29.77893829345703,134,13,0,2020-10-04T13:36:15,1601681723.158612,2020-10-03T02:35:23
1601807788,466500,30.153751373291016,196,13,0,2020-10-04T13:36:28,1601681735.3851728,2020-10-03T02:35:35
