time_s,time_us,o2_conc,seq,srcSystem,srcComponent,time_gregorian,log_timestamp,log_timestamp_gregorian
1601800041,394000,18.52775764465332,11,13,0,2020-10-04T11:27:21,1601673973.583261,2020-10-03T00:26:13
1601800059,475000,18.58394432067871,61,13,0,2020-10-04T11:27:39,1601673988.7742648,2020-10-03T00:26:28
1601800076,475000,18.597991943359375,107,13,0,2020-10-04T11:27:56,1601674006.128073,2020-10-03T00:26:46
1601800094,624000,18.597991943359375,154,13,0,2020-10-04T11:28:14,1601674024.1986399,2020-10-03T00:27:04
1601800108,912000,18.62608528137207,197,13,0,2020-10-04T11:28:28,1601674041.120116,2020-10-03T00:27:21
1601800122,912000,18.640132904052734,239,13,0,2020-10-04T11:28:42,1601674054.9862049,2020-10-03T00:27:34
1601800141,27000,18.654176712036133,32,13,0,2020-10-04T11:29:01,1601674070.335933,2020-10-03T00:27:50
1601800159,27000,18.66822624206543,75,13,0,2020-10-04T11:29:19,1601674087.1979089,2020-10-03T00:28:07
1601800172,644000,18.71036720275879,121,13,0,2020-10-04T11:29:32,1601674102.199276,2020-10-03T00:28:22
1601800190,644000,18.71036720275879,167,13,0,2020-10-04T11:29:50,1601674119.794201,2020-10-03T00:28:39
1601800203,264000,18.72441291809082,216,13,0,2020-10-04T11:30:03,1601674136.704105,2020-10-03T00:28:56
1601800221,264000,18.75250816345215,5,13,0,2020-10-04T11:30:21,1601674150.9843678,2020-10-03T00:29:10
1601800234,884000,18.780601501464844,48,13,0,2020-10-04T11:30:34,1601674165.221725,2020-10-03T00:29:25
1601800248,884000,18.808692932128906,89,13,0,2020-10-04T11:30:48,1601674179.1819918,2020-10-03T00:29:39
1601800266,507000,18.8367862701416,140,13,0,2020-10-04T11:31:06,1601674197.1947079,2020-10-03T00:29:57
1601800283,507000,18.86488151550293,189,13,0,2020-10-04T11:31:23,1601674214.709668,2020-10-03T00:30:14
1601800301,131000,18.907020568847656,239,13,0,2020-10-04T11:31:41,1601674232.4699678,2020-10-03T00:30:32
1601800315,131000,18.921070098876953,22,13,0,2020-10-04T11:31:55,1601674245.42764,2020-10-03T00:30:45
1601800328,755000,18.935115814208984,71,13,0,2020-10-04T11:32:08,1601674263.360869,2020-10-03T00:31:03
1601800346,755000,18.96320915222168,116,13,0,2020-10-04T11:32:26,1601674277.8260128,2020-10-03T00:31:17
1601800360,379000,19.00535011291504,159,13,0,2020-10-04T11:32:40,1601674292.896045,2020-10-03T00:31:32
1601800378,379000,19.00535011291504,205,13,0,2020-10-04T11:32:58,1601674310.730485,2020-10-03T00:31:50
1601800391,4000,19.033443450927734,250,13,0,2020-10-04T11:33:11,1601674327.2780359,2020-10-03T00:32:07
1601800410,4000,19.06153678894043,41,13,0,2020-10-04T11:33:30,1601674342.39486,2020-10-03T00:32:22
1601800422,627000,19.06153678894043,89,13,0,2020-10-04T11:33:42,1601674359.357601,2020-10-03T00:32:39
1601800436,627000,19.075584411621094,134,13,0,2020-10-04T11:33:56,1601674373.137029,2020-10-03T00:32:53
1601800454,247000,19.13176918029785,181,13,0,2020-10-04T11:34:14,1601674388.3534288,2020-10-03T00:33:08
1601800472,247000,19.117725372314453,224,13,0,2020-10-04T11:34:32,1601674405.602824,2020-10-03T00:33:25
1601800489,869000,19.14581871032715,14,13,0,2020-10-04T11:34:49,1601674422.830385,2020-10-03T00:33:42
1601800502,869000,19.173912048339844,61,13,0,2020-10-04T11:35:02,1601674437.262845,2020-10-03T00:33:57
1601800521,491000,19.187957763671875,107,13,0,2020-10-04T11:35:21,1601674455.571024,2020-10-03T00:34:15
1601800534,491000,19.216053009033203,154,13,0,2020-10-04T11:35:34,1601674469.2573168,2020-10-03T00:34:29
1601800552,113000,19.216053009033203,202,13,0,2020-10-04T11:35:52,1601674486.952148,2020-10-03T00:34:46
1601800566,113000,18.907020568847656,243,13,0,2020-10-04T11:36:06,1601674500.793516,2020-10-03T00:35:00
1601800583,736000,19.075584411621094,30,13,0,2020-10-04T11:36:23,1601674518.737412,2020-10-03T00:35:18
1601800596,736000,19.230098724365234,75,13,0,2020-10-04T11:36:36,1601674532.3340409,2020-10-03T00:35:32
1601800615,358000,19.230098724365234,125,13,0,2020-10-04T11:36:55,1601674550.8990119,2020-10-03T00:35:50
1601800628,358000,19.2441463470459,170,13,0,2020-10-04T11:37:08,1601674564.6942968,2020-10-03T00:36:04
1601800645,980000,19.216053009033203,212,13,0,2020-10-04T11:37:25,1601674582.689,2020-10-03T00:36:22
1601800659,603000,19.230098724365234,3,13,0,2020-10-04T11:37:39,1601674596.8788328,2020-10-03T00:36:36
1601800677,603000,19.230098724365234,52,13,0,2020-10-04T11:37:57,1601674615.109705,2020-10-03T00:36:55
1601800691,225000,19.230098724365234,90,13,0,2020-10-04T11:38:11,1601674628.426888,2020-10-03T00:37:08
1601800709,225000,19.230098724365234,139,13,0,2020-10-04T11:38:29,1601674646.4512448,2020-10-03T00:37:26
1601800721,847000,19.230098724365234,187,13,0,2020-10-04T11:38:41,1601674660.161733,2020-10-03T00:37:40
1601800740,847000,19.230098724365234,234,13,0,2020-10-04T11:39:00,1601674678.500777,2020-10-03T00:37:58
1601800754,469000,19.230098724365234,24,13,0,2020-10-04T11:39:14,1601674692.99484,2020-10-03T00:38:12
1601800772,469000,19.2441463470459,69,13,0,2020-10-04T11:39:32,1601674710.69256,2020-10-03T00:38:30
1601800786,91000,19.230098724365234,117,13,0,2020-10-04T11:39:46,1601674724.976608,2020-10-03T00:38:44
1601800804,91000,19.230098724365234,164,13,0,2020-10-04T11:40:04,1601674743.081224,2020-10-03T00:39:03
1601800817,715000,19.2441463470459,205,13,0,2020-10-04T11:40:17,1601674756.763684,2020-10-03T00:39:16
1601800835,715000,19.258193969726562,254,13,0,2020-10-04T11:40:35,1601674774.726837,2020-10-03T00:39:34
1601800848,337000,19.258193969726562,44,13,0,2020-10-04T11:40:48,1601674788.326032,2020-10-03T00:39:48
1601800866,337000,19.258193969726562,91,13,0,2020-10-04T11:41:06,1601674806.9856849,2020-10-03T00:40:06
1601800879,956000,19.2441463470459,131,13,0,2020-10-04T11:41:19,1601674820.572224,2020-10-03T00:40:20
1601800897,956000,19.258193969726562,180,13,0,2020-10-04T11:41:37,1601674838.140668,2020-10-03T00:40:38
1601800911,577000,19.2441463470459,224,13,0,2020-10-04T11:41:51,1601674852.846221,2020-10-03T00:40:52
1601800930,577000,19.2441463470459,14,13,0,2020-10-04T11:42:10,1601674870.314,2020-10-03T00:41:10
1601800944,195000,19.216053009033203,58,13,0,2020-10-04T11:42:24,1601674885.534296,2020-10-03T00:41:25
1601800962,195000,19.2441463470459,103,13,0,2020-10-04T11:42:42,1601674902.944221,2020-10-03T00:41:42
1601800975,815000,19.258193969726562,149,13,0,2020-10-04T11:42:55,1601674917.6337368,2020-10-03T00:41:57
1601800993,815000,19.27223777770996,200,13,0,2020-10-04T11:43:13,1601674935.6534,2020-10-03T00:42:15
1601801006,435500,19.27223777770996,241,13,0,2020-10-04T11:43:26,1601674948.6749198,2020-10-03T00:42:28
1601801024,435500,19.258193969726562,34,13,0,2020-10-04T11:43:44,1601674966.7409,2020-10-03T00:42:46
1601801038,56500,19.286287307739258,74,13,0,2020-10-04T11:43:58,1601674980.43272,2020-10-03T00:43:00
1601801055,674500,19.286287307739258,125,13,0,2020-10-04T11:44:15,1601674998.778884,2020-10-03T00:43:18
1601801068,674500,19.258193969726562,167,13,0,2020-10-04T11:44:28,1601675011.6328878,2020-10-03T00:43:31
1601801086,293500,19.2441463470459,218,13,0,2020-10-04T11:44:46,1601675029.704128,2020-10-03T00:43:49
1601801100,293500,19.2441463470459,6,13,0,2020-10-04T11:45:00,1601675043.9168,2020-10-03T00:44:03
1601801117,915500,18.86488151550293,55,13,0,2020-10-04T11:45:17,1601675061.578208,2020-10-03T00:44:21
1601801130,915500,19.20200538635254,105,13,0,2020-10-04T11:45:30,1601675078.566408,2020-10-03T00:44:38
1601801149,536500,18.654176712036133,151,13,0,2020-10-04T11:45:49,1601675093.745537,2020-10-03T00:44:53
1601801162,536500,19.14581871032715,194,13,0,2020-10-04T11:46:02,1601675107.224108,2020-10-03T00:45:07
1601801181,157500,19.117725372314453,242,13,0,2020-10-04T11:46:21,1601675126.313796,2020-10-03T00:45:26
1601801195,157500,18.71036720275879,30,13,0,2020-10-04T11:46:35,1601675140.1061769,2020-10-03T00:45:40
1601801212,778500,19.075584411621094,77,13,0,2020-10-04T11:46:52,1601675158.567576,2020-10-03T00:45:58
1601801225,778500,19.06153678894043,118,13,0,2020-10-04T11:47:05,1601675171.979012,2020-10-03T00:46:11
1601801243,398500,19.01939582824707,171,13,0,2020-10-04T11:47:23,1601675190.0592039,2020-10-03T00:46:30
1601801257,398500,19.033443450927734,214,13,0,2020-10-04T11:47:37,1601675206.570152,2020-10-03T00:46:46
1601801275,19500,19.01939582824707,9,13,0,2020-10-04T11:47:55,1601675222.076748,2020-10-03T00:47:02
1601801289,19500,18.75250816345215,50,13,0,2020-10-04T11:48:09,1601675235.374085,2020-10-03T00:47:15
1601801306,641500,19.00535011291504,98,13,0,2020-10-04T11:48:26,1601675253.785069,2020-10-03T00:47:33
1601801320,641500,19.00535011291504,142,13,0,2020-10-04T11:48:40,1601675267.718308,2020-10-03T00:47:47
1601801339,689500,19.00535011291504,189,13,0,2020-10-04T11:48:59,1601675286.385613,2020-10-03T00:48:06
1601801352,689500,18.991300582885742,230,13,0,2020-10-04T11:49:12,1601675300.17058,2020-10-03T00:48:20
1601801370,794500,19.00535011291504,23,13,0,2020-10-04T11:49:30,1601675318.181212,2020-10-03T00:48:38
1601801383,794500,18.991300582885742,67,13,0,2020-10-04T11:49:43,1601675334.522693,2020-10-03T00:48:54
1601801402,898500,18.97725486755371,114,13,0,2020-10-04T11:50:02,1601675349.595388,2020-10-03T00:49:09
1601801415,898500,18.97725486755371,157,13,0,2020-10-04T11:50:15,1601675363.319608,2020-10-03T00:49:23
1601801434,6500,18.96320915222168,208,13,0,2020-10-04T11:50:34,1601675381.58386,2020-10-03T00:49:41
1601801448,6500,18.97725486755371,252,13,0,2020-10-04T11:50:48,1601675398.242173,2020-10-03T00:49:58
1601801467,111500,18.991300582885742,45,13,0,2020-10-04T11:51:07,1601675414.132717,2020-10-03T00:50:14
1601801481,111500,18.71036720275879,88,13,0,2020-10-04T11:51:21,1601675428.1164958,2020-10-03T00:50:28
1601801498,216500,19.01939582824707,135,13,0,2020-10-04T11:51:38,1601675445.616849,2020-10-03T00:50:45
1601801512,216500,19.00535011291504,181,13,0,2020-10-04T11:51:52,1601675462.384276,2020-10-03T00:51:02
1601801530,320500,19.00535011291504,230,13,0,2020-10-04T11:52:10,1601675477.349213,2020-10-03T00:51:17
1601801543,320500,19.01939582824707,17,13,0,2020-10-04T11:52:23,1601675493.94816,2020-10-03T00:51:33
1601801562,425500,18.8367862701416,64,13,0,2020-10-04T11:52:42,1601675509.301164,2020-10-03T00:51:49
1601801579,527500,18.401336669921875,109,13,0,2020-10-04T11:52:59,1601675526.146292,2020-10-03T00:52:06
1601801593,527500,17.99397850036621,155,13,0,2020-10-04T11:53:13,1601675540.884989,2020-10-03T00:52:20
1601801611,630500,17.614715576171875,201,13,0,2020-10-04T11:53:31,1601675557.840448,2020-10-03T00:52:37
1601801625,630500,17.333778381347656,251,13,0,2020-10-04T11:53:45,1601675572.836452,2020-10-03T00:52:52
1601801642,730500,17.052841186523438,37,13,0,2020-10-04T11:54:02,1601675589.3459759,2020-10-03T00:53:09
1601801656,730500,16.842140197753906,81,13,0,2020-10-04T11:54:16,1601675604.0658169,2020-10-03T00:53:24
1601801674,829500,16.63143539428711,128,13,0,2020-10-04T11:54:34,1601675620.611876,2020-10-03T00:53:40
1601801688,829500,16.448829650878906,174,13,0,2020-10-04T11:54:48,1601675636.350525,2020-10-03T00:53:56
1601801702,902500,16.308359146118164,220,13,0,2020-10-04T11:55:02,1601675653.648825,2020-10-03T00:54:13
1601801720,902500,16.125751495361328,8,13,0,2020-10-04T11:55:20,1601675667.705448,2020-10-03T00:54:27
1601801734,14500,16.013378143310547,57,13,0,2020-10-04T11:55:34,1601675684.3814049,2020-10-03T00:54:44
1601801752,14500,15.830767631530762,102,13,0,2020-10-04T11:55:52,1601675698.984524,2020-10-03T00:54:58
1601801765,106500,15.690299034118652,149,13,0,2020-10-04T11:56:05,1601675715.489697,2020-10-03T00:55:15
1601801783,106500,15.521737098693848,195,13,0,2020-10-04T11:56:23,1601675730.5608559,2020-10-03T00:55:30
1601801801,195500,15.282940864562988,242,13,0,2020-10-04T11:56:41,1601675746.9130878,2020-10-03T00:55:46
1601801814,195500,15.100333213806152,30,13,0,2020-10-04T11:56:54,1601675765.2735999,2020-10-03T00:56:05
1601801832,282500,14.791302680969238,72,13,0,2020-10-04T11:57:12,1601675779.269717,2020-10-03T00:56:19
1601801846,282500,14.482272148132324,113,13,0,2020-10-04T11:57:26,1601675794.0445678,2020-10-03T00:56:34
1601801864,369500,14.159193992614746,159,13,0,2020-10-04T11:57:44,1601675811.817324,2020-10-03T00:56:51
1601801878,369500,13.92039966583252,201,13,0,2020-10-04T11:57:58,1601675825.7772648,2020-10-03T00:57:05
1601801892,458500,13.709697723388672,249,13,0,2020-10-04T11:58:12,1601675842.870316,2020-10-03T00:57:22
1601801910,458500,13.358525276184082,39,13,0,2020-10-04T11:58:30,1601675857.9721758,2020-10-03T00:57:37
1601801928,543500,12.951169967651367,83,13,0,2020-10-04T11:58:48,1601675875.1024048,2020-10-03T00:57:55
1601801941,543500,12.740467071533203,131,13,0,2020-10-04T11:59:01,1601675892.379421,2020-10-03T00:58:12
1601801959,518500,12.4595308303833,173,13,0,2020-10-04T11:59:19,1601675906.8275878,2020-10-03T00:58:26
1601801973,518500,12.206687927246094,216,13,0,2020-10-04T11:59:33,1601675920.919625,2020-10-03T00:58:40
1601801991,691500,11.953845024108887,9,13,0,2020-10-04T11:59:51,1601675938.834524,2020-10-03T00:58:58
1601802005,691500,11.70100212097168,57,13,0,2020-10-04T12:00:05,1601675952.951748,2020-10-03T00:59:12
1601802019,786500,11.4762544631958,106,13,0,2020-10-04T12:00:19,1601675969.880581,2020-10-03T00:59:29
1601802036,786500,11.139129638671875,152,13,0,2020-10-04T12:00:36,1601675984.4004319,2020-10-03T00:59:44
1601802050,868500,10.900333404541016,194,13,0,2020-10-04T12:00:50,1601675997.6542718,2020-10-03T00:59:57
1601802058,868500,10.450835227966309,244,13,0,2020-10-04T12:00:58,1601676007.268776,2020-10-03T01:00:07
1601802067,868500,10.169899940490723,30,13,0,2020-10-04T12:01:07,1601676014.920724,2020-10-03T01:00:14
1601802075,908500,10.450835227966309,76,13,0,2020-10-04T12:01:15,1601676024.311537,2020-10-03T01:00:24
1601802084,908500,10.01538372039795,117,13,0,2020-10-04T12:01:24,1601676032.267288,2020-10-03T01:00:32
1601802093,908500,10.169899940490723,163,13,0,2020-10-04T12:01:33,1601676041.993664,2020-10-03T01:00:41
1601802103,908500,9.495650291442871,206,13,0,2020-10-04T12:01:43,1601676050.658056,2020-10-03T01:00:50
1601802112,27500,9.888961791992188,251,13,0,2020-10-04T12:01:52,1601676059.312953,2020-10-03T01:00:59
1601802121,27500,9.537792205810547,36,13,0,2020-10-04T12:02:01,1601676067.538305,2020-10-03T01:01:07
1601802129,27500,9.34113597869873,82,13,0,2020-10-04T12:02:09,1601676076.7953079,2020-10-03T01:01:16
1601802139,105500,8.961873054504395,129,13,0,2020-10-04T12:02:19,1601676086.592341,2020-10-03T01:01:26
1601802147,105500,9.018058776855469,175,13,0,2020-10-04T12:02:27,1601676096.1414928,2020-10-03T01:01:36
1601802158,105500,9.256855010986328,217,13,0,2020-10-04T12:02:38,1601676104.760108,2020-10-03T01:01:44
1601802166,105500,9.130434036254883,5,13,0,2020-10-04T12:02:46,1601676114.417548,2020-10-03T01:01:54
1601802175,181500,8.666889190673828,49,13,0,2020-10-04T12:02:55,1601676122.6239638,2020-10-03T01:02:02
1601802183,181500,8.69498348236084,89,13,0,2020-10-04T12:03:03,1601676130.740244,2020-10-03T01:02:10
1601802192,181500,8.793310165405273,134,13,0,2020-10-04T12:03:12,1601676139.24998,2020-10-03T01:02:19
1601802202,255500,8.343811988830566,182,13,0,2020-10-04T12:03:22,1601676149.6458008,2020-10-03T01:02:29
1601802210,255500,8.596654891967773,227,13,0,2020-10-04T12:03:30,1601676157.229565,2020-10-03T01:02:37
1601802218,255500,8.484280586242676,21,13,0,2020-10-04T12:03:38,1601676166.4372768,2020-10-03T01:02:46
1601802228,255500,8.371905326843262,67,13,0,2020-10-04T12:03:48,1601676175.355305,2020-10-03T01:02:55
1601802236,329500,7.936454772949219,112,13,0,2020-10-04T12:03:56,1601676183.636297,2020-10-03T01:03:03
1601802246,329500,8.133110046386719,157,13,0,2020-10-04T12:04:06,1601676193.242756,2020-10-03T01:03:13
1601802263,402500,7.795985698699951,245,13,0,2020-10-04T12:04:23,1601676210.726753,2020-10-03T01:03:30
1601802271,402500,7.697658538818359,32,13,0,2020-10-04T12:04:31,1601676219.2183318,2020-10-03T01:03:39
1601802279,402500,7.697658538818359,74,13,0,2020-10-04T12:04:39,1601676228.626945,2020-10-03T01:03:48
1601802289,402500,7.444815158843994,118,13,0,2020-10-04T12:04:49,1601676236.970152,2020-10-03T01:03:56
1601802297,473500,7.472909450531006,160,13,0,2020-10-04T12:04:57,1601676244.7875528,2020-10-03T01:04:04
1601802307,473500,7.332440376281738,209,13,0,2020-10-04T12:05:07,1601676254.42014,2020-10-03T01:04:14
1601802314,473500,7.248159885406494,252,13,0,2020-10-04T12:05:14,1601676262.519549,2020-10-03T01:04:22
1601802325,497500,7.093645095825195,43,13,0,2020-10-04T12:05:25,1601676272.631352,2020-10-03T01:04:32
1601802332,497500,6.798660755157471,87,13,0,2020-10-04T12:05:32,1601676280.113692,2020-10-03T01:04:40
1601802343,497500,6.882941722869873,136,13,0,2020-10-04T12:05:43,1601676290.680213,2020-10-03T01:04:50
1601802350,497500,6.826754570007324,182,13,0,2020-10-04T12:05:50,1601676299.790396,2020-10-03T01:04:59
1601802360,615500,6.714381217956543,223,13,0,2020-10-04T12:06:00,1601676306.606073,2020-10-03T01:05:06
1601802367,615500,6.292975902557373,13,13,0,2020-10-04T12:06:07,1601676316.636808,2020-10-03T01:05:16
1601802376,615500,6.054180145263672,57,13,0,2020-10-04T12:06:16,1601676324.391896,2020-10-03T01:05:24
1601802384,686500,6.489631175994873,100,13,0,2020-10-04T12:06:24,1601676333.357048,2020-10-03T01:05:33
1601802394,686500,6.3632097244262695,144,13,0,2020-10-04T12:06:34,1601676342.10554,2020-10-03T01:05:42
1601802402,686500,6.2648820877075195,193,13,0,2020-10-04T12:06:42,1601676351.8558478,2020-10-03T01:05:51
1601802412,686500,5.660869121551514,235,13,0,2020-10-04T12:06:52,1601676359.137949,2020-10-03T01:05:59
1601802420,730500,6.082274436950684,26,13,0,2020-10-04T12:07:00,1601676369.63658,2020-10-03T01:06:09
1601802430,730500,5.941805362701416,65,13,0,2020-10-04T12:07:10,1601676377.101893,2020-10-03T01:06:17
1601802437,730500,5.478260517120361,108,13,0,2020-10-04T12:07:17,1601676385.296073,2020-10-03T01:06:25
1601802447,816500,5.759197235107422,154,13,0,2020-10-04T12:07:27,1601676394.787129,2020-10-03T01:06:34
1601802457,816500,5.660869121551514,201,13,0,2020-10-04T12:07:37,1601676404.8268569,2020-10-03T01:06:44
1601802464,816500,5.098996162414551,243,13,0,2020-10-04T12:07:44,1601676412.7033288,2020-10-03T01:06:52
1601802475,816500,5.450166702270508,31,13,0,2020-10-04T12:07:55,1601676422.2427208,2020-10-03T01:07:02
1601802482,896500,5.379932403564453,71,13,0,2020-10-04T12:08:02,1601676429.393368,2020-10-03T01:07:09
1601802490,896500,4.888294219970703,114,13,0,2020-10-04T12:08:10,1601676437.8883889,2020-10-03T01:07:17
1601802497,896500,5.070902347564697,158,13,0,2020-10-04T12:08:17,1601676445.620996,2020-10-03T01:07:25
1601802507,896500,4.789965629577637,203,13,0,2020-10-04T12:08:27,1601676454.2572398,2020-10-03T01:07:34
1601802515,976500,4.733778953552246,245,13,0,2020-10-04T12:08:35,1601676462.628829,2020-10-03T01:07:42
1601802524,976500,4.691637992858887,36,13,0,2020-10-04T12:08:44,1601676472.698797,2020-10-03T01:07:52
1601802533,976500,4.62140417098999,80,13,0,2020-10-04T12:08:53,1601676480.692396,2020-10-03T01:08:00
1601802544,16500,4.3545145988464355,129,13,0,2020-10-04T12:09:04,1601676490.534792,2020-10-03T01:08:10
1601802551,16500,4.396655082702637,172,13,0,2020-10-04T12:09:11,1601676498.8455958,2020-10-03T01:08:18
1601802562,16500,4.438795566558838,220,13,0,2020-10-04T12:09:22,1601676508.1208649,2020-10-03T01:08:28
1601802569,16500,4.228093147277832,8,13,0,2020-10-04T12:09:29,1601676516.5517719,2020-10-03T01:08:36
1601802579,97500,4.087625026702881,55,13,0,2020-10-04T12:09:39,1601676526.282553,2020-10-03T01:08:46
1601802587,97500,4.368561744689941,97,13,0,2020-10-04T12:09:47,1601676534.2539809,2020-10-03T01:08:54
1601802597,97500,3.876922845840454,144,13,0,2020-10-04T12:09:57,1601676543.939756,2020-10-03T01:09:03
1601802604,151500,3.9190633296966553,188,13,0,2020-10-04T12:10:04,1601676551.6267169,2020-10-03T01:09:11
1601802614,151500,3.7505016326904297,234,13,0,2020-10-04T12:10:14,1601676561.4478009,2020-10-03T01:09:21
1601802622,151500,3.511704921722412,19,13,0,2020-10-04T12:10:22,1601676568.7388968,2020-10-03T01:09:28
1601802631,151500,3.511704921722412,65,13,0,2020-10-04T12:10:31,1601676578.7142918,2020-10-03T01:09:38
1601802640,212500,3.3010029792785645,110,13,0,2020-10-04T12:10:40,1601676586.706256,2020-10-03T01:09:46
1601802650,212500,3.820735216140747,158,13,0,2020-10-04T12:10:50,1601676597.1859999,2020-10-03T01:09:57
1601802657,212500,3.778594732284546,199,13,0,2020-10-04T12:10:57,1601676604.558241,2020-10-03T01:10:04
1601802667,272500,3.4414708614349365,246,13,0,2020-10-04T12:11:07,1601676614.6438959,2020-10-03T01:10:14
1601802675,272500,3.624079942703247,35,13,0,2020-10-04T12:11:15,1601676622.8693838,2020-10-03T01:10:22
1601802685,272500,3.5397984981536865,79,13,0,2020-10-04T12:11:25,1601676632.8793159,2020-10-03T01:10:32
1601802693,272500,3.076253890991211,117,13,0,2020-10-04T12:11:33,1601676640.236945,2020-10-03T01:10:40
1601802702,337500,3.1324410438537598,160,13,0,2020-10-04T12:11:42,1601676648.907472,2020-10-03T01:10:48
1601802710,337500,3.0481603145599365,206,13,0,2020-10-04T12:11:50,1601676658.064772,2020-10-03T01:10:58
1601802720,337500,2.8093643188476562,252,13,0,2020-10-04T12:12:00,1601676667.644273,2020-10-03T01:11:07
1601802728,335500,3.118394374847412,38,13,0,2020-10-04T12:12:08,1601676675.158532,2020-10-03T01:11:15
1601802738,335500,3.0341134071350098,87,13,0,2020-10-04T12:12:18,1601676685.52776,2020-10-03T01:11:25
1601802745,335500,2.711036443710327,132,13,0,2020-10-04T12:12:25,1601676693.1657438,2020-10-03T01:11:33
1601802755,335500,2.8936452865600586,178,13,0,2020-10-04T12:12:35,1601676702.6652079,2020-10-03T01:11:42
1601802763,488500,2.8093643188476562,221,13,0,2020-10-04T12:12:43,1601676710.535749,2020-10-03T01:11:50
1601802773,488500,2.7391302585601807,10,13,0,2020-10-04T12:12:53,1601676719.4951088,2020-10-03T01:11:59
1601802780,488500,2.5846152305603027,55,13,0,2020-10-04T12:13:00,1601676727.927937,2020-10-03T01:12:07
1601802790,559500,2.1913042068481445,99,13,0,2020-10-04T12:13:10,1601676737.13994,2020-10-03T01:12:17
1601802798,559500,2.5424749851226807,141,13,0,2020-10-04T12:13:18,1601676745.886148,2020-10-03T01:12:25
1601802808,559500,2.4862873554229736,186,13,0,2020-10-04T12:13:28,1601676755.6383479,2020-10-03T01:12:35
1601802816,559500,2.4020066261291504,229,13,0,2020-10-04T12:13:36,1601676763.676437,2020-10-03T01:12:43
1601802826,624500,2.3036789894104004,21,13,0,2020-10-04T12:13:46,1601676773.6005409,2020-10-03T01:12:53
1601802833,624500,1.9806019067764282,62,13,0,2020-10-04T12:13:53,1601676781.231829,2020-10-03T01:13:01
1601802843,624500,1.966555118560791,105,13,0,2020-10-04T12:14:03,1601676790.6403759,2020-10-03T01:13:10
1601802851,698500,2.1913042068481445,147,13,0,2020-10-04T12:14:11,1601676798.893456,2020-10-03T01:13:18
1601802861,698500,2.064882755279541,189,13,0,2020-10-04T12:14:21,1601676808.190544,2020-10-03T01:13:28
1601802868,698500,2.0367889404296875,231,13,0,2020-10-04T12:14:28,1601676815.966305,2020-10-03T01:13:35
1601802879,698500,1.966555118560791,22,13,0,2020-10-04T12:14:39,1601676826.582372,2020-10-03T01:13:46
1601802886,773500,1.9244146347045898,65,13,0,2020-10-04T12:14:46,1601676834.255709,2020-10-03T01:13:54
1601802896,773500,1.7979931831359863,113,13,0,2020-10-04T12:14:56,1601676843.895237,2020-10-03T01:14:03
1601802904,773500,1.8120399713516235,154,13,0,2020-10-04T12:15:04,1601676851.882309,2020-10-03T01:14:11
1601802914,849500,1.7839462757110596,197,13,0,2020-10-04T12:15:14,1601676860.815048,2020-10-03T01:14:20
1601802921,849500,1.5451503992080688,240,13,0,2020-10-04T12:15:21,1601676869.460768,2020-10-03T01:14:29
1601802931,849500,1.4327757358551025,26,13,0,2020-10-04T12:15:31,1601676878.75722,2020-10-03T01:14:38
1601802939,849500,1.3765884637832642,67,13,0,2020-10-04T12:15:39,1601676886.444157,2020-10-03T01:14:46
1601802949,917500,1.559197187423706,116,13,0,2020-10-04T12:15:49,1601676896.652396,2020-10-03T01:14:56
1601802956,917500,1.0816051959991455,160,13,0,2020-10-04T12:15:56,1601676904.2156649,2020-10-03T01:15:04
1601802963,917500,1.2220735549926758,203,13,0,2020-10-04T12:16:03,1601676912.1166039,2020-10-03T01:15:12
1601802971,917500,0.9973244667053223,232,13,0,2020-10-04T12:16:11,1601676919.0620558,2020-10-03T01:15:19
1601802977,933500,1.1658860445022583,5,13,0,2020-10-04T12:16:17,1601676926.774937,2020-10-03T01:15:26
1601802985,933500,1.0956521034240723,39,13,0,2020-10-04T12:16:25,1601676934.293345,2020-10-03T01:15:34
1601803000,933500,1.01137113571167,112,13,0,2020-10-04T12:16:40,1601676949.557433,2020-10-03T01:15:49
1601803008,527500,1.2782608270645142,143,13,0,2020-10-04T12:16:48,1601676956.096777,2020-10-03T01:15:56
1601803013,527500,1.1237457990646362,170,13,0,2020-10-04T12:16:53,1601676962.954576,2020-10-03T01:16:02
1601803020,527500,0.8287624716758728,201,13,0,2020-10-04T12:17:00,1601676970.3004398,2020-10-03T01:16:10
1601803028,527500,0.9973244667053223,224,13,0,2020-10-04T12:17:08,1601676976.807257,2020-10-03T01:16:16
1601802972,102500,1.1518394947052002,228,13,0,2020-10-04T12:16:12,1601676984.133045,2020-10-03T01:16:24
1601802979,102500,1.1237457990646362,244,13,0,2020-10-04T12:16:19,1601676991.410888,2020-10-03T01:16:31
1601802986,102500,0.8989965915679932,30,13,0,2020-10-04T12:16:26,1601676999.1751359,2020-10-03T01:16:39
1601802994,102500,1.0535115003585815,69,13,0,2020-10-04T12:16:34,1601677006.806804,2020-10-03T01:16:46
1601803001,698500,1.0394647121429443,109,13,0,2020-10-04T12:16:41,1601677013.67224,2020-10-03T01:16:53
1601803009,698500,0.7585283517837524,151,13,0,2020-10-04T12:16:49,1601677021.7195919,2020-10-03T01:17:01
1601803016,698500,0.9973244667053223,187,13,0,2020-10-04T12:16:56,1601677028.019016,2020-10-03T01:17:08
1601803021,698500,0.9551838040351868,225,13,0,2020-10-04T12:17:01,1601677035.223769,2020-10-03T01:17:15
1601802974,283500,0.7725751996040344,44,13,0,2020-10-04T12:16:14,1601677048.918736,2020-10-03T01:17:28
1601802982,283500,0.6882942318916321,85,13,0,2020-10-04T12:16:22,1601677056.268584,2020-10-03T01:17:36
1601802989,283500,0.8428093791007996,122,13,0,2020-10-04T12:16:29,1601677063.683301,2020-10-03T01:17:43
1601802997,283500,0.6602005958557129,166,13,0,2020-10-04T12:16:37,1601677071.8811,2020-10-03T01:17:51
1601803004,882500,0.8006688356399536,208,13,0,2020-10-04T12:16:44,1601677079.547237,2020-10-03T01:17:59
1601803009,882500,0.6742474436759949,248,13,0,2020-10-04T12:16:49,1601677086.3303878,2020-10-03T01:18:06
1601803016,882500,0.49163877964019775,28,13,0,2020-10-04T12:16:56,1601677092.0157678,2020-10-03T01:18:12
1601803023,882500,0.4214046895503998,63,13,0,2020-10-04T12:17:03,1601677098.654353,2020-10-03T01:18:18
1601803028,882500,0.6180601119995117,99,13,0,2020-10-04T12:17:08,1601677104.352752,2020-10-03T01:18:24
1601803036,481500,0.7163878679275513,136,13,0,2020-10-04T12:17:16,1601677111.812904,2020-10-03T01:18:31
1601803041,481500,0.6742474436759949,166,13,0,2020-10-04T12:17:21,1601677116.7245169,2020-10-03T01:18:36
1601803049,481500,0.6461538076400757,206,13,0,2020-10-04T12:17:29,1601677124.7192888,2020-10-03T01:18:44
1601803054,481500,0.6461538076400757,241,13,0,2020-10-04T12:17:34,1601677130.3761039,2020-10-03T01:18:50
1601803061,481500,0.4494982957839966,20,13,0,2020-10-04T12:17:41,1601677136.299784,2020-10-03T01:18:56
1601803068,83500,0.6040133237838745,57,13,0,2020-10-04T12:17:48,1601677143.289336,2020-10-03T01:19:03
1601803073,83500,0.30903005599975586,93,13,0,2020-10-04T12:17:53,1601677149.293309,2020-10-03T01:19:09
1601803080,83500,0.365217387676239,130,13,0,2020-10-04T12:18:00,1601677156.1879249,2020-10-03T01:19:16
1601803087,83500,0.4354514479637146,168,13,0,2020-10-04T12:18:07,1601677162.529649,2020-10-03T01:19:22
1601803092,83500,0.4494982957839966,203,13,0,2020-10-04T12:18:12,1601677168.224444,2020-10-03T01:19:28
1601803099,689500,0.5197323560714722,240,13,0,2020-10-04T12:18:19,1601677175.7087128,2020-10-03T01:19:35
1601803104,689500,0.5337792038917542,18,13,0,2020-10-04T12:18:24,1601677180.638717,2020-10-03T01:19:40
1601803111,689500,0.49163877964019775,53,13,0,2020-10-04T12:18:31,1601677186.7784328,2020-10-03T01:19:46
1601803116,689500,0.4775919020175934,86,13,0,2020-10-04T12:18:36,1601677192.6940079,2020-10-03T01:19:52
1601803124,293500,0.4775919020175934,121,13,0,2020-10-04T12:18:44,1601677199.605769,2020-10-03T01:19:59
1601803129,293500,0.5618728995323181,157,13,0,2020-10-04T12:18:49,1601677205.351976,2020-10-03T01:20:05
1601803135,293500,0.28093644976615906,191,13,0,2020-10-04T12:18:55,1601677212.575696,2020-10-03T01:20:12
1601803140,293500,0.33712372183799744,223,13,0,2020-10-04T12:19:00,1601677217.345376,2020-10-03T01:20:17
1601803148,293500,0.5478260517120361,6,13,0,2020-10-04T12:19:08,1601677225.1228518,2020-10-03T01:20:25
1601803153,293500,0.4494982957839966,40,13,0,2020-10-04T12:19:13,1601677229.9059598,2020-10-03T01:20:29
1601803160,896500,0.4073578119277954,76,13,0,2020-10-04T12:19:20,1601677236.732096,2020-10-03T01:20:36
1601803164,896500,0.49163877964019775,111,13,0,2020-10-04T12:19:24,1601677242.332588,2020-10-03T01:20:42
1601803172,896500,0.35117053985595703,148,13,0,2020-10-04T12:19:32,1601677249.046933,2020-10-03T01:20:49
1601803177,896500,0.2528427839279175,184,13,0,2020-10-04T12:19:37,1601677255.21028,2020-10-03T01:20:55
1601803185,502500,0.365217387676239,223,13,0,2020-10-04T12:19:45,1601677262.81566,2020-10-03T01:21:02
1601803190,502500,0.365217387676239,0,13,0,2020-10-04T12:19:50,1601677267.857405,2020-10-03T01:21:07
1601803197,502500,0.30903005599975586,37,13,0,2020-10-04T12:19:57,1601677274.145853,2020-10-03T01:21:14
1601803202,502500,0.35117053985595703,73,13,0,2020-10-04T12:20:02,1601677280.247961,2020-10-03T01:21:20
1601803210,502500,0.14046822488307953,110,13,0,2020-10-04T12:20:10,1601677287.145341,2020-10-03T01:21:27
1601803215,110500,0.33712372183799744,145,13,0,2020-10-04T12:20:15,1601677293.239049,2020-10-03T01:21:33
1601803223,110500,0.33712372183799744,182,13,0,2020-10-04T12:20:23,1601677300.277236,2020-10-03T01:21:40
1601803228,110500,0.33712372183799744,216,13,0,2020-10-04T12:20:28,1601677306.1535718,2020-10-03T01:21:46
1601803235,110500,0.1966554969549179,253,13,0,2020-10-04T12:20:35,1601677312.77942,2020-10-03T01:21:52
1601803240,110500,0.28093644976615906,30,13,0,2020-10-04T12:20:40,1601677318.481545,2020-10-03T01:21:58
1601803247,718500,0.33712372183799744,71,13,0,2020-10-04T12:20:47,1601677326.223696,2020-10-03T01:22:06
1601803252,718500,0.29498323798179626,105,13,0,2020-10-04T12:20:52,1601677331.2432718,2020-10-03T01:22:11
1601803260,718500,0.29498323798179626,144,13,0,2020-10-04T12:21:00,1601677339.7915158,2020-10-03T01:22:19
1601803265,718500,0.33712372183799744,174,13,0,2020-10-04T12:21:05,1601677344.8391,2020-10-03T01:22:24
1601803273,718500,0.2107023447751999,215,13,0,2020-10-04T12:21:13,1601677352.01772,2020-10-03T01:22:32
1601803278,325500,0.2668896019458771,251,13,0,2020-10-04T12:21:18,1601677357.348248,2020-10-03T01:22:37
1601803286,325500,0.2668896019458771,34,13,0,2020-10-04T12:21:26,1601677364.634477,2020-10-03T01:22:44
1601803291,325500,0.2668896019458771,69,13,0,2020-10-04T12:21:31,1601677370.24238,2020-10-03T01:22:50
1601803299,325500,0.2668896019458771,108,13,0,2020-10-04T12:21:39,1601677378.120636,2020-10-03T01:22:58
1601803304,325500,0.33712372183799744,142,13,0,2020-10-04T12:21:44,1601677383.075561,2020-10-03T01:23:03
1601803310,932500,0.2107023447751999,179,13,0,2020-10-04T12:21:50,1601677389.96504,2020-10-03T01:23:09
1601803315,932500,0.2387959510087967,214,13,0,2020-10-04T12:21:55,1601677395.8526049,2020-10-03T01:23:15
1601803323,932500,0.07023411244153976,251,13,0,2020-10-04T12:22:03,1601677403.716677,2020-10-03T01:23:23
1601803328,932500,0.2528427839279175,29,13,0,2020-10-04T12:22:08,1601677408.566041,2020-10-03T01:23:28
1601803335,932500,0.1966554969549179,66,13,0,2020-10-04T12:22:15,1601677415.6407359,2020-10-03T01:23:35
1601803340,539500,0.12642139196395874,101,13,0,2020-10-04T12:22:20,1601677420.7317848,2020-10-03T01:23:40
1601803348,539500,0.2247491478919983,139,13,0,2020-10-04T12:22:28,1601677428.0082278,2020-10-03T01:23:48
1601803353,539500,0.2247491478919983,177,13,0,2020-10-04T12:22:33,1601677433.993149,2020-10-03T01:23:53
1601803361,539500,0.2668896019458771,217,13,0,2020-10-04T12:22:41,1601677441.716848,2020-10-03T01:24:01
1601803366,539500,0.2247491478919983,252,13,0,2020-10-04T12:22:46,1601677446.928628,2020-10-03T01:24:06
1601803124,523500,0.2247491478919983,36,13,0,2020-10-04T12:18:44,1601677454.5807278,2020-10-03T01:24:14
1601803129,523500,0.2247491478919983,70,13,0,2020-10-04T12:18:49,1601677459.348733,2020-10-03T01:24:19
1601803136,523500,0.14046822488307953,105,13,0,2020-10-04T12:18:56,1601677467.1560009,2020-10-03T01:24:27
1601803143,523500,0.11237457394599915,144,13,0,2020-10-04T12:19:03,1601677472.914913,2020-10-03T01:24:32
1601803151,193500,0.1966554969549179,179,13,0,2020-10-04T12:19:11,1601677480.760624,2020-10-03T01:24:40
1601803156,193500,0.2107023447751999,215,13,0,2020-10-04T12:19:16,1601677486.613185,2020-10-03T01:24:46
1601803163,193500,0.1966554969549179,252,13,0,2020-10-04T12:19:23,1601677494.558593,2020-10-03T01:24:54
1601803170,193500,0.1966554969549179,32,13,0,2020-10-04T12:19:30,1601677500.896013,2020-10-03T01:25:00
1601803177,193500,0.15451502799987793,74,13,0,2020-10-04T12:19:37,1601677508.25536,2020-10-03T01:25:08
1601803181,802500,0.1966554969549179,107,13,0,2020-10-04T12:19:41,1601677513.247768,2020-10-03T01:25:13
1601803189,802500,0.1826086938381195,147,13,0,2020-10-04T12:19:49,1601677520.675076,2020-10-03T01:25:20
1601803194,802500,0.1966554969549179,179,13,0,2020-10-04T12:19:54,1601677525.793349,2020-10-03T01:25:25
1601803202,802500,0.1826086938381195,219,13,0,2020-10-04T12:20:02,1601677533.6687129,2020-10-03T01:25:33
1601803207,802500,0.2247491478919983,1,13,0,2020-10-04T12:20:07,1601677539.6495478,2020-10-03T01:25:39
1601803216,412500,0.1826086938381195,33,13,0,2020-10-04T12:20:16,1601677547.671021,2020-10-03T01:25:47
1601803221,412500,0.2528427839279175,65,13,0,2020-10-04T12:20:21,1601677552.566777,2020-10-03T01:25:52
1601803228,412500,0.29498323798179626,102,13,0,2020-10-04T12:20:28,1601677559.507752,2020-10-03T01:25:59
1601803234,412500,0.14046822488307953,139,13,0,2020-10-04T12:20:34,1601677566.018276,2020-10-03T01:26:06
1601802982,458500,0.1966554969549179,179,13,0,2020-10-04T12:16:22,1601677573.36266,2020-10-03T01:26:13
1601802996,458500,0.2247491478919983,234,13,0,2020-10-04T12:16:36,1601677587.532305,2020-10-03T01:26:27
1601803004,458500,0.16856186091899872,18,13,0,2020-10-04T12:16:44,1601677594.705441,2020-10-03T01:26:34
1601803009,458500,0.12642139196395874,51,13,0,2020-10-04T12:16:49,1601677600.3906329,2020-10-03T01:26:40
1601803017,65500,0.15451502799987793,90,13,0,2020-10-04T12:16:57,1601677608.095376,2020-10-03T01:26:48
1601803024,65500,0.16856186091899872,126,13,0,2020-10-04T12:17:04,1601677615.177101,2020-10-03T01:26:55
1601803031,65500,0.30903005599975586,164,13,0,2020-10-04T12:17:11,1601677622.0274248,2020-10-03T01:27:02
1601803039,65500,0.16856186091899872,203,13,0,2020-10-04T12:17:19,1601677629.7609918,2020-10-03T01:27:09
1601803045,674500,0.16856186091899872,240,13,0,2020-10-04T12:17:25,1601677636.976788,2020-10-03T01:27:16
1601803052,674500,0.1826086938381195,18,13,0,2020-10-04T12:17:32,1601677643.987329,2020-10-03T01:27:23
1601803057,674500,0.2668896019458771,56,13,0,2020-10-04T12:17:37,1601677649.907781,2020-10-03T01:27:29
1601803065,674500,0.15451502799987793,98,13,0,2020-10-04T12:17:45,1601677658.7213478,2020-10-03T01:27:38
1601803072,674500,0.11237457394599915,131,13,0,2020-10-04T12:17:52,1601677664.618769,2020-10-03T01:27:44
1601803078,282500,0.12642139196395874,168,13,0,2020-10-04T12:17:58,1601677670.9882119,2020-10-03T01:27:50
1601803085,282500,0.15451502799987793,204,13,0,2020-10-04T12:18:05,1601677677.30386,2020-10-03T01:27:57
1601803092,282500,0.15451502799987793,245,13,0,2020-10-04T12:18:12,1601677685.150964,2020-10-03T01:28:05
1601803099,282500,0.14046822488307953,29,13,0,2020-10-04T12:18:19,1601677692.1667528,2020-10-03T01:28:12
315964831,403500,0.15451502799987793,70,13,0,1980-01-06T03:00:31,1601677699.986553,2020-10-03T01:28:19
315964838,403500,0.15451502799987793,110,13,0,1980-01-06T03:00:38,1601677706.479977,2020-10-03T01:28:26
315964845,403500,0.14046822488307953,151,13,0,1980-01-06T03:00:45,1601677715.026485,2020-10-03T01:28:35
315964852,403500,0.14046822488307953,189,13,0,1980-01-06T03:00:52,1601677721.108264,2020-10-03T01:28:41
315964859,11500,0.08428093045949936,232,13,0,1980-01-06T03:00:59,1601677729.276048,2020-10-03T01:28:49
315964867,11500,0.15451502799987793,16,13,0,1980-01-06T03:01:07,1601677735.3962798,2020-10-03T01:28:55
315964874,11500,0.16856186091899872,57,13,0,1980-01-06T03:01:14,1601677743.097421,2020-10-03T01:29:03
315964881,11500,0.14046822488307953,97,13,0,1980-01-06T03:01:21,1601677750.0480568,2020-10-03T01:29:10
315964888,11500,0.1826086938381195,138,13,0,1980-01-06T03:01:28,1601677758.0122159,2020-10-03T01:29:18
315964894,622500,0.14046822488307953,175,13,0,1980-01-06T03:01:34,1601677764.2449,2020-10-03T01:29:24
315964901,622500,0.07023411244153976,218,13,0,1980-01-06T03:01:41,1601677772.551761,2020-10-03T01:29:32
315964909,622500,0.12642139196395874,0,13,0,1980-01-06T03:01:49,1601677778.3984408,2020-10-03T01:29:38
315964916,622500,0.12642139196395874,41,13,0,1980-01-06T03:01:56,1601677786.271697,2020-10-03T01:29:46
315964923,233500,0.12642139196395874,81,13,0,1980-01-06T03:02:03,1601677793.027428,2020-10-03T01:29:53
315964930,233500,0.028093643486499786,121,13,0,1980-01-06T03:02:10,1601677801.588408,2020-10-03T01:30:01
315964937,233500,0.14046822488307953,159,13,0,1980-01-06T03:02:17,1601677807.250592,2020-10-03T01:30:07
315964945,233500,0.12642139196395874,198,13,0,1980-01-06T03:02:25,1601677815.317468,2020-10-03T01:30:15
315964951,841500,0.12642139196395874,238,13,0,1980-01-06T03:02:31,1601677822.0957289,2020-10-03T01:30:22
315964958,841500,0.11237457394599915,20,13,0,1980-01-06T03:02:38,1601677830.642724,2020-10-03T01:30:30
315964965,841500,0.09832774847745895,58,13,0,1980-01-06T03:02:45,1601677836.309813,2020-10-03T01:30:36
315964973,841500,0.12642139196395874,99,13,0,1980-01-06T03:02:53,1601677845.177137,2020-10-03T01:30:45
315964980,448500,0.1826086938381195,135,13,0,1980-01-06T03:03:00,1601677851.3074648,2020-10-03T01:30:51
315964987,448500,0.11237457394599915,176,13,0,1980-01-06T03:03:07,1601677859.349297,2020-10-03T01:30:59
315964994,448500,0.1826086938381195,214,13,0,1980-01-06T03:03:14,1601677865.29336,2020-10-03T01:31:05
315965002,448500,0.08428093045949936,1,13,0,1980-01-06T03:03:22,1601677873.653816,2020-10-03T01:31:13
315965009,448500,0.11237457394599915,39,13,0,1980-01-06T03:03:29,1601677880.1698608,2020-10-03T01:31:20
315965016,57500,0.09832774847745895,82,13,0,1980-01-06T03:03:36,1601677887.985553,2020-10-03T01:31:27
315965023,57500,0.14046822488307953,122,13,0,1980-01-06T03:03:43,1601677894.423192,2020-10-03T01:31:34
315965030,57500,0.09832774847745895,165,13,0,1980-01-06T03:03:50,1601677902.0756,2020-10-03T01:31:42
315965038,57500,0.08428093045949936,205,13,0,1980-01-06T03:03:58,1601677908.958505,2020-10-03T01:31:48
315965044,669500,0.04214046522974968,246,13,0,1980-01-06T03:04:04,1601677916.726388,2020-10-03T01:31:56
315965051,669500,0.11237457394599915,28,13,0,1980-01-06T03:04:11,1601677923.169632,2020-10-03T01:32:03
315965058,669500,0.11237457394599915,71,13,0,1980-01-06T03:04:18,1601677930.9854438,2020-10-03T01:32:10
315965072,280500,0.11237457394599915,139,13,0,1980-01-06T03:04:32,1601677945.303088,2020-10-03T01:32:25
315965079,280500,0.09832774847745895,177,13,0,1980-01-06T03:04:39,1601677951.2334208,2020-10-03T01:32:31
315965086,280500,0.09832774847745895,220,13,0,1980-01-06T03:04:46,1601677959.1471078,2020-10-03T01:32:39
315965093,280500,0.14046822488307953,255,13,0,1980-01-06T03:04:53,1601677965.4057598,2020-10-03T01:32:45
315965100,280500,0.05618728697299957,42,13,0,1980-01-06T03:05:00,1601677973.586796,2020-10-03T01:32:53
315965106,890500,0.12642139196395874,78,13,0,1980-01-06T03:05:06,1601677979.676641,2020-10-03T01:32:59
315965114,890500,0.09832774847745895,119,13,0,1980-01-06T03:05:14,1601677988.404485,2020-10-03T01:33:08
315965121,890500,0.11237457394599915,155,13,0,1980-01-06T03:05:21,1601677994.2436,2020-10-03T01:33:14
315965128,890500,0.09832774847745895,195,13,0,1980-01-06T03:05:28,1601678002.748849,2020-10-03T01:33:22
315965135,500500,0.09832774847745895,231,13,0,1980-01-06T03:05:35,1601678008.76036,2020-10-03T01:33:28
315965143,500500,0.12642139196395874,14,13,0,1980-01-06T03:05:43,1601678017.175521,2020-10-03T01:33:37
315965150,500500,0.09832774847745895,50,13,0,1980-01-06T03:05:50,1601678023.301581,2020-10-03T01:33:43
315965157,500500,0.09832774847745895,91,13,0,1980-01-06T03:05:57,1601678032.0885599,2020-10-03T01:33:52
315965164,111500,0.1966554969549179,129,13,0,1980-01-06T03:06:04,1601678037.761333,2020-10-03T01:33:57
315965172,111500,0.14046822488307953,170,13,0,1980-01-06T03:06:12,1601678046.272433,2020-10-03T01:34:06
315965179,111500,0.09832774847745895,208,13,0,1980-01-06T03:06:19,1601678052.302904,2020-10-03T01:34:12
315965186,111500,0.09832774847745895,251,13,0,1980-01-06T03:06:26,1601678061.017381,2020-10-03T01:34:21
315965193,111500,0.11237457394599915,35,13,0,1980-01-06T03:06:33,1601678067.0624368,2020-10-03T01:34:27
315965199,720500,0.16856186091899872,78,13,0,1980-01-06T03:06:39,1601678075.228041,2020-10-03T01:34:35
315965207,720500,0.08428093045949936,115,13,0,1980-01-06T03:06:47,1601678081.4943008,2020-10-03T01:34:41
315965214,720500,0.09832774847745895,155,13,0,1980-01-06T03:06:54,1601678088.851212,2020-10-03T01:34:48
315965219,720500,0.08428093045949936,188,13,0,1980-01-06T03:06:59,1601678094.115753,2020-10-03T01:34:54
315965226,330500,0.15451502799987793,220,13,0,1980-01-06T03:07:06,1601678101.1875448,2020-10-03T01:35:01
315965234,330500,0.16856186091899872,4,13,0,1980-01-06T03:07:14,1601678108.361037,2020-10-03T01:35:08
315965242,330500,0.07023411244153976,42,13,0,1980-01-06T03:07:22,1601678115.64108,2020-10-03T01:35:15
315965247,330500,0.08428093045949936,82,13,0,1980-01-06T03:07:27,1601678123.131361,2020-10-03T01:35:23
315965254,330500,0.07023411244153976,115,13,0,1980-01-06T03:07:34,1601678129.248993,2020-10-03T01:35:29
315964841,676500,0.07023411244153976,144,13,0,1980-01-06T03:00:41,1601678136.263032,2020-10-03T01:35:36
315964848,676500,0.08428093045949936,182,13,0,1980-01-06T03:00:48,1601678143.5744689,2020-10-03T01:35:43
315964855,676500,0.08428093045949936,218,13,0,1980-01-06T03:00:55,1601678150.638536,2020-10-03T01:35:50
315964860,676500,0.14046822488307953,255,13,0,1980-01-06T03:01:00,1601678156.192296,2020-10-03T01:35:56
315964868,284500,0.09832774847745895,40,13,0,1980-01-06T03:01:08,1601678163.706128,2020-10-03T01:36:03
315964875,284500,0.11237457394599915,77,13,0,1980-01-06T03:01:15,1601678170.759104,2020-10-03T01:36:10
315964882,284500,0.14046822488307953,118,13,0,1980-01-06T03:01:22,1601678178.083725,2020-10-03T01:36:18
315964889,284500,0.2668896019458771,157,13,0,1980-01-06T03:01:29,1601678184.243208,2020-10-03T01:36:24
315964895,893500,0.2528427839279175,199,13,0,1980-01-06T03:01:35,1601678192.2192168,2020-10-03T01:36:32
315964902,893500,0.14046822488307953,235,13,0,1980-01-06T03:01:42,1601678199.2873878,2020-10-03T01:36:39
315964910,893500,0.08428093045949936,18,13,0,1980-01-06T03:01:50,1601678206.591501,2020-10-03T01:36:46
315964918,893500,0.14046822488307953,59,13,0,1980-01-06T03:01:58,1601678214.43848,2020-10-03T01:36:54
315964922,893500,0.28093644976615906,95,13,0,1980-01-06T03:02:02,1601678219.153513,2020-10-03T01:36:59
315964929,503500,0.16856186091899872,134,13,0,1980-01-06T03:02:09,1601678226.1977608,2020-10-03T01:37:06
315964937,503500,0.1826086938381195,172,13,0,1980-01-06T03:02:17,1601678233.506476,2020-10-03T01:37:13
315964945,503500,0.08428093045949936,211,13,0,1980-01-06T03:02:25,1601678241.246053,2020-10-03T01:37:21
315964952,503500,0.15451502799987793,251,13,0,1980-01-06T03:02:32,1601678248.175097,2020-10-03T01:37:28
315964960,112500,0.08428093045949936,41,13,0,1980-01-06T03:02:40,1601678257.238617,2020-10-03T01:37:37
315964968,112500,0.2668896019458771,84,13,0,1980-01-06T03:02:48,1601678266.4484808,2020-10-03T01:37:46
315964977,112500,0.1826086938381195,129,13,0,1980-01-06T03:02:57,1601678274.385053,2020-10-03T01:37:54
1601804337,950500,0.16856186091899872,178,13,0,2020-10-04T12:38:57,1601678284.647368,2020-10-03T01:38:04
1601804344,950500,0.2247491478919983,222,13,0,2020-10-04T12:39:04,1601678292.3503768,2020-10-03T01:38:12
1601804354,950500,0.09832774847745895,13,13,0,2020-10-04T12:39:14,1601678302.404264,2020-10-03T01:38:22
1601804362,950500,0.09832774847745895,53,13,0,2020-10-04T12:39:22,1601678310.270664,2020-10-03T01:38:30
1601804373,34500,0.08428093045949936,100,13,0,2020-10-04T12:39:33,1601678320.0755959,2020-10-03T01:38:40
1601804381,34500,0.28093644976615906,140,13,0,2020-10-04T12:39:41,1601678327.663097,2020-10-03T01:38:47
1601804388,34500,0.1966554969549179,181,13,0,2020-10-04T12:39:48,1601678334.732069,2020-10-03T01:38:54
1601804397,34500,0.28093644976615906,230,13,0,2020-10-04T12:39:57,1601678344.68486,2020-10-03T01:39:04
1601804406,93500,0.2668896019458771,19,13,0,2020-10-04T12:40:06,1601678352.6892169,2020-10-03T01:39:12
1601804416,93500,0.11237457394599915,65,13,0,2020-10-04T12:40:16,1601678362.655897,2020-10-03T01:39:22
1601804423,93500,0.1826086938381195,110,13,0,2020-10-04T12:40:23,1601678370.79752,2020-10-03T01:39:30
1601804433,191500,0.09832774847745895,148,13,0,2020-10-04T12:40:33,1601678380.640365,2020-10-03T01:39:40
1601804441,191500,0.09832774847745895,191,13,0,2020-10-04T12:40:41,1601678388.639833,2020-10-03T01:39:48
1601804449,191500,0.12642139196395874,234,13,0,2020-10-04T12:40:49,1601678396.188448,2020-10-03T01:39:56
1601804458,191500,0.1966554969549179,14,13,0,2020-10-04T12:40:58,1601678405.708716,2020-10-03T01:40:05
1601804466,92500,0.2528427839279175,56,13,0,2020-10-04T12:41:06,1601678413.918525,2020-10-03T01:40:13
1601804476,92500,0.11237457394599915,97,13,0,2020-10-04T12:41:16,1601678423.6394238,2020-10-03T01:40:23
1601804483,92500,0.07023411244153976,134,13,0,2020-10-04T12:41:23,1601678431.263581,2020-10-03T01:40:31
1601804493,418500,0.1826086938381195,179,13,0,2020-10-04T12:41:33,1601678440.471844,2020-10-03T01:40:40
1601804501,418500,0.28093644976615906,224,13,0,2020-10-04T12:41:41,1601678449.131625,2020-10-03T01:40:49
1601804521,418500,0.09832774847745895,47,13,0,2020-10-04T12:42:01,1601678468.605517,2020-10-03T01:41:08
1601804528,523500,0.16856186091899872,80,13,0,2020-10-04T12:42:08,1601678476.1282759,2020-10-03T01:41:16
1601804539,523500,0.09832774847745895,122,13,0,2020-10-04T12:42:19,1601678485.3001158,2020-10-03T01:41:25
1601804546,523500,0.2107023447751999,163,13,0,2020-10-04T12:42:26,1601678493.243521,2020-10-03T01:41:33
1601804555,505500,0.2668896019458771,209,13,0,2020-10-04T12:42:35,1601678502.308197,2020-10-03T01:41:42
1601804564,505500,0.2387959510087967,252,13,0,2020-10-04T12:42:44,1601678510.89598,2020-10-03T01:41:50
1601804572,505500,0.29498323798179626,40,13,0,2020-10-04T12:42:52,1601678519.831636,2020-10-03T01:41:59
1601804581,505500,0.2387959510087967,83,13,0,2020-10-04T12:43:01,1601678527.9011729,2020-10-03T01:42:07
1601804589,688500,0.2107023447751999,126,13,0,2020-10-04T12:43:09,1601678537.2202718,2020-10-03T01:42:17
1601804597,688500,0.09832774847745895,166,13,0,2020-10-04T12:43:17,1601678544.498081,2020-10-03T01:42:24
1601804606,688500,0.1966554969549179,214,13,0,2020-10-04T12:43:26,1601678554.1996799,2020-10-03T01:42:34
1601804614,688500,0.33712372183799744,1,13,0,2020-10-04T12:43:34,1601678561.4958038,2020-10-03T01:42:41
1601804623,739500,0.2107023447751999,48,13,0,2020-10-04T12:43:43,1601678571.363448,2020-10-03T01:42:51
1601804631,739500,0.12642139196395874,95,13,0,2020-10-04T12:43:51,1601678578.9264479,2020-10-03T01:42:58
1601804641,739500,0.28093644976615906,140,13,0,2020-10-04T12:44:01,1601678589.591457,2020-10-03T01:43:09
1601804649,916500,0.12642139196395874,183,13,0,2020-10-04T12:44:09,1601678597.4424639,2020-10-03T01:43:17
1601804657,916500,0.11237457394599915,224,13,0,2020-10-04T12:44:17,1601678605.206133,2020-10-03T01:43:25
1601804667,916500,0.11237457394599915,12,13,0,2020-10-04T12:44:27,1601678615.013701,2020-10-03T01:43:35
1601804675,916500,0.11237457394599915,54,13,0,2020-10-04T12:44:35,1601678622.6518009,2020-10-03T01:43:42
1601804684,6500,0.11237457394599915,100,13,0,2020-10-04T12:44:44,1601678630.726812,2020-10-03T01:43:50
1601804694,6500,0.11237457394599915,145,13,0,2020-10-04T12:44:54,1601678640.342512,2020-10-03T01:44:00
1601804701,6500,0.08428093045949936,190,13,0,2020-10-04T12:45:01,1601678648.7268648,2020-10-03T01:44:08
1601804710,78500,0.2107023447751999,235,13,0,2020-10-04T12:45:10,1601678657.113849,2020-10-03T01:44:17
1601804718,78500,0.1826086938381195,22,13,0,2020-10-04T12:45:18,1601678664.694685,2020-10-03T01:44:24
1601804727,78500,0.11237457394599915,71,13,0,2020-10-04T12:45:27,1601678674.234921,2020-10-03T01:44:34
1601804735,78500,0.11237457394599915,114,13,0,2020-10-04T12:45:35,1601678682.37986,2020-10-03T01:44:42
1601804753,108500,0.12642139196395874,195,13,0,2020-10-04T12:45:53,1601678699.965673,2020-10-03T01:44:59
1601804760,108500,0.1826086938381195,240,13,0,2020-10-04T12:46:00,1601678709.4323409,2020-10-03T01:45:09
1601804770,108500,0.12642139196395874,18,13,0,2020-10-04T12:46:10,1601678716.534237,2020-10-03T01:45:16
1601804777,276500,0.12642139196395874,62,13,0,2020-10-04T12:46:17,1601678725.45482,2020-10-03T01:45:25
1601804785,276500,0.2528427839279175,102,13,0,2020-10-04T12:46:25,1601678732.578925,2020-10-03T01:45:32
1601804795,276500,0.12642139196395874,151,13,0,2020-10-04T12:46:35,1601678742.3273768,2020-10-03T01:45:42
1601804802,353000,0.12642139196395874,194,13,0,2020-10-04T12:46:42,1601678750.295701,2020-10-03T01:45:50
1601804813,352500,0.12642139196395874,242,13,0,2020-10-04T12:46:53,1601678760.290609,2020-10-03T01:46:00
1601804820,352500,0.28093644976615906,30,13,0,2020-10-04T12:47:00,1601678768.120128,2020-10-03T01:46:08
1601804828,352500,0.11237457394599915,78,13,0,2020-10-04T12:47:08,1601678777.463189,2020-10-03T01:46:17
1601804838,431500,0.32307690382003784,117,13,0,2020-10-04T12:47:18,1601678785.621373,2020-10-03T01:46:25
1601804848,431500,0.12642139196395874,164,13,0,2020-10-04T12:47:28,1601678795.395732,2020-10-03T01:46:35
1601804855,431500,0.11237457394599915,208,13,0,2020-10-04T12:47:35,1601678803.149757,2020-10-03T01:46:43
1601804865,546500,0.30903005599975586,255,13,0,2020-10-04T12:47:45,1601678812.156237,2020-10-03T01:46:52
1601804873,546500,0.11237457394599915,41,13,0,2020-10-04T12:47:53,1601678820.641345,2020-10-03T01:47:00
1601804882,546500,0.12642139196395874,82,13,0,2020-10-04T12:48:02,1601678829.2395449,2020-10-03T01:47:09
1601804890,546500,0.14046822488307953,124,13,0,2020-10-04T12:48:10,1601678837.207737,2020-10-03T01:47:17
1601804897,641500,0.1826086938381195,166,13,0,2020-10-04T12:48:17,1601678845.255816,2020-10-03T01:47:25
1601804908,641500,0.14046822488307953,213,13,0,2020-10-04T12:48:28,1601678855.239981,2020-10-03T01:47:35
1601804915,641500,0.28093644976615906,1,13,0,2020-10-04T12:48:35,1601678863.202453,2020-10-03T01:47:43
1601804926,721500,0.12642139196395874,47,13,0,2020-10-04T12:48:46,1601678874.003857,2020-10-03T01:47:54
1601804933,721500,0.2668896019458771,90,13,0,2020-10-04T12:48:53,1601678882.0991518,2020-10-03T01:48:02
1601804944,721500,0.12642139196395874,138,13,0,2020-10-04T12:49:04,1601678891.478745,2020-10-03T01:48:11
1601804951,721500,0.15451502799987793,182,13,0,2020-10-04T12:49:11,1601678899.1806529,2020-10-03T01:48:19
1601804961,809500,0.30903005599975586,227,13,0,2020-10-04T12:49:21,1601678909.123144,2020-10-03T01:48:29
1601804969,809500,0.14046822488307953,15,13,0,2020-10-04T12:49:29,1601678916.938432,2020-10-03T01:48:36
1601804978,809500,0.35117053985595703,60,13,0,2020-10-04T12:49:38,1601678926.761373,2020-10-03T01:48:46
1601804987,809500,0.2387959510087967,102,13,0,2020-10-04T12:49:47,1601678934.393461,2020-10-03T01:48:54
1601804997,920500,0.28093644976615906,151,13,0,2020-10-04T12:49:57,1601678944.815645,2020-10-03T01:49:04
1601805004,920500,0.2107023447751999,191,13,0,2020-10-04T12:50:04,1601678951.500584,2020-10-03T01:49:11
1601805014,920500,0.2107023447751999,243,13,0,2020-10-04T12:50:14,1601678962.470145,2020-10-03T01:49:22
1601805022,987500,0.14046822488307953,26,13,0,2020-10-04T12:50:22,1601678969.916044,2020-10-03T01:49:29
1601805032,987500,0.33712372183799744,69,13,0,2020-10-04T12:50:32,1601678979.816228,2020-10-03T01:49:39
1601805039,987500,0.2107023447751999,104,13,0,2020-10-04T12:50:39,1601678987.3302999,2020-10-03T01:49:47
1601805056,837500,0.32307690382003784,188,13,0,2020-10-04T12:50:56,1601679004.4328809,2020-10-03T01:50:04
1601805064,837500,0.15451502799987793,230,13,0,2020-10-04T12:51:04,1601679012.316597,2020-10-03T01:50:12
1601805072,837500,0.15451502799987793,19,13,0,2020-10-04T12:51:12,1601679021.1097999,2020-10-03T01:50:21
1601805082,804500,0.365217387676239,63,13,0,2020-10-04T12:51:22,1601679030.1786208,2020-10-03T01:50:30
1601805089,804500,0.1966554969549179,110,13,0,2020-10-04T12:51:29,1601679038.360672,2020-10-03T01:50:38
1601805099,804500,0.2387959510087967,155,13,0,2020-10-04T12:51:39,1601679047.534185,2020-10-03T01:50:47
1601805107,804500,0.1826086938381195,200,13,0,2020-10-04T12:51:47,1601679055.7164528,2020-10-03T01:50:55
1601805118,932500,0.16856186091899872,246,13,0,2020-10-04T12:51:58,1601679066.618692,2020-10-03T01:51:06
1601805125,932500,0.2528427839279175,37,13,0,2020-10-04T12:52:05,1601679074.1644678,2020-10-03T01:51:14
1601805136,932500,0.15451502799987793,66,13,0,2020-10-04T12:52:16,1601679084.6469798,2020-10-03T01:51:24
1601805144,118500,0.2387959510087967,108,13,0,2020-10-04T12:52:24,1601679091.625057,2020-10-03T01:51:31
1601805162,118500,0.15451502799987793,182,13,0,2020-10-04T12:52:42,1601679108.6773639,2020-10-03T01:51:48
1601805170,118500,0.1826086938381195,226,13,0,2020-10-04T12:52:50,1601679118.310732,2020-10-03T01:51:58
1601805178,166500,0.15451502799987793,10,13,0,2020-10-04T12:52:58,1601679127.235929,2020-10-03T01:52:07
1601805188,166500,0.15451502799987793,51,13,0,2020-10-04T12:53:08,1601679135.691205,2020-10-03T01:52:15
1601805196,166500,0.08428093045949936,96,13,0,2020-10-04T12:53:16,1601679143.4079878,2020-10-03T01:52:23
1601805205,281500,0.1826086938381195,140,13,0,2020-10-04T12:53:25,1601679152.6435049,2020-10-03T01:52:32
1601805213,281500,0.2528427839279175,185,13,0,2020-10-04T12:53:33,1601679161.247705,2020-10-03T01:52:41
1601805224,281500,0.16856186091899872,230,13,0,2020-10-04T12:53:44,1601679171.615548,2020-10-03T01:52:51
1601805231,281500,0.14046822488307953,17,13,0,2020-10-04T12:53:51,1601679179.12028,2020-10-03T01:52:59
1601805241,508500,0.2668896019458771,58,13,0,2020-10-04T12:54:01,1601679187.786836,2020-10-03T01:53:07
1601805249,508500,0.16856186091899872,103,13,0,2020-10-04T12:54:09,1601679196.103049,2020-10-03T01:53:16
1601805259,508500,0.16856186091899872,150,13,0,2020-10-04T12:54:19,1601679205.8462598,2020-10-03T01:53:25
1601805266,508500,0.16856186091899872,189,13,0,2020-10-04T12:54:26,1601679213.617704,2020-10-03T01:53:33
1601805274,503500,0.14046822488307953,236,13,0,2020-10-04T12:54:34,1601679222.3397279,2020-10-03T01:53:42
1601805283,503500,0.15451502799987793,25,13,0,2020-10-04T12:54:43,1601679230.882072,2020-10-03T01:53:50
1601805294,503500,0.16856186091899872,76,13,0,2020-10-04T12:54:54,1601679241.4968278,2020-10-03T01:54:01
1601805301,817500,0.16856186091899872,116,13,0,2020-10-04T12:55:01,1601679247.749897,2020-10-03T01:54:07
1601805309,817500,0.16856186091899872,157,13,0,2020-10-04T12:55:09,1601679257.026037,2020-10-03T01:54:17
1601805317,817500,0.1826086938381195,196,13,0,2020-10-04T12:55:17,1601679265.2853649,2020-10-03T01:54:25
1601805323,817500,0.2107023447751999,218,13,0,2020-10-04T12:55:23,1601679269.9483168,2020-10-03T01:54:29
1601805585,153500,0.15451502799987793,8,13,0,2020-10-04T12:59:45,1601679287.290293,2020-10-03T01:54:47
1601805603,153500,0.15451502799987793,52,13,0,2020-10-04T13:00:03,1601679300.981649,2020-10-03T01:55:00
1601805367,989500,0.1826086938381195,91,13,0,2020-10-04T12:56:07,1601679317.8653479,2020-10-03T01:55:17
1601805385,989500,0.16856186091899872,135,13,0,2020-10-04T12:56:25,1601679332.567505,2020-10-03T01:55:32
1601805399,78500,0.1826086938381195,176,13,0,2020-10-04T12:56:39,1601679346.5428169,2020-10-03T01:55:46
1601805413,78500,0.16856186091899872,224,13,0,2020-10-04T12:56:53,1601679364.565237,2020-10-03T01:56:04
1601805431,183500,0.1826086938381195,12,13,0,2020-10-04T12:57:11,1601679378.7191758,2020-10-03T01:56:18
1601805445,183500,0.32307690382003784,52,13,0,2020-10-04T12:57:25,1601679394.8642879,2020-10-03T01:56:34
1601805462,242500,0.1826086938381195,99,13,0,2020-10-04T12:57:42,1601679409.951233,2020-10-03T01:56:49
1601805476,242500,0.28093644976615906,144,13,0,2020-10-04T12:57:56,1601679426.977625,2020-10-03T01:57:06
1601805493,363500,0.1966554969549179,188,13,0,2020-10-04T12:58:13,1601679440.927208,2020-10-03T01:57:20
1601805511,363500,0.1826086938381195,239,13,0,2020-10-04T12:58:31,1601679457.780648,2020-10-03T01:57:37
1601805539,432500,0.2107023447751999,41,13,0,2020-10-04T12:58:59,1601679486.679497,2020-10-03T01:58:06
1601805557,547500,0.1966554969549179,85,13,0,2020-10-04T12:59:17,1601679503.84834,2020-10-03T01:58:23
1601805571,547500,0.1826086938381195,122,13,0,2020-10-04T12:59:31,1601679518.2118719,2020-10-03T01:58:38
1601805588,641500,0.1966554969549179,162,13,0,2020-10-04T12:59:48,1601679535.423256,2020-10-03T01:58:55
1601805602,641500,0.1966554969549179,211,13,0,2020-10-04T13:00:02,1601679550.0339808,2020-10-03T01:59:10
1601805633,716500,0.1966554969549179,27,13,0,2020-10-04T13:00:33,1601679581.235621,2020-10-03T01:59:41
1601805651,833500,0.2107023447751999,69,13,0,2020-10-04T13:00:51,1601679598.325904,2020-10-03T01:59:58
1601805664,833500,0.1966554969549179,103,13,0,2020-10-04T13:01:04,1601679612.2981448,2020-10-03T02:00:12
1601805696,924500,0.2107023447751999,175,13,0,2020-10-04T13:01:36,1601679644.199601,2020-10-03T02:00:44
1601805711,24500,0.2107023447751999,214,13,0,2020-10-04T13:01:51,1601679658.064556,2020-10-03T02:00:58
1601805742,119500,0.2387959510087967,24,13,0,2020-10-04T13:02:22,1601679692.678624,2020-10-03T02:01:32
1601805760,206500,0.1966554969549179,67,13,0,2020-10-04T13:02:40,1601679706.6988158,2020-10-03T02:01:46
1601805773,206500,0.1966554969549179,114,13,0,2020-10-04T13:02:53,1601679720.837548,2020-10-03T02:02:00
1601805791,308500,0.1966554969549179,146,13,0,2020-10-04T13:03:11,1601679738.379689,2020-10-03T02:02:18
1601805804,308500,0.2107023447751999,176,13,0,2020-10-04T13:03:24,1601679754.917352,2020-10-03T02:02:34
1601805850,404500,0.2247491478919983,12,13,0,2020-10-04T13:04:10,1601679800.848456,2020-10-03T02:03:20
1601805868,499500,0.2387959510087967,58,13,0,2020-10-04T13:04:28,1601679815.619892,2020-10-03T02:03:35
1601805899,592500,0.28093644976615906,110,13,0,2020-10-04T13:04:59,1601679847.4173849,2020-10-03T02:04:07
1601805917,690500,0.30903005599975586,147,13,0,2020-10-04T13:05:17,1601679864.357184,2020-10-03T02:04:24
1601805930,690500,0.32307690382003784,187,13,0,2020-10-04T13:05:30,1601679881.48502,2020-10-03T02:04:41
1601805962,759500,0.3792641758918762,229,13,0,2020-10-04T13:06:02,1601679910.080889,2020-10-03T02:05:10
1601805979,869500,0.4494982957839966,4,13,0,2020-10-04T13:06:19,1601679927.552841,2020-10-03T02:05:27
1601805993,869500,0.4354514479637146,54,13,0,2020-10-04T13:06:33,1601679944.814801,2020-10-03T02:05:44
1601806039,44500,0.49163877964019775,116,13,0,2020-10-04T13:07:19,1601679990.6988928,2020-10-03T02:06:30
1601806057,44500,0.5337792038917542,132,13,0,2020-10-04T13:07:37,1601680004.2303488,2020-10-03T02:06:44
1601806088,136500,0.5899664759635925,143,13,0,2020-10-04T13:08:08,1601680035.2219288,2020-10-03T02:07:15
1601806105,212500,0.6180601119995117,163,13,0,2020-10-04T13:08:25,1601680053.068837,2020-10-03T02:07:33
1601806119,212500,0.6040133237838745,211,13,0,2020-10-04T13:08:39,1601680069.437413,2020-10-03T02:07:49
1601806137,304500,0.6321069598197937,2,13,0,2020-10-04T13:08:57,1601680085.0440679,2020-10-03T02:08:05
1601806151,304500,0.6602005958557129,48,13,0,2020-10-04T13:09:11,1601680098.654805,2020-10-03T02:08:18
1601806168,391500,0.6602005958557129,95,13,0,2020-10-04T13:09:28,1601680115.8448088,2020-10-03T02:08:35
1601806182,391500,0.6742474436759949,143,13,0,2020-10-04T13:09:42,1601680132.603881,2020-10-03T02:08:52
1601806199,438500,0.7023410797119141,184,13,0,2020-10-04T13:09:59,1601680146.937765,2020-10-03T02:09:06
1601806213,438500,0.6882942318916321,227,13,0,2020-10-04T13:10:13,1601680161.0545518,2020-10-03T02:09:21
1601806227,558500,0.7023410797119141,18,13,0,2020-10-04T13:10:27,1601680177.61076,2020-10-03T02:09:37
1601806245,558500,0.730434775352478,66,13,0,2020-10-04T13:10:45,1601680192.518713,2020-10-03T02:09:52
1601806262,641500,0.7163878679275513,116,13,0,2020-10-04T13:11:02,1601680210.203636,2020-10-03T02:10:10
1601806276,641500,0.7444815039634705,159,13,0,2020-10-04T13:11:16,1601680223.65188,2020-10-03T02:10:23
1601806294,724500,0.7163878679275513,206,13,0,2020-10-04T13:11:34,1601680241.8404489,2020-10-03T02:10:41
1601806307,724500,0.7163878679275513,249,13,0,2020-10-04T13:11:47,1601680258.188833,2020-10-03T02:10:58
1601806325,798500,0.730434775352478,36,13,0,2020-10-04T13:12:05,1601680272.763777,2020-10-03T02:11:12
1601806338,798500,0.730434775352478,83,13,0,2020-10-04T13:12:18,1601680286.661201,2020-10-03T02:11:26
1601806356,891500,0.7023410797119141,131,13,0,2020-10-04T13:12:36,1601680304.032696,2020-10-03T02:11:44
1601806370,891500,0.7023410797119141,183,13,0,2020-10-04T13:12:50,1601680321.8443968,2020-10-03T02:12:01
1601806387,967500,0.7023410797119141,223,13,0,2020-10-04T13:13:07,1601680335.263749,2020-10-03T02:12:15
1601806401,967500,0.6882942318916321,12,13,0,2020-10-04T13:13:21,1601680349.855401,2020-10-03T02:12:29
1601806416,62500,0.6742474436759949,57,13,0,2020-10-04T13:13:36,1601680366.485245,2020-10-03T02:12:46
1601806434,62500,0.6742474436759949,103,13,0,2020-10-04T13:13:54,1601680381.205788,2020-10-03T02:13:01
1601806452,148500,0.6602005958557129,147,13,0,2020-10-04T13:14:12,1601680398.211408,2020-10-03T02:13:18
1601806465,148500,0.6461538076400757,194,13,0,2020-10-04T13:14:25,1601680412.5816689,2020-10-03T02:13:32
1601806482,247500,0.6180601119995117,239,13,0,2020-10-04T13:14:42,1601680429.049244,2020-10-03T02:13:49
1601806496,247500,0.6321069598197937,26,13,0,2020-10-04T13:14:56,1601680443.651876,2020-10-03T02:14:03
1601806509,107500,0.6180601119995117,68,13,0,2020-10-04T13:15:09,1601680457.283285,2020-10-03T02:14:17
1601806523,107500,0.5899664759635925,107,13,0,2020-10-04T13:15:23,1601680471.1865559,2020-10-03T02:14:31
1601806536,711500,0.5759197473526001,143,13,0,2020-10-04T13:15:36,1601680483.301069,2020-10-03T02:14:43
1601806549,711500,0.5478260517120361,187,13,0,2020-10-04T13:15:49,1601680497.721452,2020-10-03T02:14:57
1601806562,711500,0.5197323560714722,229,13,0,2020-10-04T13:16:02,1601680510.824956,2020-10-03T02:15:10
1601806513,401500,0.5197323560714722,14,13,0,2020-10-04T13:15:13,1601680523.994848,2020-10-03T02:15:23
1601806522,401500,0.5337792038917542,54,13,0,2020-10-04T13:15:22,1601680537.131008,2020-10-03T02:15:37
1601806540,7500,0.505685567855835,99,13,0,2020-10-04T13:15:40,1601680550.7261288,2020-10-03T02:15:50
1601806549,7500,0.4775919020175934,139,13,0,2020-10-04T13:15:49,1601680562.418877,2020-10-03T02:16:02
1601806562,7500,0.4775919020175934,175,13,0,2020-10-04T13:16:02,1601680575.635884,2020-10-03T02:16:15
1601806512,593500,0.4775919020175934,217,13,0,2020-10-04T13:15:12,1601680586.331956,2020-10-03T02:16:26
1601806525,593500,0.4494982957839966,4,13,0,2020-10-04T13:15:25,1601680602.999805,2020-10-03T02:16:42
1601806538,202500,0.4494982957839966,41,13,0,2020-10-04T13:15:38,1601680612.6866279,2020-10-03T02:16:52
1601806551,202500,0.4354514479637146,79,13,0,2020-10-04T13:15:51,1601680625.642305,2020-10-03T02:17:05
1601806502,793500,0.4214046895503998,119,13,0,2020-10-04T13:15:02,1601680639.315697,2020-10-03T02:17:19
1601806515,793500,0.4214046895503998,160,13,0,2020-10-04T13:15:15,1601680652.9454238,2020-10-03T02:17:32
1601806529,793500,0.4214046895503998,200,13,0,2020-10-04T13:15:29,1601680665.636644,2020-10-03T02:17:45
1601806543,402500,0.4073578119277954,241,13,0,2020-10-04T13:15:43,1601680679.766924,2020-10-03T02:17:59
1601806556,402500,0.4214046895503998,27,13,0,2020-10-04T13:15:56,1601680693.234264,2020-10-03T02:18:13
1601806507,31500,0.3933109939098358,68,13,0,2020-10-04T13:15:07,1601680705.867445,2020-10-03T02:18:25
1601806520,31500,0.4214046895503998,107,13,0,2020-10-04T13:15:20,1601680719.1355128,2020-10-03T02:18:39
1601806532,639500,0.4214046895503998,151,13,0,2020-10-04T13:15:32,1601680732.653173,2020-10-03T02:18:52
1601806542,639500,0.4073578119277954,190,13,0,2020-10-04T13:15:42,1601680745.023393,2020-10-03T02:19:05
1601806506,171500,0.4214046895503998,7,13,0,2020-10-04T13:15:06,1601680772.466836,2020-10-03T02:19:32
1601806519,171500,0.4494982957839966,47,13,0,2020-10-04T13:15:19,1601680784.696672,2020-10-03T02:19:44
1601806531,779500,0.46354514360427856,82,13,0,2020-10-04T13:15:31,1601680794.672024,2020-10-03T02:19:54
1601806544,779500,0.46354514360427856,127,13,0,2020-10-04T13:15:44,1601680810.901473,2020-10-03T02:20:10
1601806511,400500,0.505685567855835,196,13,0,2020-10-04T13:15:11,1601680839.392645,2020-10-03T02:20:39
1601806909,412500,0.5197323560714722,245,13,0,2020-10-04T13:21:49,1601680857.05832,2020-10-03T02:20:57
1601806923,412500,0.5478260517120361,37,13,0,2020-10-04T13:22:03,1601680870.6472728,2020-10-03T02:21:10
1601806941,592500,0.5899664759635925,82,13,0,2020-10-04T13:22:21,1601680888.3861969,2020-10-03T02:21:28
1601806954,592500,0.6180601119995117,128,13,0,2020-10-04T13:22:34,1601680906.1305718,2020-10-03T02:21:46
1601806972,681500,0.6742474436759949,173,13,0,2020-10-04T13:22:52,1601680920.322397,2020-10-03T02:22:00
1601806986,681500,0.7023410797119141,217,13,0,2020-10-04T13:23:06,1601680937.67444,2020-10-03T02:22:17
1601807004,769500,0.7585283517837524,4,13,0,2020-10-04T13:23:24,1601680951.352496,2020-10-03T02:22:31
1601807018,769500,0.8006688356399536,51,13,0,2020-10-04T13:23:38,1601680966.103217,2020-10-03T02:22:46
1601807036,857500,0.856856107711792,96,13,0,2020-10-04T13:23:56,1601680982.850409,2020-10-03T02:23:02
1601807049,857500,0.9130433797836304,144,13,0,2020-10-04T13:24:09,1601680997.273088,2020-10-03T02:23:17
1601807067,945500,1.01137113571167,186,13,0,2020-10-04T13:24:27,1601681014.649369,2020-10-03T02:23:34
1601807080,945500,1.0535115003585815,230,13,0,2020-10-04T13:24:40,1601681028.7561889,2020-10-03T02:23:48
1601807099,35500,1.1237457990646362,17,13,0,2020-10-04T13:24:59,1601681045.965688,2020-10-03T02:24:05
1601807113,35500,1.1939798593521118,61,13,0,2020-10-04T13:25:13,1601681060.186429,2020-10-03T02:24:20
1601807130,123500,1.2923076152801514,108,13,0,2020-10-04T13:25:30,1601681077.638232,2020-10-03T02:24:37
1601807144,123500,1.3765884637832642,153,13,0,2020-10-04T13:25:44,1601681094.196177,2020-10-03T02:24:54
1601807162,211500,1.488963007926941,198,13,0,2020-10-04T13:26:02,1601681108.712556,2020-10-03T02:25:08
1601807175,211500,1.5732439756393433,245,13,0,2020-10-04T13:26:15,1601681126.312633,2020-10-03T02:25:26
1601807193,299500,1.6996651887893677,32,13,0,2020-10-04T13:26:33,1601681139.751312,2020-10-03T02:25:39
1601807207,299500,1.4327757358551025,76,13,0,2020-10-04T13:26:47,1601681158.116853,2020-10-03T02:25:58
1601807224,387500,1.9525082111358643,119,13,0,2020-10-04T13:27:04,1601681171.1833248,2020-10-03T02:26:11
1601807238,387500,2.0508358478546143,164,13,0,2020-10-04T13:27:18,1601681189.572484,2020-10-03T02:26:29
1601807256,324500,2.219397783279419,207,13,0,2020-10-04T13:27:36,1601681203.430724,2020-10-03T02:26:43
1601807269,324500,2.3317720890045166,249,13,0,2020-10-04T13:27:49,1601681217.305141,2020-10-03T02:26:57
1601807287,560500,2.5424749851226807,38,13,0,2020-10-04T13:28:07,1601681233.977396,2020-10-03T02:27:13
1601807301,560500,2.654849052429199,84,13,0,2020-10-04T13:28:21,1601681248.5770118,2020-10-03T02:27:28
1601807319,654500,2.8936452865600586,129,13,0,2020-10-04T13:28:39,1601681266.1239638,2020-10-03T02:27:46
1601807332,654500,3.076253890991211,174,13,0,2020-10-04T13:28:52,1601681280.7467198,2020-10-03T02:28:00
1601807346,732500,3.230769157409668,216,13,0,2020-10-04T13:29:06,1601681294.1810088,2020-10-03T02:28:14
1601807364,732500,3.4414708614349365,10,13,0,2020-10-04T13:29:24,1601681311.763645,2020-10-03T02:28:31
1601807377,819500,3.6381266117095947,57,13,0,2020-10-04T13:29:37,1601681325.629796,2020-10-03T02:28:45
1601807395,819500,3.9190633296966553,103,13,0,2020-10-04T13:29:55,1601681343.461745,2020-10-03T02:29:03
1601807409,907500,4.115718364715576,150,13,0,2020-10-04T13:30:09,1601681357.208389,2020-10-03T02:29:17
1601807427,907500,4.396655082702637,196,13,0,2020-10-04T13:30:27,1601681374.5286598,2020-10-03T02:29:34
1601807440,982500,4.62140417098999,243,13,0,2020-10-04T13:30:40,1601681388.625272,2020-10-03T02:29:48
1601807458,982500,4.874246597290039,35,13,0,2020-10-04T13:30:58,1601681406.188637,2020-10-03T02:30:06
1601807471,88500,5.098996162414551,78,13,0,2020-10-04T13:31:11,1601681417.985668,2020-10-03T02:30:17
1601807481,88500,5.2675580978393555,126,13,0,2020-10-04T13:31:21,1601681426.9670238,2020-10-03T02:30:26
1601807488,88500,4.874246597290039,173,13,0,2020-10-04T13:31:28,1601681436.209204,2020-10-03T02:30:36
1601807496,180500,5.562541484832764,216,13,0,2020-10-04T13:31:36,1601681445.218505,2020-10-03T02:30:45
1601807506,180500,5.745150089263916,5,13,0,2020-10-04T13:31:46,1601681453.260244,2020-10-03T02:30:53
1601807513,180500,5.646822929382324,52,13,0,2020-10-04T13:31:53,1601681461.9056919,2020-10-03T02:31:01
1601807524,180500,6.138460636138916,97,13,0,2020-10-04T13:32:04,1601681470.98212,2020-10-03T02:31:10
1601807531,282500,6.2648820877075195,144,13,0,2020-10-04T13:32:11,1601681479.054684,2020-10-03T02:31:19
1601807540,282500,6.124414443969727,189,13,0,2020-10-04T13:32:20,1601681487.261561,2020-10-03T02:31:27
1601807548,282500,6.236788749694824,235,13,0,2020-10-04T13:32:28,1601681497.689777,2020-10-03T02:31:37
1601807558,370500,6.84080171585083,24,13,0,2020-10-04T13:32:38,1601681505.551265,2020-10-03T02:31:45
1601807566,370500,6.854848861694336,68,13,0,2020-10-04T13:32:46,1601681513.960341,2020-10-03T02:31:53
1601807576,370500,7.191972732543945,110,13,0,2020-10-04T13:32:56,1601681522.738613,2020-10-03T02:32:02
1601807584,370500,6.784614562988281,156,13,0,2020-10-04T13:33:04,1601681531.378221,2020-10-03T02:32:11
1601807591,465500,7.107691764831543,205,13,0,2020-10-04T13:33:11,1601681540.6554809,2020-10-03T02:32:20
1601807601,465500,7.655518531799316,247,13,0,2020-10-04T13:33:21,1601681548.446405,2020-10-03T02:32:28
1601807610,465500,7.669565200805664,35,13,0,2020-10-04T13:33:30,1601681556.960197,2020-10-03T02:32:36
1601807618,465500,8.006689071655273,83,13,0,2020-10-04T13:33:38,1601681565.7687,2020-10-03T02:32:45
1601807628,450500,8.203343391418457,132,13,0,2020-10-04T13:33:48,1601681575.308133,2020-10-03T02:32:55
1601807635,450500,8.020734786987305,179,13,0,2020-10-04T13:33:55,1601681582.8605368,2020-10-03T02:33:02
1601807645,450500,8.259531021118164,226,13,0,2020-10-04T13:34:05,1601681592.6728919,2020-10-03T02:33:12
1601807653,661500,8.75117015838623,16,13,0,2020-10-04T13:34:13,1601681600.746544,2020-10-03T02:33:20
1601807661,661500,8.933777809143066,62,13,0,2020-10-04T13:34:21,1601681610.580956,2020-10-03T02:33:30
1601807670,661500,8.821403503417969,104,13,0,2020-10-04T13:34:30,1601681617.482456,2020-10-03T02:33:37
1601807678,661500,9.08829402923584,151,13,0,2020-10-04T13:34:38,1601681626.546548,2020-10-03T02:33:46
1601807688,761500,9.355183601379395,199,13,0,2020-10-04T13:34:48,1601681635.284129,2020-10-03T02:33:55
1601807696,761500,9.62207317352295,243,13,0,2020-10-04T13:34:56,1601681643.96472,2020-10-03T02:34:03
1601807704,761500,9.790635108947754,24,13,0,2020-10-04T13:35:04,1601681652.4602199,2020-10-03T02:34:12
1601807714,859500,10.043478012084961,71,13,0,2020-10-04T13:35:14,1601681661.824364,2020-10-03T02:34:21
1601807721,859500,10.226086616516113,117,13,0,2020-10-04T13:35:21,1601681669.724489,2020-10-03T02:34:29
1601807732,859500,10.521068572998047,164,13,0,2020-10-04T13:35:32,1601681679.219621,2020-10-03T02:34:39
1601807739,859500,10.450835227966309,209,13,0,2020-10-04T13:35:39,1601681687.745069,2020-10-03T02:34:47
1601807750,961500,10.91438102722168,253,13,0,2020-10-04T13:35:50,1601681696.734072,2020-10-03T02:34:56
1601807757,961500,11.082942008972168,43,13,0,2020-10-04T13:35:57,1601681705.443313,2020-10-03T02:35:05
1601807765,961500,11.251503944396973,90,13,0,2020-10-04T13:36:05,1601681715.105161,2020-10-03T02:35:15
1601807776,66500,11.46220588684082,132,13,0,2020-10-04T13:36:16,1601681723.1438239,2020-10-03T02:35:23
1601807784,66500,11.630768775939941,177,13,0,2020-10-04T13:36:24,1601681731.285313,2020-10-03T02:35:31
1601807794,66500,11.869564056396484,225,13,0,2020-10-04T13:36:34,1601681741.0024998,2020-10-03T02:35:41
