time_s,time_us,bme_last_error,bme_error_counter,adc_last_error,adc_error_counter,resets_count,reset_cause,seq,srcSystem,srcComponent,time_gregorian,log_timestamp,log_timestamp_gregorian
1601800048,276000,0,0,0,0,1,2,33,13,0,2020-10-04T11:27:28,1601673979.615936,2020-10-03T00:26:19
1601800081,425000,0,0,0,0,1,2,120,13,0,2020-10-04T11:28:01,1601674010.582661,2020-10-03T00:26:50
1601800114,713000,0,0,0,0,1,2,208,13,0,2020-10-04T11:28:34,1601674043.1200838,2020-10-03T00:27:23
1601800144,828000,0,0,0,0,1,2,43,13,0,2020-10-04T11:29:04,1601674074.6545599,2020-10-03T00:27:54
1601800177,445000,0,0,0,0,1,2,127,13,0,2020-10-04T11:29:37,1601674105.8391209,2020-10-03T00:28:25
1601800207,65000,0,0,0,0,1,2,219,13,0,2020-10-04T11:30:07,1601674136.728,2020-10-03T00:28:56
1601800239,685000,0,0,0,0,1,2,56,13,0,2020-10-04T11:30:39,1601674169.4930649,2020-10-03T00:29:29
1601800266,308000,0,0,0,0,1,2,144,13,0,2020-10-04T11:31:06,1601674200.1132438,2020-10-03T00:30:00
1601800301,932000,0,0,0,0,1,2,241,13,0,2020-10-04T11:31:41,1601674232.484825,2020-10-03T00:30:32
1601800331,556000,0,0,0,0,1,2,75,13,0,2020-10-04T11:32:11,1601674264.716352,2020-10-03T00:31:04
1601800358,180000,0,0,0,0,1,2,160,13,0,2020-10-04T11:32:38,1601674292.902516,2020-10-03T00:31:32
1601800393,805000,0,0,0,0,1,2,253,13,0,2020-10-04T11:33:13,1601674328.623389,2020-10-03T00:32:08
1601800426,428000,0,0,0,0,1,2,92,13,0,2020-10-04T11:33:46,1601674360.705493,2020-10-03T00:32:40
1601800459,48000,0,0,0,0,1,2,185,13,0,2020-10-04T11:34:19,1601674392.053321,2020-10-03T00:33:12
1601800488,670000,0,0,0,0,1,2,18,13,0,2020-10-04T11:34:48,1601674424.046732,2020-10-03T00:33:44
1601800521,292000,0,0,0,0,1,2,109,13,0,2020-10-04T11:35:21,1601674455.587421,2020-10-03T00:34:15
1601800550,914000,0,0,0,0,1,2,204,13,0,2020-10-04T11:35:50,1601674486.9686089,2020-10-03T00:34:46
1601800583,537000,0,0,0,0,1,2,31,13,0,2020-10-04T11:36:23,1601674518.743829,2020-10-03T00:35:18
1601800613,159000,0,0,0,0,1,2,126,13,0,2020-10-04T11:36:53,1601674550.905468,2020-10-03T00:35:50
1601800645,781000,0,0,0,0,1,2,213,13,0,2020-10-04T11:37:25,1601674582.698396,2020-10-03T00:36:22
1601800678,404000,0,0,0,0,1,2,50,13,0,2020-10-04T11:37:58,1601674615.086176,2020-10-03T00:36:55
1601800708,26000,0,0,0,0,1,2,138,13,0,2020-10-04T11:38:28,1601674646.443532,2020-10-03T00:37:26
1601800740,648000,0,0,0,0,1,2,233,13,0,2020-10-04T11:39:00,1601674678.492512,2020-10-03T00:37:58
1601800770,270000,0,0,0,0,1,2,68,13,0,2020-10-04T11:39:30,1601674710.6848009,2020-10-03T00:38:30
1601800799,892000,0,0,0,0,1,2,159,13,0,2020-10-04T11:39:59,1601674741.71344,2020-10-03T00:39:01
1601800835,516000,0,0,0,0,1,2,252,13,0,2020-10-04T11:40:35,1601674774.7062,2020-10-03T00:39:34
1601800865,138000,0,0,0,0,1,2,87,13,0,2020-10-04T11:41:05,1601674805.8275318,2020-10-03T00:40:05
1601800897,757000,0,0,0,0,1,2,178,13,0,2020-10-04T11:41:37,1601674838.120632,2020-10-03T00:40:38
1601800924,378000,0,0,0,0,1,2,13,13,0,2020-10-04T11:42:04,1601674870.305796,2020-10-03T00:41:10
1601800956,996000,0,0,0,0,1,2,102,13,0,2020-10-04T11:42:36,1601674902.936116,2020-10-03T00:41:42
1601800989,616000,0,0,0,0,1,2,197,13,0,2020-10-04T11:43:09,1601674934.310448,2020-10-03T00:42:14
1601801019,237000,0,0,0,0,1,2,27,13,0,2020-10-04T11:43:39,1601674962.8518999,2020-10-03T00:42:42
1601801048,858000,0,0,0,0,1,2,119,13,0,2020-10-04T11:44:08,1601674994.34692,2020-10-03T00:43:14
1601801081,476000,0,0,0,0,1,2,216,13,0,2020-10-04T11:44:41,1601675029.686981,2020-10-03T00:43:49
1601801116,717000,0,0,0,0,1,2,51,13,0,2020-10-04T11:45:16,1601675061.543057,2020-10-03T00:44:21
1601801149,338000,0,0,0,0,1,2,145,13,0,2020-10-04T11:45:49,1601675092.3803759,2020-10-03T00:44:52
1601801178,959000,0,0,0,0,1,2,237,13,0,2020-10-04T11:46:18,1601675125.1212928,2020-10-03T00:45:25
1601801211,580000,0,0,0,0,1,2,72,13,0,2020-10-04T11:46:51,1601675157.215257,2020-10-03T00:45:57
1601801244,200000,0,0,0,0,1,2,165,13,0,2020-10-04T11:47:24,1601675189.493568,2020-10-03T00:46:29
1601801273,821000,0,0,0,0,1,2,3,13,0,2020-10-04T11:47:53,1601675221.631816,2020-10-03T00:47:01
1601801306,443000,0,0,0,0,1,2,95,13,0,2020-10-04T11:48:26,1601675253.765496,2020-10-03T00:47:33
1601801339,491000,0,0,0,0,1,2,186,13,0,2020-10-04T11:48:59,1601675286.3665009,2020-10-03T00:48:06
1601801369,596000,0,0,0,0,1,2,17,13,0,2020-10-04T11:49:29,1601675317.6168249,2020-10-03T00:48:37
1601801399,700000,0,0,0,0,1,2,110,13,0,2020-10-04T11:49:59,1601675349.56682,2020-10-03T00:49:09
1601801432,808000,0,0,0,0,1,2,203,13,0,2020-10-04T11:50:32,1601675380.244025,2020-10-03T00:49:40
1601801465,913000,0,0,0,0,1,2,42,13,0,2020-10-04T11:51:05,1601675414.1134999,2020-10-03T00:50:14
1601801496,18000,0,0,0,0,1,2,131,13,0,2020-10-04T11:51:36,1601675445.588069,2020-10-03T00:50:45
1601801529,122000,0,0,0,0,1,2,224,13,0,2020-10-04T11:52:09,1601675476.6809878,2020-10-03T00:51:16
1601801562,227000,0,0,0,0,1,2,61,13,0,2020-10-04T11:52:42,1601675509.2819679,2020-10-03T00:51:49
1601801592,329000,0,0,0,0,1,2,152,13,0,2020-10-04T11:53:12,1601675540.8662288,2020-10-03T00:52:20
1601801625,432000,0,0,0,0,1,2,246,13,0,2020-10-04T11:53:45,1601675572.395792,2020-10-03T00:52:52
1601801655,532000,0,0,0,0,1,2,79,13,0,2020-10-04T11:54:15,1601675604.051921,2020-10-03T00:53:24
1601801688,631000,0,0,0,0,1,2,170,13,0,2020-10-04T11:54:48,1601675635.396396,2020-10-03T00:53:55
1601801718,704000,0,0,0,0,1,2,4,13,0,2020-10-04T11:55:18,1601675667.676792,2020-10-03T00:54:27
1601801751,816000,0,0,0,0,1,2,99,13,0,2020-10-04T11:55:51,1601675698.965368,2020-10-03T00:54:58
1601801781,908000,0,0,0,0,1,2,190,13,0,2020-10-04T11:56:21,1601675730.047644,2020-10-03T00:55:30
1601801811,997000,0,0,0,0,1,2,24,13,0,2020-10-04T11:56:51,1601675761.673836,2020-10-03T00:56:01
1601801845,84000,0,0,0,0,1,2,108,13,0,2020-10-04T11:57:25,1601675793.0671558,2020-10-03T00:56:33
1601801878,171000,0,0,0,0,1,2,198,13,0,2020-10-04T11:57:58,1601675825.7580478,2020-10-03T00:57:05
1601801908,260000,0,0,0,0,1,2,32,13,0,2020-10-04T11:58:28,1601675857.521988,2020-10-03T00:57:37
1601801941,345000,0,0,0,0,1,2,122,13,0,2020-10-04T11:59:01,1601675888.7003999,2020-10-03T00:58:08
1601801971,320000,0,0,0,0,1,2,212,13,0,2020-10-04T11:59:31,1601675920.8949919,2020-10-03T00:58:40
1601802004,493000,0,0,0,0,1,2,53,13,0,2020-10-04T12:00:04,1601675952.927461,2020-10-03T00:59:12
1601802034,588000,0,0,0,0,1,2,144,13,0,2020-10-04T12:00:34,1601675983.945524,2020-10-03T00:59:43
1601802058,670000,0,0,0,0,1,2,234,13,0,2020-10-04T12:00:58,1601676005.544664,2020-10-03T01:00:05
1601802073,670000,0,0,0,0,1,2,65,13,0,2020-10-04T12:01:13,1601676022.681392,2020-10-03T01:00:22
1601802091,710000,0,0,0,0,1,2,152,13,0,2020-10-04T12:01:31,1601676040.6689649,2020-10-03T01:00:40
1601802109,829000,0,0,0,0,1,2,243,13,0,2020-10-04T12:01:49,1601676058.722733,2020-10-03T01:00:58
1601802124,829000,0,0,0,0,1,2,70,13,0,2020-10-04T12:02:04,1601676074.1836078,2020-10-03T01:01:14
1601802142,907000,0,0,0,0,1,2,163,13,0,2020-10-04T12:02:22,1601676093.70254,2020-10-03T01:01:33
1601802163,907000,0,0,0,0,1,2,249,13,0,2020-10-04T12:02:43,1601676112.2472448,2020-10-03T01:01:52
1601802178,983000,0,0,0,0,1,2,79,13,0,2020-10-04T12:02:58,1601676128.414085,2020-10-03T01:02:08
1601802200,57000,0,0,0,0,1,2,171,13,0,2020-10-04T12:03:20,1601676147.283748,2020-10-03T01:02:27
1601802218,57000,0,0,0,0,1,2,10,13,0,2020-10-04T12:03:38,1601676165.137605,2020-10-03T01:02:45
1601802233,131000,0,0,0,0,1,2,99,13,0,2020-10-04T12:03:53,1601676181.35218,2020-10-03T01:03:01
1601802251,131000,0,0,0,0,1,2,187,13,0,2020-10-04T12:04:11,1601676198.412868,2020-10-03T01:03:18
1601802269,204000,0,0,0,0,1,2,19,13,0,2020-10-04T12:04:29,1601676216.783428,2020-10-03T01:03:36
1601802287,204000,0,0,0,0,1,2,102,13,0,2020-10-04T12:04:47,1601676234.554725,2020-10-03T01:03:54
1601802305,275000,0,0,0,0,1,2,193,13,0,2020-10-04T12:05:05,1601676251.322928,2020-10-03T01:04:11
1601802320,275000,0,0,0,0,1,2,27,13,0,2020-10-04T12:05:20,1601676269.9170768,2020-10-03T01:04:29
1601802338,299000,0,0,0,0,1,2,120,13,0,2020-10-04T12:05:38,1601676287.081025,2020-10-03T01:04:47
1601802353,417000,0,0,0,0,1,2,209,13,0,2020-10-04T12:05:53,1601676304.445601,2020-10-03T01:05:04
1601802374,417000,0,0,0,0,1,2,41,13,0,2020-10-04T12:06:14,1601676321.820381,2020-10-03T01:05:21
1601802392,488000,0,0,0,0,1,2,128,13,0,2020-10-04T12:06:32,1601676339.041669,2020-10-03T01:05:39
1601802410,488000,0,0,0,0,1,2,221,13,0,2020-10-04T12:06:50,1601676357.456604,2020-10-03T01:05:57
1601802425,532000,0,0,0,0,1,2,51,13,0,2020-10-04T12:07:05,1601676374.636612,2020-10-03T01:06:14
1601802443,532000,0,0,0,0,1,2,138,13,0,2020-10-04T12:07:23,1601676391.881569,2020-10-03T01:06:31
1601802461,618000,0,0,0,0,1,2,227,13,0,2020-10-04T12:07:41,1601676409.2305999,2020-10-03T01:06:49
1601802476,618000,0,0,0,0,1,2,57,13,0,2020-10-04T12:07:56,1601676426.807837,2020-10-03T01:07:06
1601802494,698000,0,0,0,0,1,2,143,13,0,2020-10-04T12:08:14,1601676442.980861,2020-10-03T01:07:22
1601802512,778000,0,0,0,0,1,2,232,13,0,2020-10-04T12:08:32,1601676460.184512,2020-10-03T01:07:40
1601802530,778000,0,0,0,0,1,2,67,13,0,2020-10-04T12:08:50,1601676478.2741919,2020-10-03T01:07:58
1601802548,818000,0,0,0,0,1,2,160,13,0,2020-10-04T12:09:08,1601676496.102412,2020-10-03T01:08:16
1601802566,818000,0,0,0,0,1,2,251,13,0,2020-10-04T12:09:26,1601676514.154204,2020-10-03T01:08:34
1601802584,899000,0,0,0,0,1,2,84,13,0,2020-10-04T12:09:44,1601676531.724556,2020-10-03T01:08:51
1601802599,899000,0,0,0,0,1,2,175,13,0,2020-10-04T12:09:59,1601676549.2961879,2020-10-03T01:09:09
1601802617,953000,0,0,0,0,1,2,6,13,0,2020-10-04T12:10:17,1601676566.388577,2020-10-03T01:09:26
1601802636,14000,0,0,0,0,1,2,95,13,0,2020-10-04T12:10:36,1601676584.272748,2020-10-03T01:09:44
1601802654,14000,0,0,0,0,1,2,185,13,0,2020-10-04T12:10:54,1601676602.2471008,2020-10-03T01:10:02
1601802672,74000,0,0,0,0,1,2,18,13,0,2020-10-04T12:11:12,1601676619.579488,2020-10-03T01:10:19
1601802690,74000,0,0,0,0,1,2,104,13,0,2020-10-04T12:11:30,1601676637.808472,2020-10-03T01:10:37
1601802708,139000,0,0,0,0,1,2,192,13,0,2020-10-04T12:11:48,1601676655.554744,2020-10-03T01:10:55
1601802723,139000,0,0,0,0,1,2,22,13,0,2020-10-04T12:12:03,1601676672.5824609,2020-10-03T01:11:12
1601802741,137000,0,0,0,0,1,2,115,13,0,2020-10-04T12:12:21,1601676690.563916,2020-10-03T01:11:30
1601802759,290000,0,0,0,0,1,2,205,13,0,2020-10-04T12:12:39,1601676707.7316768,2020-10-03T01:11:47
1601802777,290000,0,0,0,0,1,2,38,13,0,2020-10-04T12:12:57,1601676725.348281,2020-10-03T01:12:05
1601802795,361000,0,0,0,0,1,2,125,13,0,2020-10-04T12:13:15,1601676742.571729,2020-10-03T01:12:22
1601802813,361000,0,0,0,0,1,2,214,13,0,2020-10-04T12:13:33,1601676761.16308,2020-10-03T01:12:41
1601802831,426000,0,0,0,0,1,2,48,13,0,2020-10-04T12:13:51,1601676778.7548928,2020-10-03T01:12:58
1601802846,426000,0,0,0,0,1,2,133,13,0,2020-10-04T12:14:06,1601676796.155969,2020-10-03T01:13:16
1601802864,500000,0,0,0,0,1,2,217,13,0,2020-10-04T12:14:24,1601676813.6414518,2020-10-03T01:13:33
1601802882,575000,0,0,0,0,1,2,48,13,0,2020-10-04T12:14:42,1601676831.247221,2020-10-03T01:13:51
1601802900,575000,0,0,0,0,1,2,140,13,0,2020-10-04T12:15:00,1601676849.297201,2020-10-03T01:14:09
1601802918,651000,0,0,0,0,1,2,223,13,0,2020-10-04T12:15:18,1601676866.058197,2020-10-03T01:14:26
1601802936,651000,0,0,0,0,1,2,53,13,0,2020-10-04T12:15:36,1601676884.1801848,2020-10-03T01:14:44
1601802954,719000,0,0,0,0,1,2,142,13,0,2020-10-04T12:15:54,1601676901.600301,2020-10-03T01:15:01
1601802980,735000,0,0,0,0,1,2,20,13,0,2020-10-04T12:16:20,1601676931.729152,2020-10-03T01:15:31
1601802998,735000,0,0,0,0,1,2,95,13,0,2020-10-04T12:16:38,1601676946.1017768,2020-10-03T01:15:46
1601803010,329000,0,0,0,0,1,2,162,13,0,2020-10-04T12:16:50,1601676959.6851199,2020-10-03T01:15:59
1601802988,904000,0,0,0,0,1,2,51,13,0,2020-10-04T12:16:28,1601677004.0160038,2020-10-03T01:16:44
1601803003,500000,0,0,0,0,1,2,128,13,0,2020-10-04T12:16:43,1601677017.250552,2020-10-03T01:16:57
1601803018,500000,0,0,0,0,1,2,207,13,0,2020-10-04T12:16:58,1601677031.9525728,2020-10-03T01:17:11
1601802972,85000,0,0,0,0,1,2,28,13,0,2020-10-04T12:16:12,1601677046.5432608,2020-10-03T01:17:26
1601802987,85000,0,0,0,0,1,2,107,13,0,2020-10-04T12:16:27,1601677061.3381839,2020-10-03T01:17:41
1601802999,85000,0,0,0,0,1,2,190,13,0,2020-10-04T12:16:39,1601677076.643077,2020-10-03T01:17:56
1601803013,684000,0,0,0,0,1,2,11,13,0,2020-10-04T12:16:53,1601677089.477072,2020-10-03T01:18:09
1601803025,684000,0,0,0,0,1,2,81,13,0,2020-10-04T12:17:05,1601677101.5476248,2020-10-03T01:18:21
1601803037,283000,0,0,0,0,1,2,151,13,0,2020-10-04T12:17:17,1601677114.242565,2020-10-03T01:18:34
1601803049,283000,0,0,0,0,1,2,223,13,0,2020-10-04T12:17:29,1601677127.152081,2020-10-03T01:18:47
1601803063,885000,0,0,0,0,1,2,40,13,0,2020-10-04T12:17:43,1601677140.2294478,2020-10-03T01:19:00
1601803075,885000,0,0,0,0,1,2,110,13,0,2020-10-04T12:17:55,1601677152.4103239,2020-10-03T01:19:12
1601803087,885000,0,0,0,0,1,2,185,13,0,2020-10-04T12:18:07,1601677165.6634169,2020-10-03T01:19:25
1601803099,491000,0,0,0,0,1,2,255,13,0,2020-10-04T12:18:19,1601677176.963085,2020-10-03T01:19:36
1601803111,491000,0,0,0,0,1,2,70,13,0,2020-10-04T12:18:31,1601677190.211376,2020-10-03T01:19:50
1601803126,95000,0,0,0,0,1,2,138,13,0,2020-10-04T12:18:46,1601677202.717061,2020-10-03T01:20:02
1601803138,95000,0,0,0,0,1,2,205,13,0,2020-10-04T12:18:58,1601677214.688041,2020-10-03T01:20:14
1601803150,95000,0,0,0,0,1,2,21,13,0,2020-10-04T12:19:10,1601677227.411332,2020-10-03T01:20:27
1601803161,698000,0,0,0,0,1,2,93,13,0,2020-10-04T12:19:21,1601677239.767096,2020-10-03T01:20:39
1601803173,698000,0,0,0,0,1,2,166,13,0,2020-10-04T12:19:33,1601677252.5038369,2020-10-03T01:20:52
1601803185,304000,0,0,0,0,1,2,240,13,0,2020-10-04T12:19:45,1601677265.3092809,2020-10-03T01:21:05
1601803200,304000,0,0,0,0,1,2,55,13,0,2020-10-04T12:20:00,1601677277.477453,2020-10-03T01:21:17
1601803212,304000,0,0,0,0,1,2,127,13,0,2020-10-04T12:20:12,1601677290.506588,2020-10-03T01:21:30
1601803223,912000,0,0,0,0,1,2,200,13,0,2020-10-04T12:20:23,1601677303.6469119,2020-10-03T01:21:43
1601803235,912000,0,0,0,0,1,2,14,13,0,2020-10-04T12:20:35,1601677316.207676,2020-10-03T01:21:56
1601803250,520000,0,0,0,0,1,2,87,13,0,2020-10-04T12:20:50,1601677328.589,2020-10-03T01:22:08
1601803262,520000,0,0,0,0,1,2,156,13,0,2020-10-04T12:21:02,1601677341.2431889,2020-10-03T01:22:21
1601803274,520000,0,0,0,0,1,2,233,13,0,2020-10-04T12:21:14,1601677354.7263958,2020-10-03T01:22:34
1601803286,127000,0,0,0,0,1,2,51,13,0,2020-10-04T12:21:26,1601677367.661469,2020-10-03T01:22:47
1601803301,127000,0,0,0,0,1,2,124,13,0,2020-10-04T12:21:41,1601677380.436261,2020-10-03T01:23:00
1601803312,734000,0,0,0,0,1,2,196,13,0,2020-10-04T12:21:52,1601677393.177625,2020-10-03T01:23:13
1601803324,734000,0,0,0,0,1,2,13,13,0,2020-10-04T12:22:04,1601677406.175941,2020-10-03T01:23:26
1601803336,734000,0,0,0,0,1,2,83,13,0,2020-10-04T12:22:16,1601677418.2968888,2020-10-03T01:23:38
1601803351,341000,0,0,0,0,1,2,157,13,0,2020-10-04T12:22:31,1601677431.070708,2020-10-03T01:23:51
1601803363,341000,0,0,0,0,1,2,232,13,0,2020-10-04T12:22:43,1601677443.2461169,2020-10-03T01:24:03
1601803125,325000,0,0,0,0,1,2,52,13,0,2020-10-04T12:18:45,1601677456.37686,2020-10-03T01:24:16
1601803137,325000,0,0,0,0,1,2,127,13,0,2020-10-04T12:18:57,1601677470.422657,2020-10-03T01:24:30
1601803151,995000,0,0,0,0,1,2,200,13,0,2020-10-04T12:19:11,1601677484.231001,2020-10-03T01:24:44
1601803166,995000,0,0,0,0,1,2,16,13,0,2020-10-04T12:19:26,1601677498.399549,2020-10-03T01:24:58
1601803178,604000,0,0,0,0,1,2,86,13,0,2020-10-04T12:19:38,1601677510.0193958,2020-10-03T01:25:10
1601803190,604000,0,0,0,0,1,2,160,13,0,2020-10-04T12:19:50,1601677523.2114959,2020-10-03T01:25:23
1601803202,604000,0,0,0,0,1,2,231,13,0,2020-10-04T12:20:02,1601677536.079948,2020-10-03T01:25:36
1601803214,214000,0,0,0,0,1,2,40,13,0,2020-10-04T12:20:14,1601677548.08806,2020-10-03T01:25:48
1601803229,214000,0,0,0,0,1,2,111,13,0,2020-10-04T12:20:29,1601677561.76352,2020-10-03T01:26:01
1601802985,260000,0,0,0,0,1,2,191,13,0,2020-10-04T12:16:25,1601677575.6264799,2020-10-03T01:26:15
1601802994,260000,0,0,0,0,1,2,237,13,0,2020-10-04T12:16:34,1601677587.551281,2020-10-03T01:26:27
1601803009,260000,0,0,0,0,1,2,55,13,0,2020-10-04T12:16:49,1601677601.423084,2020-10-03T01:26:41
1601803023,867000,0,0,0,0,1,2,127,13,0,2020-10-04T12:17:03,1601677615.1834679,2020-10-03T01:26:55
1601803038,867000,0,0,0,0,1,2,204,13,0,2020-10-04T12:17:18,1601677629.767448,2020-10-03T01:27:09
1601803050,476000,0,0,0,0,1,2,19,13,0,2020-10-04T12:17:30,1601677643.993721,2020-10-03T01:27:23
1601803065,476000,0,0,0,0,1,2,100,13,0,2020-10-04T12:17:45,1601677658.7350678,2020-10-03T01:27:38
1601803080,84000,0,0,0,0,1,2,173,13,0,2020-10-04T12:18:00,1601677672.167877,2020-10-03T01:27:52
1601803092,84000,0,0,0,0,1,2,250,13,0,2020-10-04T12:18:12,1601677686.510872,2020-10-03T01:28:06
315964831,205000,0,0,0,0,1,2,75,13,0,1980-01-06T03:00:31,1601677701.165233,2020-10-03T01:28:21
315964846,205000,0,0,0,0,1,2,154,13,0,1980-01-06T03:00:46,1601677715.045565,2020-10-03T01:28:35
315964860,813000,0,0,0,0,1,2,235,13,0,1980-01-06T03:01:00,1601677729.295153,2020-10-03T01:28:49
315964875,813000,0,0,0,0,1,2,62,13,0,1980-01-06T03:01:15,1601677744.457857,2020-10-03T01:29:04
315964887,813000,0,0,0,0,1,2,141,13,0,1980-01-06T03:01:27,1601677758.031309,2020-10-03T01:29:18
315964902,424000,0,0,0,0,1,2,221,13,0,1980-01-06T03:01:42,1601677772.5708919,2020-10-03T01:29:32
315964917,424000,0,0,0,0,1,2,46,13,0,1980-01-06T03:01:57,1601677787.4273438,2020-10-03T01:29:47
315964932,35000,0,0,0,0,1,2,124,13,0,1980-01-06T03:02:12,1601677801.607061,2020-10-03T01:30:01
315964947,35000,0,0,0,0,1,2,203,13,0,1980-01-06T03:02:27,1601677816.677136,2020-10-03T01:30:16
315964958,643000,0,0,0,0,1,2,23,13,0,1980-01-06T03:02:38,1601677830.6617599,2020-10-03T01:30:30
315964973,643000,0,0,0,0,1,2,102,13,0,1980-01-06T03:02:53,1601677845.1961808,2020-10-03T01:30:45
315964988,250000,0,0,0,0,1,2,181,13,0,1980-01-06T03:03:08,1601677860.5291119,2020-10-03T01:31:00
315965003,250000,0,0,0,0,1,2,6,13,0,1980-01-06T03:03:23,1601677874.834308,2020-10-03T01:31:14
315965017,859000,0,0,0,0,1,2,87,13,0,1980-01-06T03:03:37,1601677889.165552,2020-10-03T01:31:29
315965032,859000,0,0,0,0,1,2,170,13,0,1980-01-06T03:03:52,1601677903.227777,2020-10-03T01:31:43
315965044,471000,0,0,0,0,1,2,251,13,0,1980-01-06T03:04:04,1601677917.904984,2020-10-03T01:31:57
315965059,471000,0,0,0,0,1,2,76,13,0,1980-01-06T03:04:19,1601677932.164101,2020-10-03T01:32:12
315965074,82000,0,0,0,0,1,2,142,13,0,1980-01-06T03:04:34,1601677945.321888,2020-10-03T01:32:25
315965086,82000,0,0,0,0,1,2,225,13,0,1980-01-06T03:04:46,1601677960.457248,2020-10-03T01:32:40
315965101,82000,0,0,0,0,1,2,47,13,0,1980-01-06T03:05:01,1601677974.897656,2020-10-03T01:32:54
315965115,692000,0,0,0,0,1,2,122,13,0,1980-01-06T03:05:15,1601677988.423285,2020-10-03T01:33:08
315965130,692000,0,0,0,0,1,2,198,13,0,1980-01-06T03:05:30,1601678002.767889,2020-10-03T01:33:22
315965145,302000,0,0,0,0,1,2,17,13,0,1980-01-06T03:05:45,1601678017.194404,2020-10-03T01:33:37
315965157,302000,0,0,0,0,1,2,94,13,0,1980-01-06T03:05:57,1601678032.1076238,2020-10-03T01:33:52
315965171,913000,0,0,0,0,1,2,173,13,0,1980-01-06T03:06:11,1601678046.2918918,2020-10-03T01:34:06
315965186,913000,0,0,0,0,1,2,254,13,0,1980-01-06T03:06:26,1601678061.03636,2020-10-03T01:34:21
315965201,522000,0,0,0,0,1,2,83,13,0,1980-01-06T03:06:41,1601678076.537673,2020-10-03T01:34:36
315965213,522000,0,0,0,0,1,2,158,13,0,1980-01-06T03:06:53,1601678088.87024,2020-10-03T01:34:48
315965228,132000,0,0,0,0,1,2,227,13,0,1980-01-06T03:07:08,1601678103.4527888,2020-10-03T01:35:03
315965240,132000,0,0,0,0,1,2,46,13,0,1980-01-06T03:07:20,1601678116.769785,2020-10-03T01:35:16
315964834,478000,0,0,0,0,1,2,116,13,0,1980-01-06T03:00:34,1601678129.255501,2020-10-03T01:35:29
315964846,478000,0,0,0,0,1,2,183,13,0,1980-01-06T03:00:46,1601678143.5810518,2020-10-03T01:35:43
315964861,478000,0,0,0,0,1,2,2,13,0,1980-01-06T03:01:01,1601678157.139621,2020-10-03T01:35:57
315964873,86000,0,0,0,0,1,2,78,13,0,1980-01-06T03:01:13,1601678170.765645,2020-10-03T01:36:10
315964888,86000,0,0,0,0,1,2,160,13,0,1980-01-06T03:01:28,1601678185.1022449,2020-10-03T01:36:25
315964902,695000,0,0,0,0,1,2,234,13,0,1980-01-06T03:01:42,1601678199.2820199,2020-10-03T01:36:39
315964914,695000,0,0,0,0,1,2,56,13,0,1980-01-06T03:01:54,1601678213.0937,2020-10-03T01:36:53
315964929,305000,0,0,0,0,1,2,137,13,0,1980-01-06T03:02:09,1601678227.758904,2020-10-03T01:37:07
315964944,305000,0,0,0,0,1,2,214,13,0,1980-01-06T03:02:24,1601678241.979924,2020-10-03T01:37:21
315964961,914000,0,0,0,0,1,2,49,13,0,1980-01-06T03:02:41,1601678259.6244678,2020-10-03T01:37:39
315964979,914000,0,0,0,0,1,2,138,13,0,1980-01-06T03:02:59,1601678276.826757,2020-10-03T01:37:56
1601804347,752000,0,0,0,0,1,2,229,13,0,2020-10-04T12:39:07,1601678294.6438289,2020-10-03T01:38:14
1601804362,752000,0,0,0,0,1,2,60,13,0,2020-10-04T12:39:22,1601678312.6889238,2020-10-03T01:38:32
1601804380,836000,0,0,0,0,1,2,141,13,0,2020-10-04T12:39:40,1601678327.6696239,2020-10-03T01:38:47
1601804395,836000,0,0,0,0,1,2,232,13,0,2020-10-04T12:39:55,1601678344.6985998,2020-10-03T01:39:04
1601804413,895000,0,0,0,0,1,2,69,13,0,2020-10-04T12:40:13,1601678363.209569,2020-10-03T01:39:23
1601804431,993000,0,0,0,0,1,2,151,13,0,2020-10-04T12:40:31,1601678380.663617,2020-10-03T01:39:40
1601804446,993000,0,0,0,0,1,2,237,13,0,2020-10-04T12:40:46,1601678398.036648,2020-10-03T01:39:58
1601804464,894000,0,0,0,0,1,2,57,13,0,2020-10-04T12:41:04,1601678413.925041,2020-10-03T01:40:13
1601804482,894000,0,0,0,0,1,2,137,13,0,2020-10-04T12:41:22,1601678432.57392,2020-10-03T01:40:32
1601804501,220000,0,0,0,0,1,2,223,13,0,2020-10-04T12:41:41,1601678449.126333,2020-10-03T01:40:49
1601804519,220000,0,0,0,0,1,2,44,13,0,2020-10-04T12:41:59,1601678467.26134,2020-10-03T01:41:07
1601804537,325000,0,0,0,0,1,2,117,13,0,2020-10-04T12:42:17,1601678484.254133,2020-10-03T01:41:24
1601804555,307000,0,0,0,0,1,2,207,13,0,2020-10-04T12:42:35,1601678502.2974799,2020-10-03T01:41:42
1601804570,307000,0,0,0,0,1,2,34,13,0,2020-10-04T12:42:50,1601678519.4965239,2020-10-03T01:41:59
1601804588,490000,0,0,0,0,1,2,122,13,0,2020-10-04T12:43:08,1601678536.0483558,2020-10-03T01:42:16
1601804603,490000,0,0,0,0,1,2,209,13,0,2020-10-04T12:43:23,1601678553.149261,2020-10-03T01:42:33
1601804624,541000,0,0,0,0,1,2,46,13,0,2020-10-04T12:43:44,1601678571.352752,2020-10-03T01:42:51
1601804639,541000,0,0,0,0,1,2,133,13,0,2020-10-04T12:43:59,1601678587.1422448,2020-10-03T01:43:07
1601804657,718000,0,0,0,0,1,2,217,13,0,2020-10-04T12:44:17,1601678604.702924,2020-10-03T01:43:24
1601804672,718000,0,0,0,0,1,2,49,13,0,2020-10-04T12:44:32,1601678622.62074,2020-10-03T01:43:42
1601804690,808000,0,0,0,0,1,2,138,13,0,2020-10-04T12:44:50,1601678638.730573,2020-10-03T01:43:58
1601804708,808000,0,0,0,0,1,2,226,13,0,2020-10-04T12:45:08,1601678656.383704,2020-10-03T01:44:16
1601804726,880000,0,0,0,0,1,2,63,13,0,2020-10-04T12:45:26,1601678673.400557,2020-10-03T01:44:33
1601804741,910000,0,0,0,0,1,2,152,13,0,2020-10-04T12:45:41,1601678690.134028,2020-10-03T01:44:50
1601804759,910000,0,0,0,0,1,2,232,13,0,2020-10-04T12:45:59,1601678707.6880329,2020-10-03T01:45:07
1601804775,78000,0,0,0,0,1,2,53,13,0,2020-10-04T12:46:15,1601678724.508201,2020-10-03T01:45:24
1601804793,78000,0,0,0,0,1,2,142,13,0,2020-10-04T12:46:33,1601678740.251361,2020-10-03T01:45:40
1601804808,154000,0,0,0,0,1,2,231,13,0,2020-10-04T12:46:48,1601678757.480409,2020-10-03T01:45:57
1601804826,154000,0,0,0,0,1,2,67,13,0,2020-10-04T12:47:06,1601678775.644732,2020-10-03T01:46:15
1601804844,233000,0,0,0,0,1,2,154,13,0,2020-10-04T12:47:24,1601678793.276068,2020-10-03T01:46:33
1601804862,233000,0,0,0,0,1,2,244,13,0,2020-10-04T12:47:42,1601678810.451352,2020-10-03T01:46:50
1601804877,348000,0,0,0,0,1,2,69,13,0,2020-10-04T12:47:57,1601678827.617589,2020-10-03T01:47:07
1601804895,443000,0,0,0,0,1,2,152,13,0,2020-10-04T12:48:15,1601678842.8647928,2020-10-03T01:47:22
1601804913,443000,0,0,0,0,1,2,241,13,0,2020-10-04T12:48:33,1601678860.5152009,2020-10-03T01:47:40
1601804931,523000,0,0,0,0,1,2,69,13,0,2020-10-04T12:48:51,1601678878.225749,2020-10-03T01:47:58
1601804949,523000,0,0,0,0,1,2,164,13,0,2020-10-04T12:49:09,1601678896.490685,2020-10-03T01:48:16
1601804964,611000,0,0,0,0,1,2,252,13,0,2020-10-04T12:49:24,1601678913.883256,2020-10-03T01:48:33
1601804982,611000,0,0,0,0,1,2,84,13,0,2020-10-04T12:49:42,1601678931.58812,2020-10-03T01:48:51
1601805000,722000,0,0,0,0,1,2,175,13,0,2020-10-04T12:50:00,1601678949.6376688,2020-10-03T01:49:09
1601805015,722000,0,0,0,0,1,2,8,13,0,2020-10-04T12:50:15,1601678965.106612,2020-10-03T01:49:25
1601805051,639000,0,0,0,0,1,2,171,13,0,2020-10-04T12:50:51,1601679001.602169,2020-10-03T01:50:01
1601805069,639000,0,0,0,0,1,2,0,13,0,2020-10-04T12:51:09,1601679017.284796,2020-10-03T01:50:17
1601805087,606000,0,0,0,0,1,2,87,13,0,2020-10-04T12:51:27,1601679034.859236,2020-10-03T01:50:34
1601805105,606000,0,0,0,0,1,2,182,13,0,2020-10-04T12:51:45,1601679052.9074478,2020-10-03T01:50:52
1601805120,734000,0,0,0,0,1,2,17,13,0,2020-10-04T12:52:00,1601679070.339733,2020-10-03T01:51:10
1601805138,734000,0,0,0,0,1,2,86,13,0,2020-10-04T12:52:18,1601679087.2588649,2020-10-03T01:51:27
1601805156,920000,0,0,0,0,1,2,163,13,0,2020-10-04T12:52:36,1601679104.8313,2020-10-03T01:51:44
1601805192,968000,0,0,0,0,1,2,77,13,0,2020-10-04T12:53:12,1601679140.6613119,2020-10-03T01:52:20
1601805208,83000,0,0,0,0,1,2,161,13,0,2020-10-04T12:53:28,1601679156.1814358,2020-10-03T01:52:36
1601805226,83000,0,0,0,0,1,2,248,13,0,2020-10-04T12:53:46,1601679174.252804,2020-10-03T01:52:54
1601805244,310000,0,0,0,0,1,2,80,13,0,2020-10-04T12:54:04,1601679191.610296,2020-10-03T01:53:11
1601805259,310000,0,0,0,0,1,2,169,13,0,2020-10-04T12:54:19,1601679209.2679439,2020-10-03T01:53:29
1601805277,305000,0,0,0,0,1,2,0,13,0,2020-10-04T12:54:37,1601679226.23508,2020-10-03T01:53:46
1601805295,305000,0,0,0,0,1,2,90,13,0,2020-10-04T12:54:55,1601679243.075269,2020-10-03T01:54:03
1601805310,619000,0,0,0,0,1,2,170,13,0,2020-10-04T12:55:10,1601679259.3882809,2020-10-03T01:54:19
