time_s,time_us,accel[0],accel[1],accel[2],compass[0],compass[1],compass[2],quaternion[0],quaternion[1],quaternion[2],quaternion[3],seq,srcSystem,srcComponent,time_gregorian,log_timestamp,log_timestamp_gregorian
1601800043,913000,10.07550048828125,4.124893665313721,-1.8192665576934814,-191.7007598876953,63.70543670654297,-209.234375,-0.5868095755577087,-0.02258223667740822,-0.7559933066368103,-0.28916922211647034,8,11,0,2020-10-04T11:27:23,1601673970.7258239,2020-10-03T00:26:10
1601800061,593000,-0.11285429447889328,-0.636580765247345,11.152271270751953,-182.9339599609375,27.469316482543945,-209.234375,-0.09706225991249084,0.00473289517685771,-0.024994850158691406,0.9949530959129333,57,11,0,2020-10-04T11:27:41,1601673988.446568,2020-10-03T00:26:28
1601800074,140000,-3.715384006500244,4.463916778564453,-9.49432373046875,-163.0625457763672,-10.520163536071777,-198.12974548339844,-0.03629600629210472,-0.4108712375164032,0.8662014007568359,0.2820681929588318,102,11,0,2020-10-04T11:27:54,1601674005.6156728,2020-10-03T00:26:45
1601800092,113000,7.9920759201049805,1.7329812049865723,-7.401841640472412,-138.51548767089844,-27.469316482543945,-190.53184509277344,-0.434081107378006,0.11297925561666489,-0.8925763964653015,-0.04600725322961807,150,11,0,2020-10-04T11:28:12,1601674022.9849758,2020-10-03T00:27:02
1601800110,91000,0.3560556173324585,-7.200103759765625,-8.517760276794434,-135.5932159423828,12.857977867126465,-205.72764587402344,0.2927296459674835,0.6264223456382751,0.6843631863594055,-0.23141197860240936,190,11,0,2020-10-04T11:28:30,1601674037.68764,2020-10-03T00:27:17
1601800124,188000,1.7395625114440918,-3.2934248447418213,-10.43085765838623,-224.43016052246094,70.71887969970703,-205.14320373535156,-0.13608601689338684,-0.21775954961776733,-0.9502056241035461,0.17655202746391296,236,11,0,2020-10-04T11:28:44,1601674052.056788,2020-10-03T00:27:32
1601800124,464000,-0.014693493023514748,0.3578227460384369,10.867631912231445,-195.79193115234375,21.624780654907227,-202.8053741455078,0.0573645681142807,-0.036684539169073105,-0.03914022073149681,-0.9969109892845154,28,11,0,2020-10-04T11:28:44,1601674069.826248,2020-10-03T00:27:49
1601800137,744000,0.16865606606006622,-0.0641486793756485,11.113329887390137,-252.4839324951172,-8.766802787780762,-173.58270263671875,0.056078825145959854,-0.021707545965909958,-0.084527388215065,-0.9946050643920898,70,11,0,2020-10-04T11:28:57,1601674083.606833,2020-10-03T00:28:03
1601800156,269000,-0.004164710640907288,0.4668918550014496,11.221641540527344,-244.30157470703125,126.2419662475586,-187.60958862304688,0.2523633539676666,-0.02674274519085884,-0.053354162722826004,-0.9657902717590332,117,11,0,2020-10-04T11:29:16,1601674101.689364,2020-10-03T00:28:21
1601800169,528000,-0.002300560474395752,0.5660133957862854,11.17596435546875,18.702512741088867,139.09994506835938,-211.5721893310547,0.6907256841659546,0.1249440610408783,-0.10728240758180618,-0.7041146755218506,161,11,0,2020-10-04T11:29:29,1601674115.48184,2020-10-03T00:28:35
1601800187,756000,-0.08135011792182922,0.4998154044151306,11.034661293029785,-174.75160217285156,21.040327072143555,-195.79193115234375,0.2278902232646942,0.04481137916445732,-0.21143236756324768,-0.9493968486785889,212,11,0,2020-10-04T11:29:47,1601674133.444964,2020-10-03T00:28:53
1601800200,750000,0.035947322845458984,-0.4513419568538666,11.043320655822754,-136.7621307373047,-91.17475128173828,-191.11630249023438,0.14289887249469757,0.05449597164988518,-0.2795790731906891,-0.947863757610321,0,11,0,2020-10-04T11:30:00,1601674149.887284,2020-10-03T00:29:09
1601800219,233000,0.1015406996011734,0.6440384984016418,11.253316879272461,-208.64991760253906,-48.5096435546875,-182.34950256347656,0.078745037317276,-0.007709826342761517,-0.2535625100135803,-0.9640777111053467,46,11,0,2020-10-04T11:30:19,1601674165.2109208,2020-10-03T00:29:25
1601800233,304000,-0.041015446186065674,0.1808868944644928,10.966334342956543,-153.71127319335938,-182.9339599609375,-139.68438720703125,-0.08952070027589798,-0.0322876013815403,-0.3843693137168884,-0.9182612895965576,88,11,0,2020-10-04T11:30:33,1601674179.1768,2020-10-03T00:29:39
1601800251,239000,-0.043174415826797485,0.47808852791786194,11.215116500854492,-190.53184509277344,-171.829345703125,-123.31969451904297,-0.08500225841999054,-0.09267087280750275,-0.386989027261734,-0.9134693145751953,137,11,0,2020-10-04T11:30:51,1601674196.688925,2020-10-03T00:29:56
1601800264,506000,-0.05633169412612915,-0.43900859355926514,10.694579124450684,-180.01168823242188,-163.0625457763672,-132.0865020751953,-0.08406265825033188,-0.05061949044466019,-0.32274141907691956,-0.9413868188858032,185,11,0,2020-10-04T11:31:04,1601674213.363968,2020-10-03T00:30:13
1601800282,437000,-0.0005054473876953125,0.48747867345809937,10.860758781433105,-170.66043090820312,-217.41671752929688,-111.04617309570312,-0.19243675470352173,-0.07987934350967407,-0.3780006766319275,-0.9020548462867737,233,11,0,2020-10-04T11:31:22,1601674228.18542,2020-10-03T00:30:28
1601800300,81000,-0.011024534702301025,-0.058102577924728394,11.66479206085205,-196.3763885498047,-267.09527587890625,-57.86090087890625,-0.16927474737167358,-0.11043677479028702,-0.4651300609111786,-0.8618606925010681,21,11,0,2020-10-04T11:31:40,1601674245.422149,2020-10-03T00:30:45
1601800314,691000,0.616791844367981,0.21397903561592102,11.059404373168945,-142.60665893554688,-217.41671752929688,-112.21508026123047,-0.17341749370098114,-0.07477973401546478,-0.4096611440181732,-0.8924753069877625,67,11,0,2020-10-04T11:31:54,1601674260.596693,2020-10-03T00:31:00
1601800328,207000,0.15010574460029602,-0.47276097536087036,10.912400245666504,-134.42431640625,-173.58270263671875,-151.95791625976562,-0.09193900972604752,-0.03989775851368904,-0.31766924262046814,-0.9428900480270386,111,11,0,2020-10-04T11:32:08,1601674274.296428,2020-10-03T00:31:14
1601800346,982000,-0.010333359241485596,-0.3424539268016815,11.262921333312988,-150.78900146484375,-198.12974548339844,-115.13734436035156,-0.25049784779548645,-0.010658823885023594,-0.27416616678237915,-0.9284235239028931,158,11,0,2020-10-04T11:32:26,1601674292.890528,2020-10-03T00:31:32
1601800360,198000,0.012570381164550781,0.1780209243297577,10.044609069824219,-195.2074737548828,-122.73523712158203,-151.3734588623047,-0.14819549024105072,-0.006296723615378141,-0.22054916620254517,-0.9640313386917114,202,11,0,2020-10-04T11:32:40,1601674309.389989,2020-10-03T00:31:49
1601800378,124000,-0.010886907577514648,0.7047128677368164,8.962005615234375,104.6171875,-247.80828857421875,-60.783164978027344,-0.7282939553260803,-0.031323742121458054,-0.3746403455734253,-0.5729321241378784,247,11,0,2020-10-04T11:32:58,1601674324.196677,2020-10-03T00:32:04
1601800396,624000,-0.09460772573947906,0.47533118724823,10.874227523803711,70.71887969970703,-8.18234920501709,-184.1028594970703,0.4703713357448578,0.25396600365638733,0.004361151251941919,-0.8451231122016907,39,11,0,2020-10-04T11:33:16,1601674342.383973,2020-10-03T00:32:22
1601800410,125000,0.27533966302871704,-0.2153448462486267,11.09463882446289,33.8983039855957,26.3004093170166,-209.234375,0.39368903636932373,0.19713789224624634,-0.010068458504974842,-0.8977996706962585,86,11,0,2020-10-04T11:33:30,1601674356.3631399,2020-10-03T00:32:36
1601800424,171000,-0.38102346658706665,1.1290545463562012,11.239937782287598,32.72939682006836,-21.624780654907227,-207.48101806640625,0.11651314795017242,0.19933167099952698,-0.039897140115499496,-0.9721624851226807,131,11,0,2020-10-04T11:33:44,1601674370.4008648,2020-10-03T00:32:50
1601800442,350000,-0.07569553703069687,-0.2489909529685974,10.576369285583496,-14.61133861541748,-38.57393264770508,-192.86965942382812,-0.06380981206893921,0.11540727317333221,-0.04363173991441727,-0.9903059005737305,180,11,0,2020-10-04T11:34:02,1601674388.3482208,2020-10-03T00:33:08
1601800460,265000,-0.03640620410442352,0.32063400745391846,11.097952842712402,-137.9310302734375,37.989479064941406,-208.64991760253906,0.21244081854820251,0.07854801416397095,-0.09678701311349869,-0.9691911339759827,223,11,0,2020-10-04T11:34:20,1601674405.597441,2020-10-03T00:33:25
1601800473,786000,-0.05934348702430725,0.5331102013587952,11.20596981048584,-174.75160217285156,80.07013702392578,-215.66336059570312,0.17418667674064636,-0.006213658954948187,0.005919754505157471,-0.9846752285957336,13,11,0,2020-10-04T11:34:33,1601674422.823457,2020-10-03T00:33:42
1601800491,119000,0.26694026589393616,-0.7059682607650757,11.30273723602295,-188.7784881591797,57.86090087890625,-195.79193115234375,0.15349912643432617,-0.009778245352208614,0.047278884798288345,-0.9869685769081116,57,11,0,2020-10-04T11:34:51,1601674436.5941398,2020-10-03T00:33:56
1601800509,919000,0.34380200505256653,0.42472952604293823,10.737651824951172,-283.4599609375,219.17007446289062,-177.08941650390625,0.26040852069854736,-0.09500256925821304,0.0945873036980629,-0.9561460614204407,106,11,0,2020-10-04T11:35:09,1601674455.5642118,2020-10-03T00:34:15
1601800523,155000,-0.712072491645813,-3.8659048080444336,11.564369201660156,-216.83226013183594,371.12799072265625,-137.9310302734375,0.3990429639816284,-0.16853579878807068,0.11646410077810287,-0.8937541842460632,151,11,0,2020-10-04T11:35:23,1601674468.595716,2020-10-03T00:34:28
1601800536,948000,-0.007739923894405365,0.047545820474624634,9.865478515625,-555.8153686523438,141.43775939941406,355.3477478027344,0.06831594556570053,-0.6713425517082214,0.07262901216745377,-0.7344093918800354,198,11,0,2020-10-04T11:35:36,1601674485.600632,2020-10-03T00:34:45
1601800554,873000,0.5573723912239075,0.37361979484558105,12.869437217712402,-177.6738739013672,98.77264404296875,-210.98773193359375,0.15599389374256134,-0.003156277583912015,0.0943380817770958,-0.9832376837730408,241,11,0,2020-10-04T11:35:54,1601674500.782677,2020-10-03T00:35:00
1601800573,66000,-0.02203872799873352,0.16918694972991943,10.679426193237305,-513.734619140625,362.3612060546875,202.8053741455078,0.30107831954956055,-0.5939674973487854,-0.04573778435587883,-0.7446223497390747,29,11,0,2020-10-04T11:36:13,1601674518.7320359,2020-10-03T00:35:18
1601800586,592000,0.06539082527160645,-0.2763075828552246,10.905759811401367,-512.5657348632812,235.53477478027344,66.62770080566406,0.35293328762054443,-0.5803669095039368,-0.15051433444023132,-0.7183020710945129,74,11,0,2020-10-04T11:36:26,1601674532.328641,2020-10-03T00:35:32
1601800605,324000,0.14405561983585358,0.2505851984024048,10.437838554382324,-323.20281982421875,241.37930297851562,-135.00877380371094,0.2997742295265198,-0.10798557102680206,0.07686173915863037,-0.9447574615478516,124,11,0,2020-10-04T11:36:45,1601674550.893612,2020-10-03T00:35:50
1601800618,859000,-0.07838481664657593,0.4789254069328308,10.655707359313965,-441.2624206542969,268.26416015625,-41.49620056152344,0.22377043962478638,-0.24410313367843628,0.1187739223241806,-0.9360733032226562,168,11,0,2020-10-04T11:36:58,1601674564.683465,2020-10-03T00:36:04
1601800637,59000,-0.018238872289657593,-0.3447169065475464,11.054058074951172,-420.22210693359375,157.21798706054688,-101.11045837402344,0.21685704588890076,-0.20397232472896576,-0.027632763609290123,-0.9542561173439026,211,11,0,2020-10-04T11:37:17,1601674582.6799839,2020-10-03T00:36:22
1601800650,856000,-0.14313904941082,-0.1335276961326599,11.148252487182617,-336.6452331542969,184.1028594970703,-154.88018798828125,0.29129528999328613,-0.1035182848572731,-0.03158896416425705,-0.9504910111427307,2,11,0,2020-10-04T11:37:30,1601674596.87056,2020-10-03T00:36:36
1601800664,916000,-0.009220466017723083,-0.1311609148979187,11.03250789642334,-253.06838989257812,335.4763488769531,-143.1911163330078,0.4626883268356323,-0.10638820379972458,0.04245191439986229,-0.8790898323059082,47,11,0,2020-10-04T11:37:44,1601674613.7428958,2020-10-03T00:36:53
1601800682,849000,0.17201660573482513,0.5353858470916748,11.204833030700684,-406.7796325683594,142.60665893554688,-102.27937316894531,0.18527457118034363,-0.17482714354991913,-0.08775153011083603,-0.9630205035209656,88,11,0,2020-10-04T11:38:02,1601674628.4105809,2020-10-03T00:37:08
1601800700,780000,0.026100993156433105,-0.05105048418045044,10.882136344909668,-383.9859619140625,196.96083068847656,-120.98188018798828,0.27418825030326843,-0.16533343493938446,-0.04402716085314751,-0.946333646774292,137,11,0,2020-10-04T11:38:20,1601674646.434233,2020-10-03T00:37:26
1601800714,27000,-0.10939882695674896,-0.5044003129005432,13.024417877197266,-479.25189208984375,149.62010192871094,50.263004302978516,0.16772598028182983,-0.4780835211277008,0.0641467273235321,-0.8597612380981445,186,11,0,2020-10-04T11:38:34,1601674660.1535718,2020-10-03T00:37:40
1601800732,809000,-0.027292924001812935,-0.5440789461135864,10.161111831665039,-419.6376647949219,317.3582458496094,-53.185272216796875,0.3643752932548523,-0.36442649364471436,-0.004869373049587011,-0.8569715023040771,232,11,0,2020-10-04T11:38:52,1601674678.483049,2020-10-03T00:37:58
1601800746,879000,-0.08612602949142456,0.1138530969619751,10.537627220153809,-541.2039794921875,265.9263610839844,232.6125030517578,0.22680366039276123,-0.5258168578147888,-0.10412496328353882,-0.8131633996963501,20,11,0,2020-10-04T11:39:06,1601674692.540081,2020-10-03T00:38:12
1601800765,89000,0.049441128969192505,-0.5283790826797485,10.526957511901855,-546.464111328125,243.13265991210938,251.31503295898438,0.2366538941860199,-0.54198157787323,-0.11873041838407516,-0.7975926399230957,67,11,0,2020-10-04T11:39:25,1601674710.6754558,2020-10-03T00:38:30
1601800778,898000,-0.006571248173713684,0.2838590145111084,10.430903434753418,-531.2682495117188,317.9427185058594,229.1057891845703,0.24561387300491333,-0.5376149415969849,-0.0888480395078659,-0.8017169237136841,116,11,0,2020-10-04T11:39:38,1601674724.968457,2020-10-03T00:38:44
1601800797,105000,0.18896865844726562,-0.6727637052536011,10.395476341247559,-514.319091796875,300.40911865234375,113.96843719482422,0.2910197973251343,-0.41115251183509827,-0.001705753616988659,-0.8638623356819153,162,11,0,2020-10-04T11:39:57,1601674743.0603158,2020-10-03T00:39:03
1601800811,178000,0.015306353569030762,0.7208245396614075,9.688861846923828,-486.26531982421875,418.46875,213.32554626464844,0.21806661784648895,-0.44107678532600403,0.32605981826782227,-0.8072071075439453,204,11,0,2020-10-04T11:40:11,1601674756.75502,2020-10-03T00:39:16
1601800829,155000,-0.04849660024046898,-0.3767242729663849,10.019497871398926,-513.734619140625,-97.6037368774414,189.36294555664062,-0.061731915920972824,-0.6584813594818115,-0.04421618580818176,-0.7487565279006958,253,11,0,2020-10-04T11:40:29,1601674774.718773,2020-10-03T00:39:34
1601800842,148000,0.010225534439086914,-0.7057628035545349,9.9902925491333,-498.5388488769531,-69.54997253417969,165.40036010742188,-0.01257458608597517,-0.6558144092559814,-0.0670827254652977,-0.7518305778503418,43,11,0,2020-10-04T11:40:42,1601674788.318397,2020-10-03T00:39:48
1601800860,643000,-0.029624883085489273,-0.4959218204021454,10.055220603942871,-492.6943054199219,-74.22559356689453,167.73817443847656,-0.021881023421883583,-0.6546721458435059,-0.07318203151226044,-0.7520438432693481,88,11,0,2020-10-04T11:41:00,1601674805.840469,2020-10-03T00:40:05
1601800874,719000,-0.03339969366788864,0.36327654123306274,10.001065254211426,-498.5388488769531,-73.64114379882812,176.50497436523438,-0.048588186502456665,-0.6536139845848083,-0.10770831257104874,-0.7475472092628479,130,11,0,2020-10-04T11:41:14,1601674820.563864,2020-10-03T00:40:20
1601800892,961000,-0.020094972103834152,-0.6676441431045532,10.01048755645752,-503.7989501953125,-71.30332946777344,178.25833129882812,-0.015232843346893787,-0.6527270674705505,-0.06110210344195366,-0.754971444606781,179,11,0,2020-10-04T11:41:32,1601674838.132896,2020-10-03T00:40:38
1601800906,767000,-0.035367488861083984,-0.239837646484375,11.70344066619873,335.4763488769531,-178.25833129882812,268.26416015625,-0.7095921635627747,-0.47014716267585754,-0.4868029057979584,-0.19612130522727966,220,11,0,2020-10-04T11:41:46,1601674852.4842849,2020-10-03T00:40:52
1601800920,842000,-0.03902474045753479,0.42669546604156494,10.050445556640625,-496.2010498046875,-68.38106536865234,164.81590270996094,-0.05116494745016098,-0.6556335687637329,-0.10793257504701614,-0.7455718517303467,10,11,0,2020-10-04T11:42:00,1601674867.1716878,2020-10-03T00:41:07
1601800939,595000,-0.04312484711408615,0.265430212020874,9.976704597473145,-493.86322021484375,-68.38106536865234,153.71127319335938,-0.04771050438284874,-0.6541783809661865,-0.09749865531921387,-0.7485107779502869,55,11,0,2020-10-04T11:42:19,1601674884.2449849,2020-10-03T00:41:24
1601800953,120000,-0.20665258169174194,0.4797610938549042,10.04919719696045,-496.2010498046875,-66.04325103759766,164.81590270996094,-0.0483369342982769,-0.6484144330024719,-0.11324071139097214,-0.7512648701667786,99,11,0,2020-10-04T11:42:33,1601674899.119109,2020-10-03T00:41:39
1601800971,649000,-0.024158740416169167,0.30237674713134766,10.037498474121094,-499.123291015625,-77.14786529541016,152.54237365722656,-0.04750121012330055,-0.6570868492126465,-0.1046086922287941,-0.7450084090232849,146,11,0,2020-10-04T11:42:51,1601674916.3378398,2020-10-03T00:41:56
1601800985,153000,-0.33359113335609436,-0.47450345754623413,9.014267921447754,-511.3968200683594,-85.9146728515625,192.86965942382812,-0.0383484847843647,-0.5961053967475891,-0.0713425874710083,-0.7988104224205017,194,11,0,2020-10-04T11:43:05,1601674931.408244,2020-10-03T00:42:11
1601801004,106000,1.287086009979248,-7.7162184715271,-3.6363086700439453,-487.4342346191406,411.4552917480469,334.8918762207031,0.6983738541603088,-0.011476620100438595,0.713769257068634,-0.051727551966905594,240,11,0,2020-10-04T11:43:24,1601674948.668896,2020-10-03T00:42:28
1601801017,221000,-0.009965915232896805,0.06864768266677856,9.48764419555664,-556.9842529296875,223.26124572753906,334.30743408203125,-0.18247534334659576,0.6011074185371399,-0.026007652282714844,0.7776221632957458,30,11,0,2020-10-04T11:43:37,1601674963.20394,2020-10-03T00:42:43
1601801034,625000,-0.038735512644052505,0.6106579303741455,9.0209379196167,-563.9976806640625,142.60665893554688,264.1730041503906,-0.08415285497903824,0.626551628112793,-0.043215323239564896,0.7736172676086426,73,11,0,2020-10-04T11:43:54,1601674980.425932,2020-10-03T00:43:00
1601801048,450000,0.094760961830616,-0.5752737522125244,12.738868713378906,-534.1905517578125,326.1250915527344,130.33314514160156,-0.3025337755680084,0.48178109526634216,-0.028076786547899246,0.8219319581985474,122,11,0,2020-10-04T11:44:08,1601674997.436529,2020-10-03T00:43:17
1601801066,686000,-0.018143605440855026,-0.41961348056793213,10.898761749267578,-461.13385009765625,287.5511474609375,-16.94915199279785,-0.3076646029949188,0.28777027130126953,0.011644257232546806,0.9068601131439209,166,11,0,2020-10-04T11:44:26,1601675011.62758,2020-10-03T00:43:31
1601801084,374000,-0.031006932258605957,0.42466598749160767,11.287812232971191,-399.1817626953125,175.92051696777344,-109.87726593017578,-0.24360117316246033,0.19907894730567932,0.1100786104798317,0.9428195953369141,217,11,0,2020-10-04T11:44:44,1601675029.697324,2020-10-03T00:43:49
1601801097,927000,-0.02185414731502533,0.4435737133026123,11.28520393371582,-412.0397644042969,160.7247314453125,-106.37054443359375,-0.21007315814495087,0.2159038484096527,0.07240116596221924,0.9507959485054016,5,11,0,2020-10-04T11:44:57,1601675043.9099169,2020-10-03T00:44:03
1601801115,882000,0.05725935101509094,-0.4850752055644989,11.117963790893555,-361.1922912597656,136.17767333984375,-122.73523712158203,-0.23674127459526062,0.12881779670715332,0.05218222737312317,0.9615802764892578,54,11,0,2020-10-04T11:45:15,1601675061.5712368,2020-10-03T00:44:21
1601801129,145000,-0.022228315472602844,0.6242265701293945,11.117645263671875,-382.23260498046875,165.40036010742188,-132.67095947265625,-0.2217426598072052,0.17072632908821106,0.07782848924398422,0.9568831920623779,102,11,0,2020-10-04T11:45:29,1601675075.53136,2020-10-03T00:44:35
1601801147,920000,-0.04387061297893524,0.12694743275642395,11.225109100341797,-341.90533447265625,154.2957305908203,-143.77557373046875,-0.24472160637378693,0.11527898162603378,0.03168584033846855,0.9621943831443787,149,11,0,2020-10-04T11:45:47,1601675093.727545,2020-10-03T00:44:53
1601801161,183000,0.02917025238275528,-0.6114462614059448,11.211248397827148,-302.7469177246094,168.32261657714844,-174.1671600341797,-0.29984286427497864,0.05348159000277519,0.024375779554247856,0.9521763324737549,193,11,0,2020-10-04T11:46:01,1601675107.217397,2020-10-03T00:45:07
1601801180,243000,-0.009835537523031235,-0.21850425004959106,11.191828727722168,-276.446533203125,188.7784881591797,-190.53184509277344,-0.30556318163871765,0.03873260319232941,-0.011084562167525291,0.9513190984725952,241,11,0,2020-10-04T11:46:20,1601675126.306844,2020-10-03T00:45:26
1601801194,63000,-0.0016362853348255157,-0.7308705449104309,11.178070068359375,-264.1730041503906,179.42723083496094,-195.2074737548828,-0.3251686096191406,0.022088997066020966,-0.0164929386228323,0.9452541470527649,29,11,0,2020-10-04T11:46:34,1601675140.099576,2020-10-03T00:45:40
1601801212,695000,0.1840142160654068,-0.03229306638240814,11.407218933105469,-330.21624755859375,134.42431640625,-138.51548767089844,-0.22698187828063965,0.05988185852766037,0.06413865089416504,0.9699379205703735,76,11,0,2020-10-04T11:46:52,1601675158.560653,2020-10-03T00:45:58
1601801225,866000,-0.09712891280651093,0.7127525210380554,11.322914123535156,-330.21624755859375,134.42431640625,-138.51548767089844,-0.17456579208374023,0.04040743410587311,0.029064934700727463,0.9833865761756897,117,11,0,2020-10-04T11:47:05,1601675171.972113,2020-10-03T00:46:11
1601801244,201000,0.1329907476902008,-0.21718469262123108,11.532313346862793,-330.21624755859375,134.42431640625,-138.51548767089844,-0.1955268532037735,0.04731980338692665,0.02702430821955204,0.9791831970214844,168,11,0,2020-10-04T11:47:24,1601675189.517149,2020-10-03T00:46:29
1601801276,147000,-0.20878545939922333,0.8582788109779358,11.346060752868652,-330.21624755859375,134.42431640625,-138.51548767089844,-0.1850036084651947,0.05375346913933754,0.05793674290180206,0.9795547723770142,5,11,0,2020-10-04T11:47:56,1601675221.6458359,2020-10-03T00:47:01
1601801289,317000,-0.14542947709560394,0.8852750062942505,11.539275169372559,-330.21624755859375,134.42431640625,-138.51548767089844,-0.18457216024398804,0.037623342126607895,0.059007879346609116,0.9803242683410645,49,11,0,2020-10-04T11:48:09,1601675235.3687959,2020-10-03T00:47:15
1601801308,81000,-0.028238952159881592,0.24456501007080078,11.34213638305664,-256.5751037597656,185.2717742919922,-182.9339599609375,-0.34091922640800476,0.05897999927401543,0.058631181716918945,0.9364068508148193,97,11,0,2020-10-04T11:48:28,1601675253.779408,2020-10-03T00:47:33
1601801321,909000,0.12737944722175598,-0.6670941710472107,11.23914909362793,-221.5078887939453,200.46755981445312,-181.18060302734375,-0.3832962214946747,-0.011006081476807594,-0.010620652697980404,0.9234988689422607,141,11,0,2020-10-04T11:48:41,1601675267.712776,2020-10-03T00:47:47
1601801340,701000,-0.04137662053108215,0.3966870605945587,11.058837890625,-210.4032745361328,237.87258911132812,-201.63645935058594,-0.45389729738235474,0.06774098426103592,0.09058453887701035,0.8838455080986023,188,11,0,2020-10-04T11:49:00,1601675286.380245,2020-10-03T00:48:06
1601801354,246000,-0.027835562825202942,-0.37979549169540405,12.062829971313477,-292.2267761230469,147.28228759765625,-184.1028594970703,-0.26255711913108826,0.00506205391138792,0.03511004149913788,0.9642642140388489,229,11,0,2020-10-04T11:49:14,1601675300.165216,2020-10-03T00:48:20
1601801372,218000,-0.05484341084957123,-0.5129753947257996,11.368268013000488,-264.1730041503906,219.17007446289062,-193.45411682128906,-0.3689210116863251,0.02091459184885025,0.00034035928547382355,0.9292253851890564,20,11,0,2020-10-04T11:49:32,1601675317.6402838,2020-10-03T00:48:37
1601801385,510000,-0.023026004433631897,0.1507261097431183,11.120945930480957,-284.0444030761719,225.59906005859375,-182.34950256347656,-0.3532119691371918,0.06669967621564865,0.049395181238651276,0.9318544268608093,64,11,0,2020-10-04T11:49:45,1601675331.5640168,2020-10-03T00:48:51
1601801403,756000,0.11216865479946136,-0.7740023732185364,11.240439414978027,-254.82174682617188,198.12974548339844,-166.5692596435547,-0.3676699101924896,0.0486472025513649,-0.003319424344226718,0.9286770820617676,112,11,0,2020-10-04T11:50:03,1601675349.580725,2020-10-03T00:49:09
1601801417,298000,0.026990026235580444,0.568873405456543,11.194982528686523,-219.75453186035156,206.31210327148438,-178.25833129882812,-0.37052929401397705,0.030770279467105865,0.04999851807951927,0.9269635081291199,154,11,0,2020-10-04T11:50:17,1601675363.004724,2020-10-03T00:49:23
1601801435,262000,-0.0008552297949790955,-0.18452562391757965,11.247859954833984,-245.47047424316406,178.25833129882812,-192.28521728515625,-0.34309864044189453,0.0263014305382967,0.019224675372242928,0.938734233379364,207,11,0,2020-10-04T11:50:35,1601675381.5785198,2020-10-03T00:49:41
1601801449,357000,-0.042255908250808716,-0.2711428999900818,11.35273551940918,-309.7603759765625,99.9415512084961,-165.98480224609375,-0.23094844818115234,0.07309795916080475,0.10001406818628311,0.9650475382804871,249,11,0,2020-10-04T11:50:49,1601675395.356881,2020-10-03T00:49:55
1601801468,434000,0.05587562918663025,0.5363436937332153,11.205881118774414,-255.99066162109375,153.12681579589844,-199.29864501953125,-0.3232899308204651,0.08365827053785324,0.10601437091827393,0.9366140365600586,44,11,0,2020-10-04T11:51:08,1601675414.127472,2020-10-03T00:50:14
1601801481,960000,-0.03240874409675598,-0.5674384236335754,10.986082077026367,-199.29864501953125,-13.442431449890137,-206.8965606689453,-0.17840103805065155,0.02380317449569702,0.14212937653064728,0.9733476638793945,85,11,0,2020-10-04T11:51:21,1601675427.7607598,2020-10-03T00:50:27
1601801499,920000,-0.051081761717796326,0.16894862055778503,11.659696578979492,-248.3927459716797,219.17007446289062,-191.7007598876953,-0.36633169651031494,0.054404180496931076,0.03363923728466034,0.9282832145690918,134,11,0,2020-10-04T11:51:39,1601675445.611441,2020-10-03T00:50:45
1601801513,740000,0.11473432183265686,0.414938747882843,11.439412117004395,-222.09234619140625,134.42431640625,-187.60958862304688,-0.2901763617992401,-0.019559988752007484,0.07863243669271469,0.9535365700721741,178,11,0,2020-10-04T11:51:53,1601675459.541612,2020-10-03T00:50:59
1601801531,424000,-0.011321038007736206,0.5769863128662109,11.048151016235352,-195.2074737548828,143.1911163330078,-206.31210327148438,-0.3070550262928009,-0.03459745645523071,0.05063477158546448,0.9497138857841492,226,11,0,2020-10-04T11:52:11,1601675476.694913,2020-10-03T00:51:16
1601801545,243000,-0.08445096015930176,0.2881919741630554,8.912473678588867,232.02804565429688,187.02513122558594,-122.73523712158203,-0.8950225114822388,-0.08047384023666382,-0.14765174686908722,0.4131072759628296,14,11,0,2020-10-04T11:52:25,1601675491.072353,2020-10-03T00:51:31
1601801563,495000,-0.24998879432678223,0.022372961044311523,14.55135440826416,50.84745407104492,191.7007598876953,-184.68731689453125,-0.5125370025634766,-0.3188861608505249,-0.21937815845012665,0.7664793729782104,63,11,0,2020-10-04T11:52:43,1601675509.295897,2020-10-03T00:51:49
1601801577,51000,-0.05023193359375,0.22231340408325195,11.524971961975098,248.97720336914062,134.42431640625,-90.59030151367188,0.8959603309631348,0.10942542552947998,0.2573176920413971,-0.3450634181499481,105,11,0,2020-10-04T11:52:57,1601675522.801564,2020-10-03T00:52:02
1601801595,54000,-0.10925793647766113,-0.33084821701049805,11.034159660339355,331.3851623535156,308.5914611816406,57.86090087890625,0.8900055289268494,0.1297437697649002,0.25925058126449585,-0.351917564868927,154,11,0,2020-10-04T11:53:15,1601675540.879765,2020-10-03T00:52:20
1601801626,960000,0.06262683868408203,-0.6923307180404663,10.217484474182129,278.19989013671875,158.38690185546875,-40.91175079345703,-0.9036280512809753,-0.12139856815338135,-0.2955799698829651,0.28522130846977234,247,11,0,2020-10-04T11:53:46,1601675572.40426,2020-10-03T00:52:52
1601801640,22000,0.27187299728393555,0.5319593548774719,12.448044776916504,340.1519775390625,112.79953002929688,16.36469841003418,-0.93672114610672,-0.03003518283367157,-0.2927495241165161,0.18960270285606384,33,11,0,2020-10-04T11:54:00,1601675585.890676,2020-10-03T00:53:05
1601801658,333000,-0.0031055212020874023,0.6401240825653076,11.03506088256836,80.65459442138672,133.83985900878906,-198.71420288085938,-0.5935226678848267,-0.21270231902599335,-0.13142970204353333,0.76499342918396,80,11,0,2020-10-04T11:54:18,1601675604.060441,2020-10-03T00:53:24
1601801671,956000,0.19133588671684265,0.622710108757019,10.699784278869629,-71.88778686523438,112.21508026123047,-218.0011749267578,0.281938761472702,0.24619156122207642,0.031299129128456116,-0.9267797470092773,124,11,0,2020-10-04T11:54:31,1601675617.721756,2020-10-03T00:53:37
1601801690,303000,0.07502949237823486,0.5775883197784424,11.290063858032227,148.45118713378906,185.85621643066406,-161.8936309814453,-0.7186376452445984,-0.18997271358966827,-0.1900683343410492,0.6413614749908447,171,11,0,2020-10-04T11:54:50,1601675635.4050078,2020-10-03T00:53:55
1601801704,69000,-0.043509602546691895,-0.05446481704711914,11.024837493896484,59.614261627197266,277.61541748046875,-159.55581665039062,-0.6291208267211914,-0.21491402387619019,-0.18297193944454193,0.7242515683174133,216,11,0,2020-10-04T11:55:04,1601675650.084408,2020-10-03T00:54:10
1601801721,950000,0.16208839416503906,-2.10785174369812,10.402012825012207,0.0,0.0,0.0,0.6122488975524902,0.25531691312789917,0.26780271530151367,-0.6987462043762207,7,11,0,2020-10-04T11:55:21,1601675667.7000048,2020-10-03T00:54:27
1601801735,645000,-0.6824795603752136,3.095472812652588,10.483637809753418,0.0,0.0,0.0,0.6364358067512512,0.1379578858613968,0.033603083342313766,-0.758147656917572,52,11,0,2020-10-04T11:55:35,1601675681.554237,2020-10-03T00:54:41
1601801753,97000,1.1674762964248657,-0.5532091856002808,10.896870613098145,-1640.5611572265625,2240.210205078125,1731.1513671875,-0.6530662178993225,-0.17654038965702057,-0.2279839813709259,0.7002580165863037,101,11,0,2020-10-04T11:55:53,1601675698.979256,2020-10-03T00:54:58
1601801766,747000,0.22298729419708252,-0.5450270175933838,9.88970947265625,-1521.9169921875,1807.13037109375,1683.810546875,-0.6448286175727844,-0.20704327523708344,-0.20450057089328766,0.7067593336105347,146,11,0,2020-10-04T11:56:06,1601675712.713656,2020-10-03T00:55:12
1601801784,409000,0.13237100839614868,0.7292934656143188,11.979730606079102,-1823.4949951171875,1829.339599609375,1538.8662109375,-0.5707417130470276,-0.2262703776359558,-0.12981857359409332,0.7785902619361877,192,11,0,2020-10-04T11:56:24,1601675730.0615768,2020-10-03T00:55:30
1601801797,554000,0.03613901138305664,-0.17238134145736694,10.92180347442627,0.0,0.0,0.0,-0.91484135389328,-0.1050695925951004,-0.2653616666793823,0.28567269444465637,241,11,0,2020-10-04T11:56:37,1601675746.90776,2020-10-03T00:55:46
1601801815,768000,0.5442430973052979,-0.5735354423522949,10.76478099822998,-1434.8333740234375,1838.69091796875,1840.4442138671875,0.6684074997901917,0.19307257235050201,0.23874902725219727,-0.6774609088897705,27,11,0,2020-10-04T11:56:55,1601675761.697284,2020-10-03T00:56:01
1601801829,309000,0.1844574213027954,-0.45220625400543213,11.3541841506958,-1710.695556640625,1939.216796875,1573.933349609375,-0.5835744142532349,-0.21624568104743958,-0.20127151906490326,0.7564182281494141,70,11,0,2020-10-04T11:57:09,1601675779.254988,2020-10-03T00:56:19
1601801847,984000,-0.0031832754611968994,2.6754140853881836,10.507747650146484,0.0,0.0,0.0,-0.6297720074653625,-0.13590508699417114,-0.062348973006010056,0.7622530460357666,112,11,0,2020-10-04T11:57:27,1601675794.039208,2020-10-03T00:56:34
1601801861,250000,0.26621365547180176,-0.7700638771057129,10.49483871459961,-1609.5850830078125,2071.303466796875,1676.2127685546875,-0.6438590884208679,-0.20016469061374664,-0.20490248501300812,0.7095029950141907,156,11,0,2020-10-04T11:57:41,1601675810.470829,2020-10-03T00:56:50
1601801879,933000,-0.12455391883850098,-0.6945829391479492,10.440174102783203,331.9696044921875,59.614261627197266,84.16130828857422,0.9476941227912903,0.06735347211360931,0.2989230155944824,-0.08935482800006866,200,11,0,2020-10-04T11:57:59,1601675825.771916,2020-10-03T00:57:05
1601801893,786000,-0.07383084297180176,-0.5181849598884583,10.485095024108887,204.55874633789062,-126.2419662475586,-12.273524284362793,-0.8979067802429199,0.07384472340345383,-0.27589866518974304,-0.3349481523036957,246,11,0,2020-10-04T11:58:13,1601675840.001477,2020-10-03T00:57:20
1601801911,819000,-3.786367416381836,-3.1281399726867676,9.434402465820312,-33.31385040283203,30.391582489013672,-191.7007598876953,0.8170475959777832,-0.13134735822677612,0.0008684623753651977,0.5614092350006104,38,11,0,2020-10-04T11:58:31,1601675857.966841,2020-10-03T00:57:37
1601801925,42000,0.08435320854187012,-0.43171632289886475,11.342004776000977,-1654.5880126953125,1829.339599609375,1634.132080078125,-0.622040867805481,-0.2251301109790802,-0.20278215408325195,0.7219840288162231,82,11,0,2020-10-04T11:58:45,1601675875.0970678,2020-10-03T00:57:55
1601801943,41000,0.20803892612457275,-0.9222877025604248,10.741228103637695,-1749.8538818359375,2092.92822265625,1597.89599609375,0.6582256555557251,0.21672818064689636,0.20760367810726166,-0.6904118061065674,128,11,0,2020-10-04T11:59:03,1601675889.158141,2020-10-03T00:58:09
1601801955,942000,0.29675018787384033,-0.6112426519393921,10.99914836883545,-1590.882568359375,2160.724609375,1735.8270263671875,0.6851081848144531,0.18844912946224213,0.2174517661333084,-0.6691997647285461,169,11,0,2020-10-04T11:59:15,1601675905.47664,2020-10-03T00:58:25
1601801975,48000,0.8483148813247681,-0.2797755002975464,11.610560417175293,105.78609466552734,369.9590759277344,-121.56632995605469,-0.6844596862792969,-0.19030718505382538,-0.2303992360830307,0.6649919748306274,215,11,0,2020-10-04T11:59:35,1601675920.914244,2020-10-03T00:58:40
1601801988,463000,-0.025084495544433594,0.49260663986206055,11.0751314163208,218.0011749267578,181.76504516601562,-75.39450073242188,0.8655946850776672,0.12150794267654419,0.22043639421463013,-0.43288496136665344,6,11,0,2020-10-04T11:59:48,1601675937.495168,2020-10-03T00:58:57
1601802006,985000,-0.07525753974914551,-0.5366116166114807,11.084578514099121,-86.4991226196289,248.3927459716797,-218.0011749267578,-0.43899086117744446,-0.2664983570575714,-0.14188723266124725,0.8462468385696411,56,11,0,2020-10-04T12:00:06,1601675952.946445,2020-10-03T00:59:12
1601802020,683000,0.045986056327819824,-0.1688765287399292,10.976434707641602,170.66043090820312,277.61541748046875,-112.21508026123047,-0.7648329138755798,-0.19108791649341583,-0.2320840209722519,0.5697833299636841,103,11,0,2020-10-04T12:00:20,1601675967.0060968,2020-10-03T00:59:27
1601802038,210000,0.0019403696060180664,-0.05660665035247803,10.513341903686523,146.6978302001953,386.9082336425781,-87.66802978515625,-0.7387088537216187,-0.19344516098499298,-0.21743501722812653,0.607955813407898,151,11,0,2020-10-04T12:00:38,1601675984.395061,2020-10-03T00:59:44
1601802049,783000,2.2227606773376465,-0.7277545928955078,10.33181095123291,0.0,0.0,0.0,-0.9188664555549622,-0.058213863521814346,-0.36980319023132324,0.12466432899236679,193,11,0,2020-10-04T12:00:49,1601675997.648892,2020-10-03T00:59:57
1601802059,855000,-1.4602705240249634,-0.8633874654769897,13.068094253540039,281.1221618652344,61.367618560791016,46.17182922363281,0.1411418616771698,0.3386066257953644,0.08144201338291168,-0.9267101287841797,241,11,0,2020-10-04T12:00:59,1601676006.0077798,2020-10-03T01:00:06
1601802066,57000,0.36342912912368774,-0.9638016223907471,-12.191990852355957,0.0,0.0,0.0,-0.06815723329782486,0.8733369708061218,0.41532811522483826,0.24523410201072693,29,11,0,2020-10-04T12:01:06,1601676014.915452,2020-10-03T01:00:14
1601802076,781000,0.018712520599365234,0.332314133644104,10.823201179504395,281.1221618652344,61.367618560791016,46.17182922363281,-0.9595547914505005,-0.010237728245556355,-0.25110679864883423,0.1268671751022339,73,11,0,2020-10-04T12:01:16,1601676023.151813,2020-10-03T01:00:23
1601802086,724000,0.0665435791015625,-0.5125275254249573,10.119085311889648,281.1221618652344,61.367618560791016,46.17182922363281,0.9550379514694214,0.057388804852962494,0.27136150002479553,-0.10474765300750732,116,11,0,2020-10-04T12:01:26,1601676032.261952,2020-10-03T01:00:32
1601802095,207000,-0.6443037986755371,-0.21458514034748077,11.430294036865234,0.0,0.0,0.0,-0.9629932641983032,-0.01599588431417942,-0.2620770335197449,0.06085824966430664,160,11,0,2020-10-04T12:01:35,1601676041.137889,2020-10-03T01:00:41
1601802102,698000,-0.0678858757019043,-0.4826183319091797,10.616353988647461,281.1221618652344,61.367618560791016,46.17182922363281,-0.961217999458313,-0.03770264610648155,-0.27023011445999146,0.04017733037471771,205,11,0,2020-10-04T12:01:42,1601676050.65266,2020-10-03T01:00:50
1601802111,829000,-0.039398193359375,-0.28813400864601135,11.0166015625,281.1221618652344,61.367618560791016,46.17182922363281,0.9529674649238586,0.05207527428865433,0.27364012598991394,-0.11942484229803085,248,11,0,2020-10-04T12:01:51,1601676058.753089,2020-10-03T01:00:58
1601802119,889000,0.6881506443023682,-2.7142984867095947,9.464275360107422,0.0,0.0,0.0,0.9359646439552307,0.16587896645069122,0.3033030927181244,-0.0667954608798027,35,11,0,2020-10-04T12:01:59,1601676067.5329049,2020-10-03T01:01:07
1601802130,543000,0.15255403518676758,0.3251577913761139,10.704937934875488,281.1221618652344,61.367618560791016,46.17182922363281,0.9501888751983643,0.03516071289777756,0.27765870094299316,-0.1371513456106186,81,11,0,2020-10-04T12:02:10,1601676076.789584,2020-10-03T01:01:16
1601802140,549000,0.0,0.0,0.0,281.1221618652344,61.367618560791016,46.17182922363281,1.0,0.0,0.0,0.0,128,11,0,2020-10-04T12:02:20,1601676086.587013,2020-10-03T01:01:26
1601802148,426000,0.0,0.0,0.0,281.1221618652344,61.367618560791016,46.17182922363281,1.0,0.0,0.0,0.0,172,11,0,2020-10-04T12:02:28,1601676094.7755249,2020-10-03T01:01:34
1601802154,170000,0.0,0.0,0.0,281.1221618652344,61.367618560791016,46.17182922363281,1.0,0.0,0.0,0.0,216,11,0,2020-10-04T12:02:34,1601676104.754721,2020-10-03T01:01:44
1601802166,971000,0.0,0.0,0.0,281.1221618652344,61.367618560791016,46.17182922363281,1.0,0.0,0.0,0.0,1,11,0,2020-10-04T12:02:46,1601676113.1807919,2020-10-03T01:01:53
1601802176,369000,0.0,0.0,0.0,281.1221618652344,61.367618560791016,46.17182922363281,1.0,0.0,0.0,0.0,46,11,0,2020-10-04T12:02:56,1601676121.289805,2020-10-03T01:02:01
1601802191,25000,0.0,0.0,0.0,281.1221618652344,61.367618560791016,46.17182922363281,1.0,0.0,0.0,0.0,114,11,0,2020-10-04T12:03:11,1601676135.616201,2020-10-03T01:02:15
1601802195,959000,0.0,0.0,0.0,281.1221618652344,61.367618560791016,46.17182922363281,1.0,0.0,0.0,0.0,157,11,0,2020-10-04T12:03:15,1601676144.69978,2020-10-03T01:02:24
1601802203,471000,0.0,0.0,0.0,281.1221618652344,61.367618560791016,46.17182922363281,1.0,0.0,0.0,0.0,202,11,0,2020-10-04T12:03:23,1601676152.43138,2020-10-03T01:02:32
1601802214,297000,0.0,0.0,0.0,281.1221618652344,61.367618560791016,46.17182922363281,1.0,0.0,0.0,0.0,252,11,0,2020-10-04T12:03:34,1601676162.7777438,2020-10-03T01:02:42
1601802226,651000,0.0,0.0,0.0,281.1221618652344,61.367618560791016,46.17182922363281,1.0,0.0,0.0,0.0,51,11,0,2020-10-04T12:03:46,1601676172.669328,2020-10-03T01:02:52
1601802234,861000,0.0,0.0,0.0,281.1221618652344,61.367618560791016,46.17182922363281,1.0,0.0,0.0,0.0,95,11,0,2020-10-04T12:03:54,1601676180.746973,2020-10-03T01:03:00
1601802242,613000,0.0,0.0,0.0,281.1221618652344,61.367618560791016,46.17182922363281,1.0,0.0,0.0,0.0,138,11,0,2020-10-04T12:04:02,1601676188.744153,2020-10-03T01:03:08
1601802252,198000,0.0,0.0,0.0,281.1221618652344,61.367618560791016,46.17182922363281,1.0,0.0,0.0,0.0,185,11,0,2020-10-04T12:04:12,1601676198.401216,2020-10-03T01:03:18
1601802280,925000,0.0,0.0,0.0,281.1221618652344,61.367618560791016,46.17182922363281,1.0,0.0,0.0,0.0,229,11,0,2020-10-04T12:04:40,1601676207.652205,2020-10-03T01:03:27
1601802270,660000,0.0,0.0,0.0,281.1221618652344,61.367618560791016,46.17182922363281,1.0,0.0,0.0,0.0,17,11,0,2020-10-04T12:04:30,1601676216.77144,2020-10-03T01:03:36
1601802277,853000,0.0,0.0,0.0,281.1221618652344,61.367618560791016,46.17182922363281,1.0,0.0,0.0,0.0,56,11,0,2020-10-04T12:04:37,1601676224.218792,2020-10-03T01:03:44
1601802288,640000,0.0,0.0,0.0,281.1221618652344,61.367618560791016,46.17182922363281,1.0,0.0,0.0,0.0,101,11,0,2020-10-04T12:04:48,1601676234.5482929,2020-10-03T01:03:54
1601802296,321000,0.0,0.0,0.0,281.1221618652344,61.367618560791016,46.17182922363281,1.0,0.0,0.0,0.0,146,11,0,2020-10-04T12:04:56,1601676242.163172,2020-10-03T01:04:02
1601802306,353000,0.0,0.0,0.0,281.1221618652344,61.367618560791016,46.17182922363281,1.0,0.0,0.0,0.0,192,11,0,2020-10-04T12:05:06,1601676251.316577,2020-10-03T01:04:11
1601802308,658000,0.0,0.0,0.0,281.1221618652344,61.367618560791016,46.17182922363281,1.0,0.0,0.0,0.0,235,11,0,2020-10-04T12:05:08,1601676259.3396208,2020-10-03T01:04:19
1601802323,836000,0.0,0.0,0.0,281.1221618652344,61.367618560791016,46.17182922363281,1.0,0.0,0.0,0.0,24,11,0,2020-10-04T12:05:23,1601676268.579109,2020-10-03T01:04:28
1601802331,713000,0.0,0.0,0.0,281.1221618652344,61.367618560791016,46.17182922363281,1.0,0.0,0.0,0.0,71,11,0,2020-10-04T12:05:31,1601676277.435561,2020-10-03T01:04:37
1601802339,840000,0.0,0.0,0.0,281.1221618652344,61.367618560791016,46.17182922363281,1.0,0.0,0.0,0.0,119,11,0,2020-10-04T12:05:39,1601676287.0745409,2020-10-03T01:04:47
1601802362,757000,0.0,0.0,0.0,281.1221618652344,61.367618560791016,46.17182922363281,1.0,0.0,0.0,0.0,160,11,0,2020-10-04T12:06:02,1601676294.4144049,2020-10-03T01:04:54
1601802356,890000,0.0,0.0,0.0,281.1221618652344,61.367618560791016,46.17182922363281,1.0,0.0,0.0,0.0,206,11,0,2020-10-04T12:05:56,1601676303.314244,2020-10-03T01:05:03
1601802366,330000,0.0,0.0,0.0,281.1221618652344,61.367618560791016,46.17182922363281,1.0,0.0,0.0,0.0,251,11,0,2020-10-04T12:06:06,1601676312.4414809,2020-10-03T01:05:12
1601802376,131000,0.0,0.0,0.0,281.1221618652344,61.367618560791016,46.17182922363281,1.0,0.0,0.0,0.0,40,11,0,2020-10-04T12:06:16,1601676321.813905,2020-10-03T01:05:21
1601802385,429000,0.0,0.0,0.0,281.1221618652344,61.367618560791016,46.17182922363281,1.0,0.0,0.0,0.0,87,11,0,2020-10-04T12:06:25,1601676330.385577,2020-10-03T01:05:30
1601802391,72000,0.0,0.0,0.0,281.1221618652344,61.367618560791016,46.17182922363281,1.0,0.0,0.0,0.0,133,11,0,2020-10-04T12:06:31,1601676339.6184208,2020-10-03T01:05:39
1601802395,788000,0.0,0.0,0.0,281.1221618652344,61.367618560791016,46.17182922363281,1.0,0.0,0.0,0.0,177,11,0,2020-10-04T12:06:35,1601676347.37994,2020-10-03T01:05:47
1601802410,923000,0.0,0.0,0.0,-81.23904418945312,304.5002746582031,-203.3898162841797,1.0,0.0,0.0,0.0,224,11,0,2020-10-04T12:06:50,1601676357.477385,2020-10-03T01:05:57
1601802434,746000,0.0,0.0,0.0,-16.94915199279785,512.5657348632812,-116.3062515258789,1.0,0.0,0.0,0.0,13,11,0,2020-10-04T12:07:14,1601676365.336861,2020-10-03T01:06:05
1601802428,869000,0.0,0.0,0.0,-16.94915199279785,512.5657348632812,-116.3062515258789,1.0,0.0,0.0,0.0,57,11,0,2020-10-04T12:07:08,1601676375.1700208,2020-10-03T01:06:15
1601802436,612000,0.0,0.0,0.0,-16.94915199279785,512.5657348632812,-116.3062515258789,1.0,0.0,0.0,0.0,97,11,0,2020-10-04T12:07:16,1601676382.860404,2020-10-03T01:06:22
1601802444,3000,0.0,0.0,0.0,-16.94915199279785,512.5657348632812,-116.3062515258789,1.0,0.0,0.0,0.0,143,11,0,2020-10-04T12:07:24,1601676392.6724238,2020-10-03T01:06:32
1601802456,139000,0.0,0.0,0.0,-16.94915199279785,512.5657348632812,-116.3062515258789,1.0,0.0,0.0,0.0,188,11,0,2020-10-04T12:07:36,1601676401.373709,2020-10-03T01:06:41
1601802464,156000,0.0,0.0,0.0,-16.94915199279785,512.5657348632812,-116.3062515258789,1.0,0.0,0.0,0.0,232,11,0,2020-10-04T12:07:44,1601676410.240684,2020-10-03T01:06:50
1601802471,470000,0.0,0.0,0.0,-16.94915199279785,512.5657348632812,-116.3062515258789,1.0,0.0,0.0,0.0,17,11,0,2020-10-04T12:07:51,1601676418.057344,2020-10-03T01:06:58
1601802479,262000,0.0,0.0,0.0,-16.94915199279785,512.5657348632812,-116.3062515258789,1.0,0.0,0.0,0.0,63,11,0,2020-10-04T12:07:59,1601676427.819509,2020-10-03T01:07:07
1601802491,511000,0.0,0.0,0.0,-16.94915199279785,512.5657348632812,-116.3062515258789,1.0,0.0,0.0,0.0,110,11,0,2020-10-04T12:08:11,1601676436.546953,2020-10-03T01:07:16
1601802497,35000,0.0,0.0,0.0,-16.94915199279785,512.5657348632812,-116.3062515258789,1.0,0.0,0.0,0.0,156,11,0,2020-10-04T12:08:17,1601676445.610424,2020-10-03T01:07:25
1601802509,275000,0.0,0.0,0.0,-16.94915199279785,512.5657348632812,-116.3062515258789,1.0,0.0,0.0,0.0,201,11,0,2020-10-04T12:08:29,1601676454.246641,2020-10-03T01:07:34
1601802516,511000,0.0,0.0,0.0,-16.94915199279785,512.5657348632812,-116.3062515258789,1.0,0.0,0.0,0.0,243,11,0,2020-10-04T12:08:36,1601676462.6181529,2020-10-03T01:07:42
1601802521,789000,0.0,0.0,0.0,-16.94915199279785,512.5657348632812,-116.3062515258789,1.0,0.0,0.0,0.0,34,11,0,2020-10-04T12:08:41,1601676472.6882439,2020-10-03T01:07:52
1601802534,756000,0.0,0.0,0.0,-16.94915199279785,512.5657348632812,-116.3062515258789,1.0,0.0,0.0,0.0,78,11,0,2020-10-04T12:08:54,1601676480.681717,2020-10-03T01:08:00
1601802544,773000,0.0,0.0,0.0,-16.94915199279785,512.5657348632812,-116.3062515258789,1.0,0.0,0.0,0.0,126,11,0,2020-10-04T12:09:04,1601676490.513957,2020-10-03T01:08:10
1601802547,571000,0.0,0.0,0.0,-16.94915199279785,512.5657348632812,-116.3062515258789,1.0,0.0,0.0,0.0,169,11,0,2020-10-04T12:09:07,1601676498.825405,2020-10-03T01:08:18
1601802560,382000,0.0,0.0,0.0,-16.94915199279785,512.5657348632812,-116.3062515258789,1.0,0.0,0.0,0.0,216,11,0,2020-10-04T12:09:20,1601676507.084228,2020-10-03T01:08:27
1601802569,610000,0.0,0.0,0.0,-16.94915199279785,512.5657348632812,-116.3062515258789,1.0,0.0,0.0,0.0,6,11,0,2020-10-04T12:09:29,1601676516.5411448,2020-10-03T01:08:36
1601802580,385000,0.0,0.0,0.0,-16.94915199279785,512.5657348632812,-116.3062515258789,1.0,0.0,0.0,0.0,53,11,0,2020-10-04T12:09:40,1601676526.2719169,2020-10-03T01:08:46
1601802588,48000,0.0,0.0,0.0,-16.94915199279785,512.5657348632812,-116.3062515258789,1.0,0.0,0.0,0.0,95,11,0,2020-10-04T12:09:48,1601676534.2434368,2020-10-03T01:08:54
1601802593,179000,0.0,0.0,0.0,-16.94915199279785,512.5657348632812,-116.3062515258789,1.0,0.0,0.0,0.0,142,11,0,2020-10-04T12:09:53,1601676543.929133,2020-10-03T01:09:03
1601802607,710000,0.0,0.0,0.0,-16.94915199279785,512.5657348632812,-116.3062515258789,1.0,0.0,0.0,0.0,195,11,0,2020-10-04T12:10:07,1601676553.910585,2020-10-03T01:09:13
1601802615,316000,0.0,0.0,0.0,-16.94915199279785,512.5657348632812,-116.3062515258789,1.0,0.0,0.0,0.0,239,11,0,2020-10-04T12:10:15,1601676562.463145,2020-10-03T01:09:22
1601802618,6000,0.0,0.0,0.0,-16.94915199279785,512.5657348632812,-116.3062515258789,1.0,0.0,0.0,0.0,27,11,0,2020-10-04T12:10:18,1601676570.53932,2020-10-03T01:09:30
1601802632,39000,0.0,0.0,0.0,-16.94915199279785,512.5657348632812,-116.3062515258789,1.0,0.0,0.0,0.0,73,11,0,2020-10-04T12:10:32,1601676580.2947328,2020-10-03T01:09:40
1601802643,770000,0.0,0.0,0.0,-16.94915199279785,512.5657348632812,-116.3062515258789,1.0,0.0,0.0,0.0,120,11,0,2020-10-04T12:10:43,1601676589.738345,2020-10-03T01:09:49
1601802651,231000,0.0,0.0,0.0,75.97895812988281,234.36585998535156,-112.21508026123047,1.0,0.0,0.0,0.0,163,11,0,2020-10-04T12:10:51,1601676597.526324,2020-10-03T01:09:57
1601802658,715000,0.0,0.0,0.0,87.08358001708984,415.5464782714844,-96.43482971191406,1.0,0.0,0.0,0.0,206,11,0,2020-10-04T12:10:58,1601676606.3305929,2020-10-03T01:10:06
1601802666,348000,0.0,0.0,0.0,119.22852325439453,431.9111633300781,-60.783164978027344,1.0,0.0,0.0,0.0,251,11,0,2020-10-04T12:11:06,1601676615.251885,2020-10-03T01:10:15
1601802676,913000,0.0,0.0,0.0,-68.96551513671875,374.63470458984375,-189.36294555664062,1.0,0.0,0.0,0.0,40,11,0,2020-10-04T12:11:16,1601676624.6329238,2020-10-03T01:10:24
1601802686,818000,0.0,0.0,0.0,-26.3004093170166,261.8351745605469,-181.76504516601562,1.0,0.0,0.0,0.0,84,11,0,2020-10-04T12:11:26,1601676634.005964,2020-10-03T01:10:34
1601802695,544000,0.0,0.0,0.0,135.5932159423828,156.04908752441406,-20.455875396728516,1.0,0.0,0.0,0.0,123,11,0,2020-10-04T12:11:35,1601676641.6023679,2020-10-03T01:10:41
1601802704,13000,0.0,0.0,0.0,-186.440673828125,206.8965606689453,-218.0011749267578,1.0,0.0,0.0,0.0,170,11,0,2020-10-04T12:11:44,1601676651.636165,2020-10-03T01:10:51
1601802714,734000,0.0,0.0,0.0,-59.614261627197266,561.0753784179688,-126.2419662475586,1.0,0.0,0.0,0.0,216,11,0,2020-10-04T12:11:54,1601676660.779096,2020-10-03T01:11:00
1601802717,658000,0.0,0.0,0.0,55.52308654785156,529.514892578125,-73.64114379882812,1.0,0.0,0.0,0.0,1,11,0,2020-10-04T12:11:57,1601676668.2533479,2020-10-03T01:11:08
1601802727,26000,0.0,0.0,0.0,-144.36001586914062,271.1864318847656,-228.52133178710938,1.0,0.0,0.0,0.0,45,11,0,2020-10-04T12:12:07,1601676677.3451009,2020-10-03T01:11:17
1601802736,906000,0.0,0.0,0.0,-127.41087341308594,278.7843322753906,-218.0011749267578,1.0,0.0,0.0,0.0,92,11,0,2020-10-04T12:12:16,1601676686.0058088,2020-10-03T01:11:26
1601802747,141000,0.0,0.0,0.0,-177.08941650390625,151.3734588623047,-209.234375,1.0,0.0,0.0,0.0,137,11,0,2020-10-04T12:12:27,1601676694.625633,2020-10-03T01:11:34
1601802756,749000,0.0,0.0,0.0,120.39742279052734,267.6797180175781,-77.73231506347656,1.0,0.0,0.0,0.0,185,11,0,2020-10-04T12:12:36,1601676704.4470448,2020-10-03T01:11:44
1601802766,825000,0.0,0.0,0.0,143.77557373046875,129.74868774414062,16.36469841003418,1.0,0.0,0.0,0.0,229,11,0,2020-10-04T12:12:46,1601676712.9657729,2020-10-03T01:11:52
1601802771,692000,0.0,0.0,0.0,-1608.4161376953125,2031.5604248046875,445.3536071777344,1.0,0.0,0.0,0.0,18,11,0,2020-10-04T12:12:51,1601676722.005296,2020-10-03T01:12:02
1601802784,803000,0.0,0.0,0.0,-1783.167724609375,2365.283447265625,423.72882080078125,1.0,0.0,0.0,0.0,65,11,0,2020-10-04T12:13:04,1601676730.768061,2020-10-03T01:12:10
1601802792,108000,0.0,0.0,0.0,-1664.523681640625,2118.64404296875,441.2624206542969,1.0,0.0,0.0,0.0,104,11,0,2020-10-04T12:13:12,1601676738.2403889,2020-10-03T01:12:18
1601802799,703000,0.0,0.0,0.0,-1900.642822265625,2066.627685546875,388.6615905761719,1.0,0.0,0.0,0.0,146,11,0,2020-10-04T12:13:19,1601676748.041117,2020-10-03T01:12:28
1601802810,98000,0.0,0.0,0.0,-1688.4862060546875,1856.224365234375,442.43133544921875,1.0,0.0,0.0,0.0,191,11,0,2020-10-04T12:13:30,1601676756.247244,2020-10-03T01:12:36
1601802817,691000,0.0,0.0,0.0,-1879.01806640625,2536.5283203125,443.6002502441406,1.0,0.0,0.0,0.0,234,11,0,2020-10-04T12:13:37,1601676765.50034,2020-10-03T01:12:45
1601802822,610000,0.0,0.0,0.0,-1740.5025634765625,2144.9443359375,410.870849609375,1.0,0.0,0.0,0.0,28,11,0,2020-10-04T12:13:42,1601676775.131764,2020-10-03T01:12:55
1601802837,661000,0.0,0.0,0.0,-1849.2109375,2130.333251953125,394.5061340332031,1.0,0.0,0.0,0.0,68,11,0,2020-10-04T12:13:57,1601676782.904485,2020-10-03T01:13:02
1601802844,918000,0.0,0.0,0.0,-1600.2337646484375,2304.500244140625,479.25189208984375,1.0,0.0,0.0,0.0,113,11,0,2020-10-04T12:14:04,1601676792.395572,2020-10-03T01:13:12
1601802867,831000,0.0,0.0,0.0,-1903.565185546875,2046.171875,390.9994201660156,1.0,0.0,0.0,0.0,153,11,0,2020-10-04T12:14:27,1601676800.7557518,2020-10-03T01:13:20
1601802880,772000,0.0,0.0,0.0,-1610.75390625,2251.8994140625,468.7317199707031,1.0,0.0,0.0,0.0,194,11,0,2020-10-04T12:14:40,1601676808.791061,2020-10-03T01:13:28
1601802870,216000,0.0,0.0,0.0,-1863.2379150390625,2047.92529296875,392.7527770996094,1.0,0.0,0.0,0.0,238,11,0,2020-10-04T12:14:30,1601676817.749476,2020-10-03T01:13:37
1601802880,367000,0.0,0.0,0.0,-1710.1109619140625,2194.03857421875,424.8977355957031,1.0,0.0,0.0,0.0,27,11,0,2020-10-04T12:14:40,1601676826.9290369,2020-10-03T01:13:46
1601802890,464000,0.0,0.0,0.0,-1864.4068603515625,2217.416748046875,392.7527770996094,1.0,0.0,0.0,0.0,70,11,0,2020-10-04T12:14:50,1601676835.614408,2020-10-03T01:13:55
1601802898,37000,0.0,0.0,0.0,-1856.224365234375,2026.3004150390625,396.84393310546875,1.0,0.0,0.0,0.0,120,11,0,2020-10-04T12:14:58,1601676845.5640888,2020-10-03T01:14:05
1601802905,675000,0.0,0.0,0.0,-1895.3828125,2316.77392578125,400.35064697265625,1.0,0.0,0.0,0.0,160,11,0,2020-10-04T12:15:05,1601676853.299636,2020-10-03T01:14:13
1601802915,758000,0.0,0.0,0.0,-1845.119873046875,2143.191162109375,399.7662048339844,1.0,0.0,0.0,0.0,205,11,0,2020-10-04T12:15:15,1601676863.046453,2020-10-03T01:14:23
1601802925,569000,0.0,0.0,0.0,-1742.256103515625,2420.221923828125,451.1981201171875,1.0,0.0,0.0,0.0,246,11,0,2020-10-04T12:15:25,1601676870.982709,2020-10-03T01:14:30
1601802930,944000,0.0,0.0,0.0,-1782.583251953125,1995.3243408203125,409.11749267578125,1.0,0.0,0.0,0.0,31,11,0,2020-10-04T12:15:30,1601676879.353889,2020-10-03T01:14:39
1601802958,251000,0.0,0.0,0.0,-1649.912353515625,2228.521240234375,447.69140625,1.0,0.0,0.0,0.0,74,11,0,2020-10-04T12:15:58,1601676888.0854049,2020-10-03T01:14:48
1601802950,681000,0.0,0.0,0.0,-1664.523681640625,2324.956298828125,457.04266357421875,1.0,0.0,0.0,0.0,121,11,0,2020-10-04T12:15:50,1601676897.135213,2020-10-03T01:14:57
1601802958,225000,0.0,0.0,0.0,-1956.7503662109375,2072.472412109375,382.8170471191406,1.0,0.0,0.0,0.0,165,11,0,2020-10-04T12:15:58,1601676905.199796,2020-10-03T01:15:05
1601802966,601000,0.0,0.0,0.0,-1618.351806640625,2034.482666015625,462.88720703125,1.0,0.0,0.0,0.0,208,11,0,2020-10-04T12:16:06,1601676913.4866118,2020-10-03T01:15:13
1601802966,364000,0.0,0.0,0.0,-1889.538330078125,2273.524169921875,397.42840576171875,1.0,0.0,0.0,0.0,237,11,0,2020-10-04T12:16:06,1601676920.8223839,2020-10-03T01:15:20
1601802966,738000,0.0,0.0,0.0,-1638.8077392578125,2103.448486328125,452.3670349121094,1.0,0.0,0.0,0.0,46,11,0,2020-10-04T12:16:06,1601676935.493873,2020-10-03T01:15:35
1601802966,764000,0.0,0.0,0.0,-1769.725341796875,2203.389892578125,413.2086486816406,1.0,0.0,0.0,0.0,81,11,0,2020-10-04T12:16:06,1601676943.4902,2020-10-03T01:15:43
1601802966,404000,0.0,0.0,0.0,-1663.354736328125,2281.122314453125,457.6271057128906,1.0,0.0,0.0,0.0,129,11,0,2020-10-04T12:16:06,1601676953.17922,2020-10-03T01:15:53
1601802966,564000,0.0,0.0,0.0,-1783.752197265625,2037.405029296875,410.2864074707031,1.0,0.0,0.0,0.0,188,11,0,2020-10-04T12:16:06,1601676967.218596,2020-10-03T01:16:07
1601802966,323000,0.0,0.0,0.0,-1908.8253173828125,1932.203369140625,403.2729187011719,1.0,0.0,0.0,0.0,15,11,0,2020-10-04T12:16:06,1601676996.760964,2020-10-03T01:16:36
1601802966,42000,0.0,0.0,0.0,-1677.381591796875,2245.470458984375,443.6002502441406,1.0,0.0,0.0,0.0,55,11,0,2020-10-04T12:16:06,1601677004.0421329,2020-10-03T01:16:44
1601802966,180000,0.0,0.0,0.0,-135.00877380371094,375.8036193847656,-206.8965606689453,1.0,0.0,0.0,0.0,97,11,0,2020-10-04T12:16:06,1601677011.5320408,2020-10-03T01:16:51
1601802966,267000,0.0,0.0,0.0,-222.6768035888672,498.5388488769531,-226.76797485351562,1.0,0.0,0.0,0.0,136,11,0,2020-10-04T12:16:06,1601677019.116401,2020-10-03T01:16:59
1601802966,346000,0.0,0.0,0.0,-72.47223663330078,663.354736328125,-89.42139434814453,1.0,0.0,0.0,0.0,174,11,0,2020-10-04T12:16:06,1601677025.754221,2020-10-03T01:17:05
1601802966,259000,0.0,0.0,0.0,136.17767333984375,349.5032043457031,40.91175079345703,1.0,0.0,0.0,0.0,213,11,0,2020-10-04T12:16:06,1601677033.572268,2020-10-03T01:17:13
1601802966,407000,0.0,0.0,0.0,80.07013702392578,239.62594604492188,-16.94915199279785,1.0,0.0,0.0,0.0,21,11,0,2020-10-04T12:16:06,1601677045.352468,2020-10-03T01:17:25
1601802966,770000,0.0,0.0,0.0,-163.0625457763672,534.7749633789062,-192.86965942382812,1.0,0.0,0.0,0.0,66,11,0,2020-10-04T12:16:06,1601677053.711277,2020-10-03T01:17:33
1601802966,830000,0.0,0.0,0.0,-209.234375,649.912353515625,-176.50497436523438,1.0,0.0,0.0,0.0,104,11,0,2020-10-04T12:16:06,1601677060.317304,2020-10-03T01:17:40
1601802966,797000,0.0,0.0,0.0,44.4184684753418,299.2402038574219,-94.68147277832031,1.0,0.0,0.0,0.0,146,11,0,2020-10-04T12:16:06,1601677067.430233,2020-10-03T01:17:47
1601802966,430000,0.0,0.0,0.0,109.29281616210938,160.14027404785156,50.84745407104492,1.0,0.0,0.0,0.0,187,11,0,2020-10-04T12:16:06,1601677074.8764799,2020-10-03T01:17:54
1601802998,983000,0.0,0.0,0.0,-1801.8702392578125,2355.34765625,414.9620361328125,1.0,0.0,0.0,0.0,245,11,0,2020-10-04T12:16:38,1601677589.7082288,2020-10-03T01:26:29
1601803016,44000,0.0,0.0,0.0,-1627.703125,2189.947265625,455.289306640625,1.0,0.0,0.0,0.0,86,11,0,2020-10-04T12:16:56,1601677606.753897,2020-10-03T01:26:46
1601803018,199000,0.0,0.0,0.0,-1811.805908203125,1839.2752685546875,441.84686279296875,1.0,0.0,0.0,0.0,124,11,0,2020-10-04T12:16:58,1601677615.1664639,2020-10-03T01:26:55
1601803029,690000,0.0,0.0,0.0,25.71595573425293,479.25189208984375,-126.82642364501953,1.0,0.0,0.0,0.0,162,11,0,2020-10-04T12:17:09,1601677622.016793,2020-10-03T01:27:02
1601803041,200000,0.0,0.0,0.0,-1926.3587646484375,2192.285400390625,387.49267578125,1.0,0.0,0.0,0.0,229,11,0,2020-10-04T12:17:21,1601677634.645581,2020-10-03T01:27:14
1601803048,263000,0.0,0.0,0.0,-1701.34423828125,2337.814208984375,437.7557067871094,1.0,0.0,0.0,0.0,9,11,0,2020-10-04T12:17:28,1601677642.2785769,2020-10-03T01:27:22
1601803052,930000,0.0,0.0,0.0,-1748.68505859375,1983.63525390625,421.3910217285156,1.0,0.0,0.0,0.0,45,11,0,2020-10-04T12:17:32,1601677648.2170398,2020-10-03T01:27:28
1601803055,239000,0.0,0.0,0.0,-1658.0946044921875,2067.212158203125,447.1069641113281,1.0,0.0,0.0,0.0,87,11,0,2020-10-04T12:17:35,1601677656.574725,2020-10-03T01:27:36
315964808,78000,0.0,0.0,0.0,-1822.9105224609375,2061.9521484375,401.5195617675781,1.0,0.0,0.0,0.0,183,11,0,1980-01-06T03:00:08,1601677673.541461,2020-10-03T01:27:53
315964815,207000,0.0,0.0,0.0,-1811.805908203125,2399.181884765625,417.2998352050781,1.0,0.0,0.0,0.0,221,11,0,1980-01-06T03:00:15,1601677681.649405,2020-10-03T01:28:01
315964821,545000,0.0,0.0,0.0,-1667.4459228515625,2291.642333984375,445.3536071777344,1.0,0.0,0.0,0.0,6,11,0,1980-01-06T03:00:21,1601677688.143945,2020-10-03T01:28:08
315964828,908000,0.0,0.0,0.0,-1951.4903564453125,2190.531982421875,383.4015197753906,1.0,0.0,0.0,0.0,48,11,0,1980-01-06T03:00:28,1601677696.4167168,2020-10-03T01:28:16
315964835,449000,0.0,0.0,0.0,-1916.4232177734375,2353.010009765625,396.84393310546875,1.0,0.0,0.0,0.0,87,11,0,1980-01-06T03:00:35,1601677703.422636,2020-10-03T01:28:23
315964842,509000,0.0,0.0,0.0,-1834.0152587890625,2413.208740234375,419.6376647949219,1.0,0.0,0.0,0.0,127,11,0,1980-01-06T03:00:42,1601677710.6410198,2020-10-03T01:28:30
315964849,209000,0.0,0.0,0.0,-1773.81640625,2386.32373046875,429.5733642578125,1.0,0.0,0.0,0.0,166,11,0,1980-01-06T03:00:49,1601677717.018712,2020-10-03T01:28:37
315964856,339000,0.0,0.0,0.0,-117.47515869140625,423.72882080078125,-201.63645935058594,1.0,0.0,0.0,0.0,208,11,0,1980-01-06T03:00:56,1601677725.391948,2020-10-03T01:28:45
315964863,41000,0.0,0.0,0.0,112.79953002929688,203.97427368164062,0.5844535231590271,1.0,0.0,0.0,0.0,249,11,0,1980-01-06T03:01:03,1601677732.4607759,2020-10-03T01:28:52
315964869,835000,0.0,0.0,0.0,-315.02044677734375,293.3956604003906,-245.47047424316406,1.0,0.0,0.0,0.0,35,11,0,1980-01-06T03:01:09,1601677738.808697,2020-10-03T01:28:58
315964876,73000,0.0,0.0,0.0,-1673.875,2464.640625,488.0186767578125,1.0,0.0,0.0,0.0,74,11,0,1980-01-06T03:01:16,1601677746.1797838,2020-10-03T01:29:06
315964883,364000,0.0,0.0,0.0,-2040.3272705078125,2293.980224609375,380.479248046875,1.0,0.0,0.0,0.0,116,11,0,1980-01-06T03:01:23,1601677754.291281,2020-10-03T01:29:14
315964889,921000,0.0,0.0,0.0,-1931.034423828125,2387.49267578125,398.5972900390625,1.0,0.0,0.0,0.0,153,11,0,1980-01-06T03:01:29,1601677760.21788,2020-10-03T01:29:20
315964897,201000,0.0,0.0,0.0,-2074.81005859375,2478.66748046875,400.35064697265625,1.0,0.0,0.0,0.0,194,11,0,1980-01-06T03:01:37,1601677768.703213,2020-10-03T01:29:28
315964903,942000,0.0,0.0,0.0,-2003.5067138671875,2021.0404052734375,383.9859619140625,1.0,0.0,0.0,0.0,235,11,0,1980-01-06T03:01:43,1601677775.707584,2020-10-03T01:29:35
315964910,267000,0.0,0.0,0.0,-1773.23193359375,2514.903564453125,450.02923583984375,1.0,0.0,0.0,0.0,19,11,0,1980-01-06T03:01:50,1601677782.649785,2020-10-03T01:29:42
315964917,89000,0.0,0.0,0.0,-1887.200439453125,2554.06201171875,434.83343505859375,1.0,0.0,0.0,0.0,58,11,0,1980-01-06T03:01:57,1601677788.804204,2020-10-03T01:29:48
315964924,519000,0.0,0.0,0.0,-1627.1185302734375,1926.943359375,469.900634765625,1.0,0.0,0.0,0.0,100,11,0,1980-01-06T03:02:04,1601677797.5603518,2020-10-03T01:29:57
315964930,844000,0.0,0.0,0.0,-136.7621307373047,705.4354248046875,-108.70835876464844,1.0,0.0,0.0,0.0,138,11,0,1980-01-06T03:02:10,1601677803.726557,2020-10-03T01:30:03
315964937,737000,0.0,0.0,0.0,78.9012222290039,172.9982452392578,-32.14494323730469,1.0,0.0,0.0,0.0,177,11,0,1980-01-06T03:02:17,1601677812.056864,2020-10-03T01:30:12
315964944,632000,0.0,0.0,0.0,-144.94447326660156,242.5482177734375,-222.6768035888672,1.0,0.0,0.0,0.0,215,11,0,1980-01-06T03:02:24,1601677818.636396,2020-10-03T01:30:18
315964951,410000,0.0,0.0,0.0,-1768.556396484375,2358.8544921875,421.3910217285156,1.0,0.0,0.0,0.0,1,11,0,1980-01-06T03:02:31,1601677826.647661,2020-10-03T01:30:26
315964958,193000,0.0,0.0,0.0,-1966.6861572265625,1849.79541015625,407.3641052246094,1.0,0.0,0.0,0.0,37,11,0,1980-01-06T03:02:38,1601677833.519692,2020-10-03T01:30:33
315964965,475000,0.0,0.0,0.0,-1579.7779541015625,2239.6259765625,485.6808776855469,1.0,0.0,0.0,0.0,77,11,0,1980-01-06T03:02:45,1601677840.6489289,2020-10-03T01:30:40
315964972,122000,0.0,0.0,0.0,-139.09994506835938,-26.3004093170166,-78.3167724609375,1.0,0.0,0.0,0.0,114,11,0,1980-01-06T03:02:52,1601677847.5064569,2020-10-03T01:30:47
315964979,412000,0.0,0.0,0.0,22.2092342376709,21.624780654907227,21.624780654907227,1.0,0.0,0.0,0.0,154,11,0,1980-01-06T03:02:59,1601677855.709897,2020-10-03T01:30:55
315964985,763000,0.0,0.0,0.0,171.24488830566406,573.933349609375,232.02804565429688,1.0,0.0,0.0,0.0,193,11,0,1980-01-06T03:03:05,1601677862.6426408,2020-10-03T01:31:02
315964992,579000,0.0,0.0,0.0,139.09994506835938,78.9012222290039,149.62010192871094,1.0,0.0,0.0,0.0,233,11,0,1980-01-06T03:03:12,1601677869.020732,2020-10-03T01:31:09
315964999,469000,0.0,0.0,0.0,-153.12681579589844,-56.691993713378906,-63.1209831237793,1.0,0.0,0.0,0.0,16,11,0,1980-01-06T03:03:19,1601677876.015401,2020-10-03T01:31:16
315965006,333000,0.0,0.0,0.0,192.28521728515625,490.9409484863281,176.50497436523438,1.0,0.0,0.0,0.0,58,11,0,1980-01-06T03:03:26,1601677884.473273,2020-10-03T01:31:24
315965012,687000,0.0,0.0,0.0,119.81297302246094,633.547607421875,128.57977294921875,1.0,0.0,0.0,0.0,99,11,0,1980-01-06T03:03:32,1601677891.113121,2020-10-03T01:31:31
315965020,2000,0.0,0.0,0.0,196.3763885498047,529.514892578125,216.24781799316406,1.0,0.0,0.0,0.0,143,11,0,1980-01-06T03:03:40,1601677898.726037,2020-10-03T01:31:38
315965026,349000,0.0,0.0,0.0,126.2419662475586,92.92810821533203,156.633544921875,1.0,0.0,0.0,0.0,182,11,0,1980-01-06T03:03:46,1601677905.011548,2020-10-03T01:31:45
315965033,239000,0.0,0.0,0.0,54.93863296508789,94.68147277832031,16.36469841003418,1.0,0.0,0.0,0.0,222,11,0,1980-01-06T03:03:53,1601677912.1312199,2020-10-03T01:31:52
315965040,129000,0.0,0.0,0.0,161.30918884277344,191.11630249023438,103.44828033447266,1.0,0.0,0.0,0.0,5,11,0,1980-01-06T03:04:00,1601677919.114884,2020-10-03T01:31:59
315965046,993000,0.0,0.0,0.0,185.2717742919922,531.2682495117188,220.92343139648438,1.0,0.0,0.0,0.0,47,11,0,1980-01-06T03:04:06,1601677927.514845,2020-10-03T01:32:07
315965053,366000,0.0,0.0,0.0,-254.23728942871094,181.76504516601562,-219.17007446289062,1.0,0.0,0.0,0.0,86,11,0,1980-01-06T03:04:13,1601677933.160773,2020-10-03T01:32:13
315965060,230000,0.0,0.0,0.0,98.18819427490234,514.319091796875,-23.962594985961914,1.0,0.0,0.0,0.0,115,11,0,1980-01-06T03:04:20,1601677940.31478,2020-10-03T01:32:20
315965066,582000,0.0,0.0,0.0,-8.766802787780762,293.9801330566406,-142.60665893554688,1.0,0.0,0.0,0.0,154,11,0,1980-01-06T03:04:26,1601677947.320456,2020-10-03T01:32:27
315965073,939000,0.0,0.0,0.0,72.47223663330078,582.11572265625,-32.14494323730469,1.0,0.0,0.0,0.0,196,11,0,1980-01-06T03:04:33,1601677955.645277,2020-10-03T01:32:35
315965080,239000,0.0,0.0,0.0,106.37054443359375,345.41204833984375,-52.6008186340332,1.0,0.0,0.0,0.0,235,11,0,1980-01-06T03:04:40,1601677961.618753,2020-10-03T01:32:41
315965087,24000,0.0,0.0,0.0,77.14786529541016,490.9409484863281,-38.57393264770508,1.0,0.0,0.0,0.0,18,11,0,1980-01-06T03:04:47,1601677969.6466038,2020-10-03T01:32:49
315965093,828000,0.0,0.0,0.0,14.026885032653809,552.30859375,-107.5394515991211,1.0,0.0,0.0,0.0,57,11,0,1980-01-06T03:04:53,1601677976.372849,2020-10-03T01:32:56
315965100,679000,0.0,0.0,0.0,117.47515869140625,403.8573913574219,-28.053770065307617,1.0,0.0,0.0,0.0,95,11,0,1980-01-06T03:05:00,1601677984.0383239,2020-10-03T01:33:04
315965107,543000,0.0,0.0,0.0,154.2957305908203,436.0023498535156,43.834014892578125,1.0,0.0,0.0,0.0,134,11,0,1980-01-06T03:05:07,1601677990.5595329,2020-10-03T01:33:10
315965114,433000,0.0,0.0,0.0,151.3734588623047,252.4839324951172,66.04325103759766,1.0,0.0,0.0,0.0,173,11,0,1980-01-06T03:05:14,1601677998.709445,2020-10-03T01:33:18
315965121,232000,0.0,0.0,0.0,156.633544921875,549.3863525390625,123.31969451904297,1.0,0.0,0.0,0.0,210,11,0,1980-01-06T03:05:21,1601678004.9438288,2020-10-03T01:33:24
315965128,122000,0.0,0.0,0.0,192.28521728515625,329.6318054199219,142.60665893554688,1.0,0.0,0.0,0.0,248,11,0,1980-01-06T03:05:28,1601678013.115789,2020-10-03T01:33:33
315965134,729000,0.0,0.0,0.0,-1549.3863525390625,2156.049072265625,528.3460083007812,1.0,0.0,0.0,0.0,29,11,0,1980-01-06T03:05:34,1601678019.6268969,2020-10-03T01:33:39
315965141,955000,0.0,0.0,0.0,-1684.9796142578125,1812.3905029296875,481.0052490234375,1.0,0.0,0.0,0.0,69,11,0,1980-01-06T03:05:41,1601678027.8156838,2020-10-03T01:33:47
315965148,894000,0.0,0.0,0.0,-1732.3203125,2557.56884765625,495.0321350097656,1.0,0.0,0.0,0.0,108,11,0,1980-01-06T03:05:48,1601678034.8871,2020-10-03T01:33:54
315965155,857000,0.0,0.0,0.0,-2206.312255859375,2317.358154296875,380.479248046875,1.0,0.0,0.0,0.0,146,11,0,1980-01-06T03:05:55,1601678042.124332,2020-10-03T01:34:02
315965162,609000,0.0,0.0,0.0,-1596.72705078125,2351.841064453125,507.3056945800781,1.0,0.0,0.0,0.0,187,11,0,1980-01-06T03:06:02,1601678049.5101519,2020-10-03T01:34:09
315965168,943000,0.0,0.0,0.0,-2134.42431640625,1939.8013916015625,382.23260498046875,1.0,0.0,0.0,0.0,229,11,0,1980-01-06T03:06:08,1601678056.807361,2020-10-03T01:34:16
315965176,389000,0.0,0.0,0.0,-1746.34716796875,2597.895751953125,510.2279052734375,1.0,0.0,0.0,0.0,12,11,0,1980-01-06T03:06:16,1601678063.9238849,2020-10-03T01:34:23
315965183,519000,0.0,0.0,0.0,-1879.01806640625,1687.3173828125,455.8737487792969,1.0,0.0,0.0,0.0,54,11,0,1980-01-06T03:06:23,1601678071.452597,2020-10-03T01:34:31
315964807,885000,0.0,0.0,0.0,-275.2776184082031,140.2688446044922,-211.5721893310547,1.0,0.0,0.0,0.0,217,11,0,1980-01-06T03:00:07,1601678101.171336,2020-10-03T01:35:01
315964812,536000,0.0,0.0,0.0,-1565.1666259765625,1954.41259765625,527.1771240234375,1.0,0.0,0.0,0.0,1,11,0,1980-01-06T03:00:12,1601678108.345124,2020-10-03T01:35:08
315964827,95000,0.0,0.0,0.0,154.2957305908203,468.14727783203125,61.367618560791016,1.0,0.0,0.0,0.0,71,11,0,1980-01-06T03:00:27,1601678121.705124,2020-10-03T01:35:21
315964850,196000,0.0,0.0,0.0,-7873.7578125,9016.9482421875,5983.63525390625,1.0,0.0,0.0,0.0,191,11,0,1980-01-06T03:00:50,1601678144.6195478,2020-10-03T01:35:44
315964876,192000,0.0,0.0,0.0,63.70543670654297,322.6183776855469,-113.38398742675781,1.0,0.0,0.0,0.0,89,11,0,1980-01-06T03:01:16,1601678172.252624,2020-10-03T01:36:12
315964878,596000,0.0,0.0,0.0,-278.7843322753906,279.3687744140625,-253.06838989257812,1.0,0.0,0.0,0.0,127,11,0,1980-01-06T03:01:18,1601678179.0033169,2020-10-03T01:36:19
315964889,480000,0.0,0.0,0.0,-1942.13916015625,2135.0087890625,382.8170471191406,1.0,0.0,0.0,0.0,170,11,0,1980-01-06T03:01:29,1601678187.4279969,2020-10-03T01:36:27
315964903,265000,0.0,0.0,0.0,-1682.6417236328125,2216.247802734375,436.0023498535156,1.0,0.0,0.0,0.0,245,11,0,1980-01-06T03:01:43,1601678201.529641,2020-10-03T01:36:41
315964922,90000,0.0,0.0,0.0,-1691.9930419921875,2327.87841796875,440.677978515625,1.0,0.0,0.0,0.0,102,11,0,1980-01-06T03:02:02,1601678221.3067088,2020-10-03T01:37:01
315964926,470000,0.0,0.0,0.0,-1856.8089599609375,1926.3587646484375,405.0262756347656,1.0,0.0,0.0,0.0,140,11,0,1980-01-06T03:02:06,1601678227.779381,2020-10-03T01:37:07
315964935,416000,0.0,0.0,0.0,-68.38106536865234,168.90707397460938,-157.21798706054688,1.0,0.0,0.0,0.0,180,11,0,1980-01-06T03:02:15,1601678235.642416,2020-10-03T01:37:15
315964941,356000,0.0,0.0,0.0,-29.807130813598633,139.68438720703125,-127.41087341308594,1.0,0.0,0.0,0.0,219,11,0,1980-01-06T03:02:21,1601678243.495097,2020-10-03T01:37:23
315964946,13000,0.0,0.0,0.0,-202.22091674804688,257.1595458984375,-227.93687438964844,1.0,0.0,0.0,0.0,0,11,0,1980-01-06T03:02:26,1601678249.240413,2020-10-03T01:37:29
1601804313,404000,0.0,0.0,0.0,84.16130828857422,452.3670349121094,-67.212158203125,1.0,0.0,0.0,0.0,48,11,0,2020-10-04T12:38:33,1601678259.6181479,2020-10-03T01:37:39
1601804320,849000,0.0,0.0,0.0,105.2016372680664,215.66336059570312,-37.989479064941406,1.0,0.0,0.0,0.0,91,11,0,2020-10-04T12:38:40,1601678267.1691248,2020-10-03T01:37:47
1601804324,775000,0.0,0.0,0.0,-47.92518997192383,506.72119140625,-159.55581665039062,1.0,0.0,0.0,0.0,137,11,0,2020-10-04T12:38:44,1601678276.820293,2020-10-03T01:37:56
1601804336,478000,0.0,0.0,0.0,-1975.452880859375,2167.73828125,381.0636901855469,1.0,0.0,0.0,0.0,184,11,0,2020-10-04T12:38:56,1601678285.064924,2020-10-03T01:38:05
1601804347,795000,0.0,0.0,0.0,-1651.0811767578125,2102.86376953125,444.1846923828125,1.0,0.0,0.0,0.0,231,11,0,2020-10-04T12:39:07,1601678294.660888,2020-10-03T01:38:14
1601804355,941000,0.0,0.0,0.0,-1832.8463134765625,2323.787109375,406.7796325683594,1.0,0.0,0.0,0.0,16,11,0,2020-10-04T12:39:15,1601678302.4247599,2020-10-03T01:38:22
1601804366,570000,0.0,0.0,0.0,-1971.9462890625,2192.285400390625,383.4015197753906,1.0,0.0,0.0,0.0,61,11,0,2020-10-04T12:39:26,1601678312.696804,2020-10-03T01:38:32
1601804371,792000,0.0,0.0,0.0,-1848.62646484375,2118.64404296875,392.7527770996094,1.0,0.0,0.0,0.0,103,11,0,2020-10-04T12:39:31,1601678320.0960479,2020-10-03T01:38:40
1601804386,581000,0.0,0.0,0.0,-1757.4517822265625,2501.4609375,459.3804626464844,1.0,0.0,0.0,0.0,162,11,0,2020-10-04T12:39:46,1601678331.7103598,2020-10-03T01:38:51
1601804393,934000,0.0,0.0,0.0,-1759.205078125,1840.4442138671875,434.83343505859375,1.0,0.0,0.0,0.0,210,11,0,2020-10-04T12:39:53,1601678341.230872,2020-10-03T01:39:01
1601804401,656000,0.0,0.0,0.0,-1836.9373779296875,1886.615966796875,410.2864074707031,1.0,0.0,0.0,0.0,255,11,0,2020-10-04T12:40:01,1601678349.281265,2020-10-03T01:39:09
1601804411,817000,0.0,0.0,0.0,-1590.298095703125,2193.4541015625,469.900634765625,1.0,0.0,0.0,0.0,42,11,0,2020-10-04T12:40:11,1601678357.826536,2020-10-03T01:39:17
1601804416,673000,0.0,0.0,0.0,-1812.3905029296875,1963.7637939453125,407.94854736328125,1.0,0.0,0.0,0.0,85,11,0,2020-10-04T12:40:16,1601678365.7367048,2020-10-03T01:39:25
1601804429,825000,0.0,0.0,0.0,-1910.57861328125,2322.033935546875,393.33721923828125,1.0,0.0,0.0,0.0,129,11,0,2020-10-04T12:40:29,1601678375.836413,2020-10-03T01:39:35
1601804434,676000,0.0,0.0,0.0,-1880.18701171875,1997.0777587890625,395.6750183105469,1.0,0.0,0.0,0.0,169,11,0,2020-10-04T12:40:34,1601678383.382472,2020-10-03T01:39:43
1601804446,742000,0.0,0.0,0.0,-1900.058349609375,2150.20458984375,386.9082336425781,1.0,0.0,0.0,0.0,215,11,0,2020-10-04T12:40:46,1601678393.520488,2020-10-03T01:39:53
1601804463,292000,0.0,0.0,0.0,-2075.97900390625,2305.669189453125,382.8170471191406,1.0,0.0,0.0,0.0,36,11,0,2020-10-04T12:41:03,1601678410.8882089,2020-10-03T01:40:10
1601804470,192000,0.0,0.0,0.0,-1881.3558349609375,2049.09423828125,390.4149475097656,1.0,0.0,0.0,0.0,72,11,0,2020-10-04T12:41:10,1601678418.635232,2020-10-03T01:40:18
1601804479,679000,0.0,0.0,0.0,-1701.34423828125,2036.8206787109375,421.9754638671875,1.0,0.0,0.0,0.0,120,11,0,2020-10-04T12:41:19,1601678428.439576,2020-10-03T01:40:28
1601804490,160000,0.0,0.0,0.0,-1839.2752685546875,2099.94140625,394.5061340332031,1.0,0.0,0.0,0.0,156,11,0,2020-10-04T12:41:30,1601678436.109489,2020-10-03T01:40:36
1601804497,826000,0.0,0.0,0.0,-1848.62646484375,2031.5604248046875,393.9216613769531,1.0,0.0,0.0,0.0,204,11,0,2020-10-04T12:41:37,1601678446.544121,2020-10-03T01:40:46
1601804507,524000,0.0,0.0,0.0,-1759.205078125,2106.370361328125,408.53302001953125,1.0,0.0,0.0,0.0,246,11,0,2020-10-04T12:41:47,1601678453.787992,2020-10-03T01:40:53
1601804510,120000,0.0,0.0,0.0,-1843.950927734375,2099.357177734375,392.1683044433594,1.0,0.0,0.0,0.0,22,11,0,2020-10-04T12:41:50,1601678463.535445,2020-10-03T01:41:03
1601804527,785000,0.0,0.0,0.0,-1542.957275390625,2050.847412109375,509.64349365234375,1.0,0.0,0.0,0.0,66,11,0,2020-10-04T12:42:07,1601678473.0958278,2020-10-03T01:41:13
1601804533,745000,0.0,0.0,0.0,-1615.4295654296875,2319.6962890625,475.16070556640625,1.0,0.0,0.0,0.0,109,11,0,2020-10-04T12:42:13,1601678483.1036038,2020-10-03T01:41:23
1601804540,773000,0.0,0.0,0.0,-1726.4757080078125,2206.312255859375,414.9620361328125,1.0,0.0,0.0,0.0,154,11,0,2020-10-04T12:42:20,1601678491.664216,2020-10-03T01:41:31
1601804547,821000,0.0,0.0,0.0,-1983.63525390625,2144.9443359375,382.23260498046875,1.0,0.0,0.0,0.0,196,11,0,2020-10-04T12:42:27,1601678500.031328,2020-10-03T01:41:40
1601804558,451000,0.0,0.0,0.0,-1663.354736328125,1933.372314453125,449.44476318359375,1.0,0.0,0.0,0.0,240,11,0,2020-10-04T12:42:38,1601678509.5889878,2020-10-03T01:41:49
1601804586,28000,0.0,0.0,0.0,-1815.3126220703125,2302.162353515625,404.44183349609375,1.0,0.0,0.0,0.0,96,11,0,2020-10-04T12:43:06,1601678531.336093,2020-10-03T01:42:11
1601804593,718000,0.0,0.0,0.0,-1691.4085693359375,2146.69775390625,421.3910217285156,1.0,0.0,0.0,0.0,137,11,0,2020-10-04T12:43:13,1601678539.685108,2020-10-03T01:42:19
1601804597,574000,0.0,0.0,0.0,-1864.4068603515625,2358.27001953125,402.6884765625,1.0,0.0,0.0,0.0,183,11,0,2020-10-04T12:43:17,1601678548.1061609,2020-10-03T01:42:28
1601804608,70000,0.0,0.0,0.0,-1705.4354248046875,2205.143310546875,424.3132629394531,1.0,0.0,0.0,0.0,224,11,0,2020-10-04T12:43:28,1601678556.4787009,2020-10-03T01:42:36
1601804620,425000,0.0,0.0,0.0,-1612.50732421875,2114.552978515625,456.4582214355469,1.0,0.0,0.0,0.0,17,11,0,2020-10-04T12:43:40,1601678566.525452,2020-10-03T01:42:46
1601804623,161000,0.0,0.0,0.0,-1897.7205810546875,2205.143310546875,388.6615905761719,1.0,0.0,0.0,0.0,61,11,0,2020-10-04T12:43:43,1601678573.783481,2020-10-03T01:42:53
1601804661,222000,0.0,0.0,0.0,-1752.776123046875,1857.977783203125,430.1578063964844,1.0,0.0,0.0,0.0,254,11,0,2020-10-04T12:44:21,1601678611.679997,2020-10-03T01:43:31
1601804674,770000,0.0,0.0,0.0,-1850.96435546875,2129.164306640625,389.83050537109375,1.0,0.0,0.0,0.0,42,11,0,2020-10-04T12:44:34,1601678620.5349488,2020-10-03T01:43:40
1601804679,732000,0.0,0.0,0.0,-1628.8720703125,2343.65869140625,461.7182922363281,1.0,0.0,0.0,0.0,88,11,0,2020-10-04T12:44:39,1601678628.726156,2020-10-03T01:43:48
1601804687,959000,0.0,0.0,0.0,-1664.523681640625,2201.636474609375,429.5733642578125,1.0,0.0,0.0,0.0,136,11,0,2020-10-04T12:44:47,1601678638.718889,2020-10-03T01:43:58
1601804701,825000,0.0,0.0,0.0,-1647.5745849609375,2236.119384765625,439.5090637207031,1.0,0.0,0.0,0.0,189,11,0,2020-10-04T12:45:01,1601678648.721428,2020-10-03T01:44:08
1601804714,799000,0.0,0.0,0.0,-1649.327880859375,2002.9222412109375,443.6002502441406,1.0,0.0,0.0,0.0,252,11,0,2020-10-04T12:45:14,1601678660.46314,2020-10-03T01:44:20
1601804720,885000,0.0,0.0,0.0,-1797.194580078125,2021.0404052734375,402.1040344238281,1.0,0.0,0.0,0.0,44,11,0,2020-10-04T12:45:20,1601678669.328501,2020-10-03T01:44:29
1601804733,880000,0.0,0.0,0.0,-1912.9163818359375,2178.8427734375,386.9082336425781,1.0,0.0,0.0,0.0,93,11,0,2020-10-04T12:45:33,1601678679.6140609,2020-10-03T01:44:39
1601804741,655000,0.0,0.0,0.0,-1933.372314453125,2194.623046875,385.1548767089844,1.0,0.0,0.0,0.0,136,11,0,2020-10-04T12:45:41,1601678687.5627918,2020-10-03T01:44:47
1601804751,230000,0.0,0.0,0.0,-1586.2069091796875,2288.135498046875,482.1741638183594,1.0,0.0,0.0,0.0,202,11,0,2020-10-04T12:45:51,1601678701.5202248,2020-10-03T01:45:01
1601804764,12000,0.0,0.0,0.0,-1711.8643798828125,2174.75146484375,419.0531921386719,1.0,0.0,0.0,0.0,244,11,0,2020-10-04T12:46:04,1601678709.4600039,2020-10-03T01:45:09
1601804771,556000,0.0,0.0,0.0,-1828.755126953125,2319.6962890625,402.6884765625,1.0,0.0,0.0,0.0,25,11,0,2020-10-04T12:46:11,1601678718.545037,2020-10-03T01:45:18
1601804778,636000,0.0,0.0,0.0,-1730.5670166015625,2045.5872802734375,413.7931213378906,1.0,0.0,0.0,0.0,68,11,0,2020-10-04T12:46:18,1601678726.8237438,2020-10-03T01:45:26
1601804788,127000,0.0,0.0,0.0,-1559.322021484375,2052.016357421875,478.0829772949219,1.0,0.0,0.0,0.0,111,11,0,2020-10-04T12:46:28,1601678735.059484,2020-10-03T01:45:35
1601804791,186000,0.0,0.0,0.0,-1627.703125,2295.7333984375,459.9649353027344,1.0,0.0,0.0,0.0,159,11,0,2020-10-04T12:46:31,1601678744.542537,2020-10-03T01:45:44
1601804803,641000,0.0,0.0,0.0,-1860.3155517578125,2046.171875,392.7527770996094,1.0,0.0,0.0,0.0,202,11,0,2020-10-04T12:46:43,1601678752.688356,2020-10-03T01:45:52
1601804814,506000,0.0,0.0,0.0,-1744.0093994140625,2364.114501953125,432.4956359863281,1.0,0.0,0.0,0.0,246,11,0,2020-10-04T12:46:54,1601678760.318104,2020-10-03T01:46:00
1601804833,758000,0.0,0.0,0.0,-1606.0782470703125,2112.215087890625,454.7048645019531,1.0,0.0,0.0,0.0,91,11,0,2020-10-04T12:47:13,1601678780.010028,2020-10-03T01:46:20
1601804842,583000,0.0,0.0,0.0,-1631.794189453125,2276.446533203125,443.6002502441406,1.0,0.0,0.0,0.0,132,11,0,2020-10-04T12:47:22,1601678788.557396,2020-10-03T01:46:28
1601804852,179000,0.0,0.0,0.0,7.013442516326904,624.1963500976562,-98.18819427490234,1.0,0.0,0.0,0.0,179,11,0,2020-10-04T12:47:32,1601678797.9020479,2020-10-03T01:46:37
1601804862,95000,0.0,0.0,0.0,-87.08358001708984,558.1531372070312,-175.92051696777344,1.0,0.0,0.0,0.0,225,11,0,2020-10-04T12:47:42,1601678807.966825,2020-10-03T01:46:47
1601804864,702000,0.0,0.0,0.0,63.1209831237793,199.29864501953125,-115.13734436035156,1.0,0.0,0.0,0.0,11,11,0,2020-10-04T12:47:44,1601678815.135336,2020-10-03T01:46:55
1601804881,232000,0.0,0.0,0.0,17.533605575561523,486.84979248046875,-134.42431640625,1.0,0.0,0.0,0.0,77,11,0,2020-10-04T12:48:01,1601678828.1488008,2020-10-03T01:47:08
1601804885,722000,0.0,0.0,0.0,138.51548767089844,261.250732421875,-51.43191146850586,1.0,0.0,0.0,0.0,118,11,0,2020-10-04T12:48:05,1601678835.300077,2020-10-03T01:47:15
1601804897,119000,0.0,0.0,0.0,167.73817443847656,351.256591796875,-0.5844535231590271,1.0,0.0,0.0,0.0,162,11,0,2020-10-04T12:48:17,1601678845.2343879,2020-10-03T01:47:25
1601804903,573000,0.0,0.0,0.0,113.96843719482422,258.3284606933594,-73.05669403076172,1.0,0.0,0.0,0.0,205,11,0,2020-10-04T12:48:23,1601678852.977968,2020-10-03T01:47:32
1601804914,596000,0.0,0.0,0.0,87.08358001708984,243.7171173095703,-104.03273010253906,1.0,0.0,0.0,0.0,254,11,0,2020-10-04T12:48:34,1601678863.186405,2020-10-03T01:47:43
1601804918,449000,0.0,0.0,0.0,-35.65166473388672,248.3927459716797,-169.4915313720703,1.0,0.0,0.0,0.0,39,11,0,2020-10-04T12:48:38,1601678871.466516,2020-10-03T01:47:51
1601804932,913000,0.0,0.0,0.0,-135.5932159423828,380.479248046875,-238.45704650878906,1.0,0.0,0.0,0.0,80,11,0,2020-10-04T12:48:52,1601678880.147405,2020-10-03T01:48:00
1601804942,526000,0.0,0.0,0.0,-109.87726593017578,188.7784881591797,-213.91000366210938,1.0,0.0,0.0,0.0,127,11,0,2020-10-04T12:49:02,1601678888.9500608,2020-10-03T01:48:08
1601804945,218000,0.0,0.0,0.0,66.04325103759766,120.39742279052734,-87.66802978515625,1.0,0.0,0.0,0.0,176,11,0,2020-10-04T12:49:05,1601678897.9983559,2020-10-03T01:48:17
1601804953,738000,0.0,0.0,0.0,-147.8667449951172,455.289306640625,-229.1057891845703,1.0,0.0,0.0,0.0,218,11,0,2020-10-04T12:49:13,1601678906.660112,2020-10-03T01:48:26
1601804960,111000,0.0,0.0,0.0,-118.6440658569336,20.455875396728516,-150.20455932617188,1.0,0.0,0.0,0.0,5,11,0,2020-10-04T12:49:20,1601678914.7707438,2020-10-03T01:48:34
1601804970,185000,0.0,0.0,0.0,-21.624780654907227,330.21624755859375,-187.02513122558594,1.0,0.0,0.0,0.0,49,11,0,2020-10-04T12:49:30,1601678923.740728,2020-10-03T01:48:43
1601804980,350000,0.0,0.0,0.0,169.4915313720703,255.99066162109375,5.8445353507995605,1.0,0.0,0.0,0.0,93,11,0,2020-10-04T12:49:40,1601678932.1810038,2020-10-03T01:48:52
1601804998,864000,0.0,0.0,0.0,151.95791625976562,327.8784484863281,-40.32729721069336,1.0,0.0,0.0,0.0,147,11,0,2020-10-04T12:49:58,1601678943.5107808,2020-10-03T01:49:03
1601805002,578000,0.0,0.0,0.0,74.22559356689453,540.6195068359375,-73.64114379882812,1.0,0.0,0.0,0.0,189,11,0,2020-10-04T12:50:02,1601678951.489737,2020-10-03T01:49:11
1601805008,840000,0.0,0.0,0.0,84.74576568603516,363.53009033203125,-115.7218017578125,1.0,0.0,0.0,0.0,242,11,0,2020-10-04T12:50:08,1601678962.464809,2020-10-03T01:49:22
1601805021,519000,0.0,0.0,0.0,-37.405025482177734,533.6060791015625,-151.3734588623047,1.0,0.0,0.0,0.0,21,11,0,2020-10-04T12:50:21,1601678968.6070158,2020-10-03T01:49:28
1601805028,488000,0.0,0.0,0.0,32.72939682006836,558.737548828125,-101.11045837402344,1.0,0.0,0.0,0.0,66,11,0,2020-10-04T12:50:28,1601678978.4729319,2020-10-03T01:49:38
1601805071,685000,0.0,0.0,0.0,-75.97895812988281,253.06838989257812,-205.72764587402344,1.0,0.0,0.0,0.0,159,11,0,2020-10-04T12:51:11,1601678999.40236,2020-10-03T01:49:59
1601805058,707000,0.0,0.0,0.0,90.00584411621094,200.46755981445312,-87.08358001708984,1.0,0.0,0.0,0.0,200,11,0,2020-10-04T12:50:58,1601679006.630857,2020-10-03T01:50:06
1601805067,686000,0.0,0.0,0.0,-126.2419662475586,308.5914611816406,-226.1835174560547,1.0,0.0,0.0,0.0,244,11,0,2020-10-04T12:51:07,1601679014.713156,2020-10-03T01:50:14
1601805073,772000,0.0,0.0,0.0,349.5032043457031,1511.3968505859375,-393.33721923828125,1.0,0.0,0.0,0.0,32,11,0,2020-10-04T12:51:13,1601679023.4274719,2020-10-03T01:50:23
1601805082,416000,0.0,0.0,0.0,-132.67095947265625,291.6423034667969,-234.36585998535156,1.0,0.0,0.0,0.0,77,11,0,2020-10-04T12:51:22,1601679032.548985,2020-10-03T01:50:32
1601805096,170000,0.0,0.0,0.0,-78.3167724609375,485.6808776855469,-187.02513122558594,1.0,0.0,0.0,0.0,126,11,0,2020-10-04T12:51:36,1601679041.338317,2020-10-03T01:50:41
1601805099,331000,0.0,0.0,0.0,67.7966079711914,555.2308349609375,-67.7966079711914,1.0,0.0,0.0,0.0,172,11,0,2020-10-04T12:51:39,1601679050.4429438,2020-10-03T01:50:50
1601805111,858000,0.0,0.0,0.0,6.428988933563232,492.6943054199219,-142.60665893554688,1.0,0.0,0.0,0.0,216,11,0,2020-10-04T12:51:51,1601679058.790184,2020-10-03T01:50:58
1601805121,538000,0.0,0.0,0.0,144.36001586914062,267.6797180175781,-50.84745407104492,1.0,0.0,0.0,0.0,7,11,0,2020-10-04T12:52:01,1601679069.278616,2020-10-03T01:51:09
1601805148,443000,0.0,0.0,0.0,-196.96083068847656,516.0724487304688,-225.59906005859375,1.0,0.0,0.0,0.0,117,11,0,2020-10-04T12:52:28,1601679094.6266398,2020-10-03T01:51:34
1601805151,858000,0.0,0.0,0.0,-121.56632995605469,305.669189453125,-224.43016052246094,1.0,0.0,0.0,0.0,150,11,0,2020-10-04T12:52:31,1601679102.3076959,2020-10-03T01:51:42
1601805160,813000,0.0,0.0,0.0,37.989479064941406,310.92926025390625,-107.5394515991211,1.0,0.0,0.0,0.0,193,11,0,2020-10-04T12:52:40,1601679111.2814598,2020-10-03T01:51:51
1601805174,579000,0.0,0.0,0.0,-78.9012222290039,298.65576171875,-202.8053741455078,1.0,0.0,0.0,0.0,236,11,0,2020-10-04T12:52:54,1601679120.67258,2020-10-03T01:52:00
1601805176,837000,0.0,0.0,0.0,129.74868774414062,199.29864501953125,-59.614261627197266,1.0,0.0,0.0,0.0,18,11,0,2020-10-04T12:52:56,1601679128.2436528,2020-10-03T01:52:08
1601805189,487000,0.0,0.0,0.0,107.5394515991211,520.7481079101562,-48.5096435546875,1.0,0.0,0.0,0.0,65,11,0,2020-10-04T12:53:09,1601679138.502153,2020-10-03T01:52:18
1601805199,947000,0.0,0.0,0.0,-110.46171569824219,216.24781799316406,-211.5721893310547,1.0,0.0,0.0,0.0,107,11,0,2020-10-04T12:53:19,1601679145.9413369,2020-10-03T01:52:25
1601805214,740000,0.0,0.0,0.0,-126.82642364501953,338.9830627441406,-219.75453186035156,1.0,0.0,0.0,0.0,178,11,0,2020-10-04T12:53:34,1601679160.6187758,2020-10-03T01:52:40
1601805222,442000,0.0,0.0,0.0,17.533605575561523,475.74517822265625,-140.2688446044922,1.0,0.0,0.0,0.0,220,11,0,2020-10-04T12:53:42,1601679169.060432,2020-10-03T01:52:49
1601805226,917000,0.0,0.0,0.0,-111.04617309570312,364.6990051269531,-215.0789031982422,1.0,0.0,0.0,0.0,11,11,0,2020-10-04T12:53:46,1601679178.0287359,2020-10-03T01:52:58
1601805237,683000,0.0,0.0,0.0,13.442431449890137,162.47808837890625,-142.60665893554688,1.0,0.0,0.0,0.0,50,11,0,2020-10-04T12:53:57,1601679185.999701,2020-10-03T01:53:05
1601805245,575000,0.0,0.0,0.0,146.6978302001953,381.0636901855469,-48.5096435546875,1.0,0.0,0.0,0.0,96,11,0,2020-10-04T12:54:05,1601679194.232408,2020-10-03T01:53:14
1601805255,688000,0.0,0.0,0.0,-22.2092342376709,163.64700317382812,-158.9713592529297,1.0,0.0,0.0,0.0,141,11,0,2020-10-04T12:54:15,1601679203.738977,2020-10-03T01:53:23
1601805265,775000,0.0,0.0,0.0,139.68438720703125,263.58856201171875,-60.783164978027344,1.0,0.0,0.0,0.0,183,11,0,2020-10-04T12:54:25,1601679211.737577,2020-10-03T01:53:31
1601805282,691000,0.0,0.0,0.0,-163.64700317382812,502.0455627441406,-210.4032745361328,1.0,0.0,0.0,0.0,11,11,0,2020-10-04T12:54:42,1601679227.758185,2020-10-03T01:53:47
1601805284,189000,0.0,0.0,0.0,-79.48567962646484,225.01461791992188,-191.7007598876953,1.0,0.0,0.0,0.0,59,11,0,2020-10-04T12:54:44,1601679236.727988,2020-10-03T01:53:56
1601805300,479000,0.0,0.0,0.0,-140.85330200195312,501.4611511230469,-198.12974548339844,1.0,0.0,0.0,0.0,104,11,0,2020-10-04T12:55:00,1601679245.527664,2020-10-03T01:54:05
1601805307,460000,0.0,0.0,0.0,-130.33314514160156,396.84393310546875,-219.75453186035156,1.0,0.0,0.0,0.0,146,11,0,2020-10-04T12:55:07,1601679254.2167358,2020-10-03T01:54:14
1601805310,573000,0.0,0.0,0.0,-54.93863296508789,249.5616455078125,-202.22091674804688,1.0,0.0,0.0,0.0,182,11,0,2020-10-04T12:55:10,1601679262.2736368,2020-10-03T01:54:22
