time_s,time_us,gps_init_error,gps_config_error,lsm6ds3_error,lis3mdl_error,analog_sensor_init_error,gps_uart_init_error,mems_i2c_error,uart_transfer_init_error,uart_transfer_error,timers_error,rtc_error,mems_i2c_error_counter,lsm6ds3_error_counter,lis3mdl_error_counter,gps_reconfig_counter,reset_counter,seq,srcSystem,srcComponent,time_gregorian,log_timestamp,log_timestamp_gregorian
1601800055,78000,0,0,0,0,0,0,0,0,0,0,-88,0,0,0,0,7,47,11,0,2020-10-04T11:27:35,1601673984.2629368,2020-10-03T00:26:24
1601800092,26000,0,0,0,0,0,0,0,0,0,0,-88,0,0,0,0,7,139,11,0,2020-10-04T11:28:12,1601674018.471624,2020-10-03T00:26:58
1601800123,834000,0,0,0,0,0,0,0,0,0,0,-88,0,0,0,0,7,233,11,0,2020-10-04T11:28:43,1601674052.031652,2020-10-03T00:27:32
1601800136,658000,0,0,0,44,0,0,44,0,0,0,-88,1,0,1,0,7,63,11,0,2020-10-04T11:28:56,1601674082.824344,2020-10-03T00:28:02
1601800168,440000,0,0,0,44,0,0,44,0,0,0,-88,1,0,1,0,7,154,11,0,2020-10-04T11:29:28,1601674114.356176,2020-10-03T00:28:34
1601800200,210000,0,0,0,44,0,0,44,0,0,0,-88,1,0,1,0,7,247,11,0,2020-10-04T11:30:00,1601674145.7816799,2020-10-03T00:29:05
1601800227,818000,0,0,0,44,0,0,44,0,0,0,-88,1,0,1,0,7,81,11,0,2020-10-04T11:30:27,1601674178.308133,2020-10-03T00:29:38
1601800263,690000,0,0,0,44,0,0,44,0,0,0,-88,1,0,1,0,7,176,11,0,2020-10-04T11:31:03,1601674209.809572,2020-10-03T00:30:09
1601800295,410000,0,0,0,44,0,0,44,0,0,0,-88,1,0,1,0,7,15,11,0,2020-10-04T11:31:35,1601674241.7516649,2020-10-03T00:30:41
1601800327,122000,0,0,0,44,0,0,44,0,0,0,-88,1,0,1,0,7,105,11,0,2020-10-04T11:32:07,1601674273.753429,2020-10-03T00:31:13
1601800360,234000,0,0,0,44,0,0,44,0,0,0,-88,1,0,1,0,7,192,11,0,2020-10-04T11:32:40,1601674305.552156,2020-10-03T00:31:45
1601800391,942000,0,0,0,44,0,0,44,0,0,0,-88,1,0,1,0,7,27,11,0,2020-10-04T11:33:11,1601674337.8596609,2020-10-03T00:32:17
1601800423,636000,0,0,0,44,0,0,44,0,0,0,-88,1,0,1,0,7,124,11,0,2020-10-04T11:33:43,1601674369.8489878,2020-10-03T00:32:49
1601800455,329000,0,0,0,44,0,0,44,0,0,0,-88,1,0,1,0,7,211,11,0,2020-10-04T11:34:15,1601674401.345589,2020-10-03T00:33:21
1601800487,10000,0,0,0,44,0,0,44,0,0,0,-88,1,0,1,0,7,46,11,0,2020-10-04T11:34:47,1601674432.6864169,2020-10-03T00:33:52
1601800518,754000,0,0,0,44,0,0,44,0,0,0,-88,2,0,2,0,7,139,11,0,2020-10-04T11:35:18,1601674464.774376,2020-10-03T00:34:24
1601800549,76000,0,0,0,44,0,0,44,0,0,0,-88,2,0,2,0,7,229,11,0,2020-10-04T11:35:49,1601674495.9987879,2020-10-03T00:34:55
1601800580,801000,0,0,0,44,0,0,44,0,0,0,-88,2,0,2,0,7,59,11,0,2020-10-04T11:36:20,1601674527.676101,2020-10-03T00:35:27
1601800613,904000,0,0,0,44,0,0,44,0,0,0,-88,2,0,2,0,7,154,11,0,2020-10-04T11:36:53,1601674559.7320318,2020-10-03T00:35:59
1601800645,635000,0,0,0,44,0,0,44,0,0,0,-88,2,0,2,0,7,241,11,0,2020-10-04T11:37:25,1601674592.018373,2020-10-03T00:36:32
1601800677,359000,0,0,0,44,0,0,44,0,0,0,-88,2,0,2,0,7,76,11,0,2020-10-04T11:37:57,1601674624.041184,2020-10-03T00:37:04
1601800709,73000,0,0,0,44,0,0,44,0,0,0,-88,2,0,2,0,7,171,11,0,2020-10-04T11:38:29,1601674655.793608,2020-10-03T00:37:35
1601800742,201000,0,0,0,44,0,0,44,0,0,0,-88,2,0,2,0,7,8,11,0,2020-10-04T11:39:02,1601674688.135905,2020-10-03T00:38:08
1601800773,941000,0,0,0,44,0,0,44,0,0,0,-88,2,0,2,0,7,99,11,0,2020-10-04T11:39:33,1601674720.05804,2020-10-03T00:38:40
1601800805,689000,0,0,0,44,0,0,44,0,0,0,-88,2,0,2,0,7,189,11,0,2020-10-04T11:40:05,1601674751.6906528,2020-10-03T00:39:11
1601800837,472000,0,0,0,44,0,0,44,0,0,0,-88,3,0,3,0,7,26,11,0,2020-10-04T11:40:37,1601674783.602448,2020-10-03T00:39:43
1601800869,223000,0,0,0,44,0,0,44,0,0,0,-88,3,0,3,0,7,115,11,0,2020-10-04T11:41:09,1601674815.397873,2020-10-03T00:40:15
1601800900,969000,0,0,0,44,0,0,44,0,0,0,-88,3,0,3,0,7,204,11,0,2020-10-04T11:41:40,1601674847.352861,2020-10-03T00:40:47
1601800929,955000,0,0,0,44,0,0,44,0,0,0,-88,3,0,3,0,7,39,11,0,2020-10-04T11:42:09,1601674876.558156,2020-10-03T00:41:16
1601800961,707000,0,0,0,44,0,0,44,0,0,0,-88,3,0,3,0,7,128,11,0,2020-10-04T11:42:41,1601674908.680321,2020-10-03T00:41:48
1601800993,470000,0,0,0,44,0,0,44,0,0,0,-88,3,0,3,0,7,221,11,0,2020-10-04T11:43:13,1601674940.499409,2020-10-03T00:42:20
1601801057,27000,0,0,0,44,0,0,44,0,0,0,-88,3,0,3,0,7,149,11,0,2020-10-04T11:44:17,1601675003.88142,2020-10-03T00:43:23
1601801092,965000,0,0,0,44,0,0,44,0,0,0,-88,3,0,3,0,7,244,11,0,2020-10-04T11:44:52,1601675038.409652,2020-10-03T00:43:58
1601801124,734000,0,0,0,44,0,0,44,0,0,0,-88,3,0,3,0,7,82,11,0,2020-10-04T11:45:24,1601675070.418421,2020-10-03T00:44:30
1601801156,504000,0,0,0,44,0,0,44,0,0,0,-88,3,0,3,0,7,175,11,0,2020-10-04T11:45:56,1601675102.709468,2020-10-03T00:45:02
1601801188,271000,0,0,0,44,0,0,44,0,0,0,-88,3,0,3,0,7,9,11,0,2020-10-04T11:46:28,1601675134.595996,2020-10-03T00:45:34
1601801215,62000,0,0,0,44,0,0,44,0,0,0,-88,149,0,149,0,7,96,11,0,2020-10-04T11:46:55,1601675163.257233,2020-10-03T00:46:03
1601801252,675000,0,0,0,44,0,0,44,0,0,0,-88,629,0,629,0,7,192,11,0,2020-10-04T11:47:32,1601675198.693312,2020-10-03T00:46:38
1601801283,233000,0,0,0,44,0,0,44,0,0,0,-88,1019,0,1019,0,7,30,11,0,2020-10-04T11:48:03,1601675230.63932,2020-10-03T00:47:10
1601801316,99000,0,0,0,44,0,0,44,0,0,0,-88,1181,0,1181,0,7,122,11,0,2020-10-04T11:48:36,1601675262.451917,2020-10-03T00:47:42
1601801345,138000,0,0,0,44,0,0,44,0,0,0,-88,1181,0,1181,0,7,208,11,0,2020-10-04T11:49:05,1601675291.330317,2020-10-03T00:48:11
1601801379,703000,0,0,0,44,0,0,44,0,0,0,-88,1181,0,1181,0,7,44,11,0,2020-10-04T11:49:39,1601675326.063609,2020-10-03T00:48:46
1601801411,507000,0,0,0,44,0,0,44,0,0,0,-88,1181,0,1181,0,7,135,11,0,2020-10-04T11:50:11,1601675357.459612,2020-10-03T00:49:17
1601801439,136000,0,0,0,44,0,0,44,0,0,0,-88,1181,0,1181,0,7,223,11,0,2020-10-04T11:50:39,1601675386.1965718,2020-10-03T00:49:46
1601801472,318000,0,0,0,44,0,0,44,0,0,0,-88,1181,0,1181,0,7,62,11,0,2020-10-04T11:51:12,1601675419.1364489,2020-10-03T00:50:19
1601801504,84000,0,0,0,44,0,0,44,0,0,0,-88,1181,0,1181,0,7,152,11,0,2020-10-04T11:51:44,1601675450.534261,2020-10-03T00:50:50
1601801540,12000,0,0,0,44,0,0,44,0,0,0,-88,1181,0,1181,0,7,249,11,0,2020-10-04T11:52:20,1601675485.5675719,2020-10-03T00:51:25
1601801567,666000,0,0,0,44,0,0,44,0,0,0,-88,1181,0,1181,0,7,81,11,0,2020-10-04T11:52:47,1601675513.981148,2020-10-03T00:51:53
1601801599,516000,0,0,0,44,0,0,44,0,0,0,-88,1181,0,1181,0,7,173,11,0,2020-10-04T11:53:19,1601675546.031328,2020-10-03T00:52:26
1601801630,31000,0,0,0,44,0,0,44,0,0,0,-88,1181,0,1181,0,7,11,11,0,2020-10-04T11:53:50,1601675580.433657,2020-10-03T00:53:00
1601801661,955000,0,0,0,44,0,0,44,0,0,0,-88,1181,0,1181,0,7,99,11,0,2020-10-04T11:54:21,1601675609.140677,2020-10-03T00:53:29
1601801693,960000,0,0,0,-14,0,0,-14,0,0,0,-88,1182,0,1182,0,7,188,11,0,2020-10-04T11:54:53,1601675640.9114249,2020-10-03T00:54:00
1601801725,501000,0,0,-14,44,0,0,44,0,0,0,-88,1353,3,1351,0,7,26,11,0,2020-10-04T11:55:25,1601675672.5713038,2020-10-03T00:54:32
1601801757,163000,0,0,-14,44,0,0,44,0,0,0,-88,1594,11,1589,0,7,120,11,0,2020-10-04T11:55:57,1601675703.958768,2020-10-03T00:55:03
1601801787,729000,0,0,-14,44,0,0,44,0,0,0,-88,1841,13,1835,0,7,210,11,0,2020-10-04T11:56:27,1601675735.074285,2020-10-03T00:55:35
1601801819,452000,0,0,-116,44,0,0,44,0,0,0,-88,2072,15,2066,0,7,43,11,0,2020-10-04T11:56:59,1601675769.347817,2020-10-03T00:56:09
1601801884,98000,0,0,-116,-14,0,0,-116,0,0,0,-88,2640,32,2639,0,7,216,11,0,2020-10-04T11:58:04,1601675830.5654209,2020-10-03T00:57:10
1601801947,308000,0,0,-116,44,0,0,44,0,0,0,-88,3234,52,3233,0,7,144,11,0,2020-10-04T11:59:07,1601675896.5212119,2020-10-03T00:58:16
1601801979,822000,0,0,-116,-116,0,0,-116,0,0,0,-88,3691,59,3693,0,7,231,11,0,2020-10-04T11:59:39,1601675925.659664,2020-10-03T00:58:45
1601802011,234000,0,0,-116,-14,0,0,-14,0,0,0,-88,4168,63,4169,0,7,72,11,0,2020-10-04T12:00:11,1601675957.728545,2020-10-03T00:59:17
1601802055,966000,0,0,-16,44,0,0,44,0,0,0,-88,4980,69,4979,0,7,254,11,0,2020-10-04T12:00:55,1601676008.3416,2020-10-03T01:00:08
1601802078,922000,0,0,-14,-14,0,0,-14,0,0,0,-88,5553,76,5547,0,7,89,11,0,2020-10-04T12:01:18,1601676026.644564,2020-10-03T01:00:26
1601802095,243000,0,0,-116,-14,0,0,-14,0,0,0,-88,5983,80,5973,0,7,176,11,0,2020-10-04T12:01:35,1601676044.825145,2020-10-03T01:00:44
1601802130,578000,0,0,-14,44,0,0,44,0,0,0,-88,7091,135,7033,0,7,94,11,0,2020-10-04T12:02:10,1601676079.36778,2020-10-03T01:01:19
1601802167,461000,0,0,-14,-14,0,0,-14,0,0,0,-88,54283,23869,30493,0,7,14,11,0,2020-10-04T12:02:47,1601676115.579321,2020-10-03T01:01:55
1601802186,542000,0,0,-14,-14,0,0,-14,0,0,0,-88,78762,36169,42672,0,7,103,11,0,2020-10-04T12:03:06,1601676133.686584,2020-10-03T01:02:13
1601802204,61000,0,0,-14,-14,0,0,-14,0,0,0,-88,98695,46219,52555,0,7,189,11,0,2020-10-04T12:03:24,1601676150.1485438,2020-10-03T01:02:30
1601802220,923000,0,0,-14,-14,0,0,-14,0,0,0,-88,119942,56869,63152,0,7,27,11,0,2020-10-04T12:03:40,1601676167.806284,2020-10-03T01:02:47
1601802237,880000,0,0,-14,-14,0,0,-14,0,0,0,-88,144431,69169,75341,0,7,117,11,0,2020-10-04T12:03:57,1601676185.327113,2020-10-03T01:03:05
1601802256,735000,0,0,-14,-14,0,0,-14,0,0,0,-88,165009,79519,85569,0,7,204,11,0,2020-10-04T12:04:16,1601676202.5153449,2020-10-03T01:03:22
1601802272,50000,0,0,-14,-14,0,0,-14,0,0,0,-88,188552,91369,97265,0,7,37,11,0,2020-10-04T12:04:32,1601676220.656661,2020-10-03T01:03:40
1601802291,290000,0,0,-14,-14,0,0,-14,0,0,0,-88,215913,105169,110826,0,7,126,11,0,2020-10-04T12:04:51,1601676238.500057,2020-10-03T01:03:58
1601802308,805000,0,0,-14,-14,0,0,-14,0,0,0,-88,240377,117469,122991,0,7,213,11,0,2020-10-04T12:05:08,1601676254.7886999,2020-10-03T01:04:14
1601802325,815000,0,0,-14,-14,0,0,-14,0,0,0,-88,254040,124369,129755,0,7,45,11,0,2020-10-04T12:05:25,1601676272.648917,2020-10-03T01:04:32
1601802362,235000,0,0,-14,-14,0,0,-14,0,0,0,-88,277054,135919,141219,0,7,138,11,0,2020-10-04T12:06:02,1601676290.6977398,2020-10-03T01:04:50
1601802360,727000,0,0,-14,-14,0,0,-14,0,0,0,-88,297916,146419,151581,0,7,228,11,0,2020-10-04T12:06:00,1601676307.9207718,2020-10-03T01:05:07
1601802395,120000,0,0,-14,-14,0,0,-14,0,0,0,-88,337879,166519,171444,0,7,149,11,0,2020-10-04T12:06:35,1601676342.4876518,2020-10-03T01:05:42
1601802414,101000,0,0,-14,-14,0,0,-14,0,0,0,-88,362324,178819,183589,0,7,239,11,0,2020-10-04T12:06:54,1601676360.220852,2020-10-03T01:06:00
1601802429,419000,0,0,-14,-14,0,0,-14,0,0,0,-88,377176,186319,190941,0,7,71,11,0,2020-10-04T12:07:09,1601676377.832412,2020-10-03T01:06:17
1601802446,217000,0,0,-14,-14,0,0,-14,0,0,0,-88,401923,198769,203238,0,7,158,11,0,2020-10-04T12:07:26,1601676395.15554,2020-10-03T01:06:35
1601802477,140000,0,0,-14,-14,0,0,-14,0,0,0,-88,448718,222319,226485,0,7,72,11,0,2020-10-04T12:07:57,1601676429.4036639,2020-10-03T01:07:09
1601802501,609000,0,0,-14,-14,0,0,-14,0,0,0,-88,466592,231319,235359,0,7,166,11,0,2020-10-04T12:08:21,1601676447.9623048,2020-10-03T01:07:27
1601802516,532000,0,0,-14,-14,0,0,-14,0,0,0,-88,477550,236869,240768,0,7,249,11,0,2020-10-04T12:08:36,1601676464.6121728,2020-10-03T01:07:44
1601802536,447000,0,0,-14,-14,0,0,-14,0,0,0,-88,493918,245119,248887,0,7,87,11,0,2020-10-04T12:08:56,1601676482.650064,2020-10-03T01:08:02
1601802551,927000,0,0,-14,-14,0,0,-14,0,0,0,-88,512389,254419,258058,0,7,178,11,0,2020-10-04T12:09:11,1601676500.284312,2020-10-03T01:08:20
1601802573,95000,0,0,-14,-14,0,0,-14,0,0,0,-88,534440,265519,269009,0,7,16,11,0,2020-10-04T12:09:33,1601676518.481613,2020-10-03T01:08:38
1601802586,955000,0,0,-14,-14,0,0,-14,0,0,0,-88,550797,273769,277117,0,7,101,11,0,2020-10-04T12:09:46,1601676536.005133,2020-10-03T01:08:56
1601802604,862000,0,0,-14,-14,0,0,-14,0,0,0,-88,577690,287269,290510,0,7,192,11,0,2020-10-04T12:10:04,1601676552.651044,2020-10-03T01:09:12
1601802620,877000,0,0,-14,-14,0,0,-14,0,0,0,-88,596739,296869,299959,0,7,26,11,0,2020-10-04T12:10:20,1601676570.5315678,2020-10-03T01:09:30
1601802638,463000,0,0,-14,-14,0,0,-14,0,0,0,-88,618843,307969,310963,0,7,117,11,0,2020-10-04T12:10:38,1601676588.415761,2020-10-03T01:09:48
1601802658,855000,0,0,-14,-14,0,0,-14,0,0,0,-88,636979,317119,319952,0,7,203,11,0,2020-10-04T12:10:58,1601676605.2567968,2020-10-03T01:10:05
1601802675,646000,0,0,-14,-14,0,0,-14,0,0,0,-88,654879,326119,328852,0,7,39,11,0,2020-10-04T12:11:15,1601676624.6250448,2020-10-03T01:10:24
1601802693,723000,0,0,-14,-14,0,0,-14,0,0,0,-88,674183,335869,338407,0,7,122,11,0,2020-10-04T12:11:33,1601676641.594552,2020-10-03T01:10:41
1601802711,377000,0,0,-14,-14,0,0,-14,0,0,0,-88,688740,343219,345615,0,7,213,11,0,2020-10-04T12:11:51,1601676659.457141,2020-10-03T01:10:59
1601802726,567000,0,0,-14,-14,0,0,-14,0,0,0,-88,699144,348469,350771,0,7,42,11,0,2020-10-04T12:12:06,1601676675.987453,2020-10-03T01:11:15
1601802746,420000,0,0,-14,-14,0,0,-14,0,0,0,-88,711608,354769,356936,0,7,136,11,0,2020-10-04T12:12:26,1601676694.617625,2020-10-03T01:11:34
1601802763,595000,0,0,-14,-14,0,0,-14,0,0,0,-88,736369,367219,369247,0,7,226,11,0,2020-10-04T12:12:43,1601676711.651672,2020-10-03T01:11:51
1601802780,818000,0,0,-14,-14,0,0,-14,0,0,0,-88,756639,377419,379318,0,7,62,11,0,2020-10-04T12:13:00,1601676729.446089,2020-10-03T01:12:09
1601802798,460000,0,0,-14,-14,0,0,-14,0,0,0,-88,778659,388519,390239,0,7,143,11,0,2020-10-04T12:13:18,1601676745.903668,2020-10-03T01:12:25
1601802816,779000,0,0,-14,-14,0,0,-14,0,0,0,-88,800100,399319,400880,0,7,233,11,0,2020-10-04T12:13:36,1601676765.49256,2020-10-03T01:12:45
1601802833,884000,0,0,-14,-14,0,0,-14,0,0,0,-88,819764,409219,410645,0,7,67,11,0,2020-10-04T12:13:53,1601676782.8967478,2020-10-03T01:13:02
1601802851,895000,0,0,-14,-14,0,0,-14,0,0,0,-88,839384,419119,420366,0,7,152,11,0,2020-10-04T12:14:11,1601676800.7478209,2020-10-03T01:13:20
1601802869,469000,0,0,-14,-14,0,0,-14,0,0,0,-88,854561,426769,427894,0,7,235,11,0,2020-10-04T12:14:29,1601676816.663204,2020-10-03T01:13:36
1601802887,82000,0,0,-14,-14,0,0,-14,0,0,0,-88,880448,439819,440731,0,7,69,11,0,2020-10-04T12:14:47,1601676835.606649,2020-10-03T01:13:55
1601802904,474000,0,0,-14,-14,0,0,-14,0,0,0,-88,904021,451669,452454,0,7,159,11,0,2020-10-04T12:15:04,1601676853.291712,2020-10-03T01:14:13
1601802921,192000,0,0,-14,-14,0,0,-14,0,0,0,-88,927206,463369,463940,0,7,245,11,0,2020-10-04T12:15:21,1601676870.975069,2020-10-03T01:14:30
1601802958,748000,0,0,-14,-14,0,0,-14,0,0,0,-88,948320,474019,474404,0,7,71,11,0,2020-10-04T12:15:58,1601676887.143817,2020-10-03T01:14:47
1601802958,246000,0,0,-14,-14,0,0,-14,0,0,0,-88,966511,483169,483446,0,7,162,11,0,2020-10-04T12:15:58,1601676904.2325878,2020-10-03T01:15:04
1601802966,669000,0,0,-14,-14,0,0,-14,0,0,0,-88,980531,490219,490416,0,7,233,11,0,2020-10-04T12:16:06,1601676919.073004,2020-10-03T01:15:19
1601802966,493000,0,0,-14,-14,0,0,-14,0,0,0,-88,999841,499969,499976,0,7,43,11,0,2020-10-04T12:16:06,1601676934.660081,2020-10-03T01:15:34
1601802966,404000,0,0,-16,-116,0,0,-16,0,0,0,-88,1013264,506719,506649,0,7,114,11,0,2020-10-04T12:16:06,1601676949.578233,2020-10-03T01:15:49
1601802966,646000,0,-116,-14,-14,0,0,-14,0,0,0,-88,1056503,528469,528139,2,7,250,11,0,2020-10-04T12:16:06,1601676992.6390848,2020-10-03T01:16:32
1601802966,667000,0,-116,-14,-14,0,0,-14,0,0,0,-88,1063961,532219,531847,4,7,71,11,0,2020-10-04T12:16:06,1601677006.8262079,2020-10-03T01:16:46
1601802966,752000,0,-116,-14,-14,0,0,-14,0,0,0,-88,1076164,538369,537900,6,7,153,11,0,2020-10-04T12:16:06,1601677021.739881,2020-10-03T01:17:01
1601802966,450000,0,-116,-14,-14,0,0,-14,0,0,0,-88,1091693,546169,545629,8,7,229,11,0,2020-10-04T12:16:06,1601677036.5745609,2020-10-03T01:17:16
1601802966,196000,0,-116,-14,-14,0,0,-14,0,0,0,-88,1100061,550369,549797,9,7,50,11,0,2020-10-04T12:16:06,1601677050.238216,2020-10-03T01:17:30
1601802966,133000,0,-116,-14,-14,0,0,-14,0,0,0,-88,1110782,555769,555118,10,7,126,11,0,2020-10-04T12:16:06,1601677064.181609,2020-10-03T01:17:44
1601802966,891000,0,-116,-14,-14,0,0,-14,0,0,0,-88,1128386,564619,563873,12,7,210,11,0,2020-10-04T12:16:06,1601677079.569284,2020-10-03T01:17:59
1601803138,743000,0,-116,-14,-14,0,0,-14,0,0,0,-88,1446897,724969,722043,51,7,115,11,0,2020-10-04T12:18:58,1601677469.423661,2020-10-03T01:24:29
1601803150,788000,0,-116,-14,-14,0,0,-14,0,0,0,-88,1459099,731119,728095,53,7,187,11,0,2020-10-04T12:19:10,1601677481.7808678,2020-10-03T01:24:41
1601803154,150000,0,-116,-14,-14,0,0,-14,0,0,0,-88,1461475,732319,729271,53,7,6,11,0,2020-10-04T12:19:14,1601677496.295665,2020-10-03T01:24:56
1601802976,234000,0,-116,-14,-14,0,0,-14,0,0,0,-88,1530864,767269,763715,63,7,137,11,0,2020-10-04T12:16:16,1601677566.007597,2020-10-03T01:26:06
1601802983,963000,0,-116,-14,-14,0,0,-14,0,0,0,-88,1535061,769369,765815,64,7,212,11,0,2020-10-04T12:16:23,1601677578.16442,2020-10-03T01:26:18
1601802999,27000,0,-116,-14,-19,0,0,-14,0,0,0,-88,1536236,769969,766397,65,7,12,11,0,2020-10-04T12:16:39,1601677592.4226599,2020-10-03T01:26:32
1601803006,844000,0,-116,-14,-14,0,0,-14,0,0,0,-88,1536490,770119,766513,66,7,82,11,0,2020-10-04T12:16:46,1601677605.521137,2020-10-03T01:26:45
1601803023,850000,0,-116,-14,-14,0,0,-14,0,0,0,-88,1536989,770419,766732,67,7,158,11,0,2020-10-04T12:17:03,1601677620.3854358,2020-10-03T01:27:00
1601803034,581000,0,-116,-14,-14,0,0,-14,0,0,0,-88,1537505,770719,766964,68,7,232,11,0,2020-10-04T12:17:14,1601677634.6670768,2020-10-03T01:27:14
1601803048,397000,0,-116,-14,-14,0,0,-14,0,0,0,-88,1538020,771019,767202,69,7,50,11,0,2020-10-04T12:17:28,1601677649.5770369,2020-10-03T01:27:29
315964809,705000,0,0,-14,-116,0,0,-14,0,0,0,-88,190,151,44,0,8,197,11,0,1980-01-06T03:00:09,1601677676.467777,2020-10-03T01:27:56
315964821,984000,0,-116,-14,-14,0,0,-14,0,0,0,-88,682,601,93,1,8,21,11,0,1980-01-06T03:00:21,1601677691.642024,2020-10-03T01:28:11
315964833,870000,0,-116,-14,-14,0,0,-14,0,0,0,-88,1323,1201,137,3,8,102,11,0,1980-01-06T03:00:33,1601677705.953989,2020-10-03T01:28:25
315964849,230000,0,-116,-14,-116,0,0,-14,0,0,0,-88,1941,1801,158,5,8,181,11,0,1980-01-06T03:00:49,1601677720.581852,2020-10-03T01:28:40
315964865,161000,0,-116,-14,-19,0,0,-14,0,0,0,-88,2715,2551,185,7,8,8,11,0,1980-01-06T03:01:05,1601677734.870712,2020-10-03T01:28:54
315964877,667000,0,-116,-14,-116,0,0,-14,0,0,0,-88,3322,3151,192,8,8,89,11,0,1980-01-06T03:01:17,1601677749.523593,2020-10-03T01:29:09
315964890,997000,0,-116,-14,-19,0,0,-14,0,0,0,-88,3940,3751,213,10,8,167,11,0,1980-01-06T03:01:30,1601677763.7199,2020-10-03T01:29:23
315964906,53000,0,-116,-14,-116,0,0,-14,0,0,0,-88,4701,4501,225,12,8,248,11,0,1980-01-06T03:01:46,1601677777.2939398,2020-10-03T01:29:37
315964917,649000,0,-116,-14,-116,0,0,-14,0,0,0,-88,5302,5101,226,14,8,73,11,0,1980-01-06T03:01:57,1601677792.048256,2020-10-03T01:29:52
315964930,887000,0,-116,-14,-116,0,0,-14,0,0,0,-88,6052,5851,226,16,8,151,11,0,1980-01-06T03:02:10,1601677806.6013,2020-10-03T01:30:06
315964944,109000,0,-116,-14,-116,0,0,-14,0,0,0,-88,6802,6601,226,18,8,230,11,0,1980-01-06T03:02:24,1601677821.570652,2020-10-03T01:30:21
315964957,670000,0,-116,-14,-14,0,0,-14,0,0,0,-88,7410,7201,236,19,8,50,11,0,1980-01-06T03:02:37,1601677835.3344839,2020-10-03T01:30:35
315964972,142000,0,-116,-14,-116,0,0,-14,0,0,0,-88,8020,7801,246,21,8,127,11,0,1980-01-06T03:02:52,1601677850.332917,2020-10-03T01:30:50
315964987,379000,0,-116,-14,-116,0,0,-14,0,0,0,-88,8772,8551,248,23,8,206,11,0,1980-01-06T03:03:07,1601677864.186128,2020-10-03T01:31:04
315965001,581000,0,-116,-14,-116,0,0,-14,0,0,0,-88,9523,9301,249,25,8,31,11,0,1980-01-06T03:03:21,1601677879.644484,2020-10-03T01:31:19
315965012,163000,0,-116,-14,-116,0,0,-14,0,0,0,-88,10123,9901,249,27,8,114,11,0,1980-01-06T03:03:32,1601677893.898988,2020-10-03T01:31:33
315965029,25000,0,-116,-14,-116,0,0,-14,0,0,0,-88,11025,10801,251,29,8,197,11,0,1980-01-06T03:03:49,1601677908.261705,2020-10-03T01:31:48
315965042,262000,0,-116,-14,-116,0,0,-14,0,0,0,-88,11775,11551,251,31,8,20,11,0,1980-01-06T03:04:02,1601677922.645216,2020-10-03T01:32:02
315965055,477000,0,-116,-14,-116,0,0,-14,0,0,0,-88,12525,12301,251,33,8,98,11,0,1980-01-06T03:04:15,1601677935.759028,2020-10-03T01:32:15
315965068,715000,0,-116,-14,-116,0,0,-14,0,0,0,-88,13275,13051,251,35,8,169,11,0,1980-01-06T03:04:28,1601677950.70788,2020-10-03T01:32:30
315965080,282000,0,-116,-14,-14,0,0,-14,0,0,0,-88,13878,13651,254,37,8,247,11,0,1980-01-06T03:04:40,1601677964.4313,2020-10-03T01:32:44
315965093,848000,0,-116,-14,-116,0,0,-14,0,0,0,-88,14482,14251,258,39,8,70,11,0,1980-01-06T03:04:53,1601677978.572461,2020-10-03T01:32:58
315965108,81000,0,-116,-14,-116,0,0,-14,0,0,0,-88,15233,15001,259,40,8,147,11,0,1980-01-06T03:05:08,1601677993.270288,2020-10-03T01:33:13
315965122,309000,0,-116,-14,-116,0,0,-14,0,0,0,-88,15984,15751,260,42,8,223,11,0,1980-01-06T03:05:22,1601678007.917724,2020-10-03T01:33:27
315965134,750000,0,-116,-14,-19,0,0,-14,0,0,0,-88,16596,16351,273,44,8,42,11,0,1980-01-06T03:05:34,1601678022.465745,2020-10-03T01:33:42
315965148,371000,0,-116,-14,-14,0,0,-14,0,0,0,-88,17128,16801,369,45,8,121,11,0,1980-01-06T03:05:48,1601678036.657505,2020-10-03T01:33:56
315965163,918000,0,-116,-14,-19,0,0,-14,0,0,0,-88,17791,17401,442,47,8,200,11,0,1980-01-06T03:06:03,1601678051.460717,2020-10-03T01:34:11
315965175,327000,0,-116,-14,-19,0,0,-14,0,0,0,-88,18147,17701,505,48,8,27,11,0,1980-01-06T03:06:15,1601678066.537705,2020-10-03T01:34:26
315965188,226000,0,-116,-14,-14,0,0,-14,0,0,0,-88,18599,18001,671,49,8,104,11,0,1980-01-06T03:06:28,1601678079.249513,2020-10-03T01:34:39
315964812,619000,0,0,-14,-14,0,0,-14,0,0,0,-88,255,151,116,0,9,252,11,0,1980-01-06T03:00:12,1601678106.630949,2020-10-03T01:35:06
315964822,683000,0,-116,-14,-14,0,0,-14,0,0,0,-88,502,301,230,1,9,72,11,0,1980-01-06T03:00:22,1601678121.7156239,2020-10-03T01:35:21
315964838,159000,0,-116,-14,-14,0,0,-14,0,0,0,-88,1336,751,649,2,9,134,11,0,1980-01-06T03:00:38,1601678133.964912,2020-10-03T01:35:33
315964848,48000,0,-116,-14,-14,0,0,-14,0,0,0,-88,1885,1051,923,3,9,209,11,0,1980-01-06T03:00:48,1601678148.314209,2020-10-03T01:35:48
315964863,355000,0,-116,-14,-14,0,0,-14,0,0,0,-88,2415,1351,1192,4,9,30,11,0,1980-01-06T03:01:03,1601678161.394189,2020-10-03T01:36:01
315964878,675000,0,-116,-14,-14,0,0,-14,0,0,0,-88,4184,2251,2077,5,9,107,11,0,1980-01-06T03:01:18,1601678175.6413488,2020-10-03T01:36:15
315964890,925000,0,-116,-14,-14,0,0,-14,0,0,0,-88,16435,8401,8183,6,9,189,11,0,1980-01-06T03:01:30,1601678190.0363328,2020-10-03T01:36:30
315964904,682000,0,-116,-14,-14,0,0,-14,0,0,0,-88,21800,11101,10851,6,9,8,11,0,1980-01-06T03:01:44,1601678204.14886,2020-10-03T01:36:44
315964915,959000,0,-116,-14,-14,0,0,-14,0,0,0,-88,26891,13651,13401,7,9,87,11,0,1980-01-06T03:01:55,1601678218.627641,2020-10-03T01:36:58
315964929,980000,0,-116,-14,-14,0,0,-14,0,0,0,-88,37318,18901,18583,8,9,164,11,0,1980-01-06T03:02:09,1601678232.395748,2020-10-03T01:37:12
315964946,50000,0,-116,-14,-14,0,0,-14,0,0,0,-88,55416,28051,27532,8,9,241,11,0,1980-01-06T03:02:26,1601678246.6135519,2020-10-03T01:37:26
1601804316,755000,0,0,-14,-14,0,0,-14,0,0,0,-88,73598,37201,36564,8,9,78,11,0,2020-10-04T12:38:36,1601678264.7318048,2020-10-03T01:37:44
1601804334,895000,0,0,-14,-14,0,0,-14,0,0,0,-88,88150,44551,43766,8,9,169,11,0,2020-10-04T12:38:54,1601678282.23878,2020-10-03T01:38:02
1601804351,772000,0,0,-14,-14,0,0,-14,0,0,0,-88,105138,53101,52206,8,9,0,11,0,2020-10-04T12:39:11,1601678299.3280919,2020-10-03T01:38:19
1601804370,414000,0,0,-14,-14,0,0,-14,0,0,0,-88,120862,61051,59980,8,9,89,11,0,2020-10-04T12:39:30,1601678317.648613,2020-10-03T01:38:37
1601804384,892000,0,0,-14,-14,0,0,-14,0,0,0,-88,125927,63601,62496,8,9,176,11,0,2020-10-04T12:39:44,1601678334.705044,2020-10-03T01:38:54
1601804403,895000,0,0,-14,-14,0,0,-14,0,0,0,-88,136007,68701,67476,8,9,8,11,0,2020-10-04T12:40:03,1601678350.307713,2020-10-03T01:39:10
1601804421,570000,0,0,-14,-14,0,0,-14,0,0,0,-88,157423,79501,78093,8,9,99,11,0,2020-10-04T12:40:21,1601678368.5395238,2020-10-03T01:39:28
1601804438,189000,0,0,-14,-14,0,0,-14,0,0,0,-88,175288,88501,86958,8,9,181,11,0,2020-10-04T12:40:38,1601678386.134652,2020-10-03T01:39:46
1601804448,166000,0,0,-14,-14,0,0,-14,0,0,0,-88,179692,90751,89112,8,9,4,11,0,2020-10-04T12:40:48,1601678403.574373,2020-10-03T01:40:03
1601804471,761000,0,0,-14,-14,0,0,-14,0,0,0,-88,196654,99301,97526,8,9,83,11,0,2020-10-04T12:41:11,1601678420.9206119,2020-10-03T01:40:20
1601804491,466000,0,0,-14,-14,0,0,-14,0,0,0,-88,207656,104851,102978,8,9,167,11,0,2020-10-04T12:41:31,1601678437.854857,2020-10-03T01:40:37
1601804509,717000,0,0,-14,-14,0,0,-14,0,0,0,-88,223148,112651,110670,8,9,254,11,0,2020-10-04T12:41:49,1601678455.648424,2020-10-03T01:40:55
1601804524,558000,0,0,-14,-14,0,0,-14,0,0,0,-88,234506,118351,116328,8,9,64,11,0,2020-10-04T12:42:04,1601678473.080165,2020-10-03T01:41:13
1601804540,827000,0,0,-14,-14,0,0,-14,0,0,0,-88,247606,124951,122828,8,9,146,11,0,2020-10-04T12:42:20,1601678489.188125,2020-10-03T01:41:29
1601804576,598000,0,0,-14,-14,0,0,-14,0,0,0,-88,269077,135751,133499,8,9,62,11,0,2020-10-04T12:42:56,1601678524.24018,2020-10-03T01:42:04
1601804587,513000,0,0,-14,-14,0,0,-14,0,0,0,-88,275033,138751,136457,8,9,147,11,0,2020-10-04T12:43:07,1601678540.9836478,2020-10-03T01:42:20
1601804608,821000,0,0,-14,-14,0,0,-14,0,0,0,-88,281802,142201,139777,8,9,236,11,0,2020-10-04T12:43:28,1601678558.0431318,2020-10-03T01:42:38
1601804628,702000,0,0,-14,-14,0,0,-14,0,0,0,-88,299097,150901,148372,8,9,75,11,0,2020-10-04T12:43:48,1601678576.465708,2020-10-03T01:42:56
1601804645,455000,0,0,-14,-14,0,0,-14,0,0,0,-88,308076,155401,152851,8,9,155,11,0,2020-10-04T12:44:05,1601678591.843981,2020-10-03T01:43:11
1601804660,321000,0,0,-14,-14,0,0,-14,0,0,0,-88,314349,158551,155975,8,9,242,11,0,2020-10-04T12:44:20,1601678609.612764,2020-10-03T01:43:29
1601804679,753000,0,0,-14,-14,0,0,-14,0,0,0,-88,328929,165901,163205,8,9,74,11,0,2020-10-04T12:44:39,1601678626.205864,2020-10-03T01:43:46
1601804691,956000,0,0,-14,-14,0,0,-14,0,0,0,-88,333691,168301,165567,8,9,165,11,0,2020-10-04T12:44:51,1601678643.9726,2020-10-03T01:44:03
1601804704,522000,0,0,-14,-14,0,0,-14,0,0,0,-88,336056,169501,166732,8,9,247,11,0,2020-10-04T12:45:04,1601678659.344164,2020-10-03T01:44:19
1601804726,83000,0,0,-14,-14,0,0,-14,0,0,0,-88,347651,175351,172478,8,9,86,11,0,2020-10-04T12:45:26,1601678677.242488,2020-10-03T01:44:37
1601804745,190000,0,0,-14,-14,0,0,-14,0,0,0,-88,362248,182701,179725,8,9,170,11,0,2020-10-04T12:45:45,1601678695.236984,2020-10-03T01:44:55
1601804777,866000,0,0,-14,-14,0,0,-14,0,0,0,-88,382225,192751,189653,8,9,77,11,0,2020-10-04T12:46:17,1601678728.6702158,2020-10-03T01:45:28
1601804798,875000,0,0,-14,-14,0,0,-14,0,0,0,-88,391425,197401,194204,8,9,167,11,0,2020-10-04T12:46:38,1601678744.9314249,2020-10-03T01:45:44
1601804815,701000,0,0,-14,-14,0,0,-14,0,0,0,-88,406326,204901,201605,8,9,3,11,0,2020-10-04T12:46:55,1601678762.9982278,2020-10-03T01:46:02
1601804832,787000,0,0,-14,-14,0,0,-14,0,0,0,-88,413804,208651,205333,8,9,87,11,0,2020-10-04T12:47:12,1601678778.6258838,2020-10-03T01:46:18
1601804849,781000,0,0,-14,-14,0,0,-14,0,0,0,-88,423852,213751,210282,8,9,178,11,0,2020-10-04T12:47:29,1601678797.8942199,2020-10-03T01:46:37
1601804864,293000,0,0,-14,-14,0,0,-14,0,0,0,-88,436369,220051,216500,8,9,10,11,0,2020-10-04T12:47:44,1601678815.127501,2020-10-03T01:46:55
1601804883,384000,0,0,-14,-14,0,0,-14,0,0,0,-88,443533,223651,220064,8,9,96,11,0,2020-10-04T12:48:03,1601678832.470293,2020-10-03T01:47:12
1601804900,430000,0,0,-14,-14,0,0,-14,0,0,0,-88,455167,229501,225849,8,9,178,11,0,2020-10-04T12:48:20,1601678848.02014,2020-10-03T01:47:28
1601804915,707000,0,0,-14,-14,0,0,-14,0,0,0,-88,466476,235201,231458,8,9,13,11,0,2020-10-04T12:48:35,1601678866.06812,2020-10-03T01:47:46
1601804934,309000,0,0,-14,-14,0,0,-14,0,0,0,-88,477193,240601,236775,8,9,100,11,0,2020-10-04T12:48:54,1601678883.835141,2020-10-03T01:48:03
1601804951,941000,0,0,-14,-14,0,0,-14,0,0,0,-88,487933,246001,242115,8,9,193,11,0,2020-10-04T12:49:11,1601678901.769392,2020-10-03T01:48:21
1601804972,657000,0,0,-14,-14,0,0,-14,0,0,0,-88,495695,249901,245977,8,9,27,11,0,2020-10-04T12:49:32,1601678919.6282969,2020-10-03T01:48:39
1601804989,587000,0,0,-14,-116,0,0,-14,0,0,0,-88,503718,253951,249951,8,9,112,11,0,2020-10-04T12:49:49,1601678936.637905,2020-10-03T01:48:56
1601805007,336000,0,0,-14,-14,0,0,-14,0,0,0,-88,511419,257851,253752,8,9,202,11,0,2020-10-04T12:50:07,1601678954.569669,2020-10-03T01:49:14
1601805022,627000,0,0,-14,-14,0,0,-14,0,0,0,-88,526955,265651,261489,8,9,32,11,0,2020-10-04T12:50:22,1601678971.393949,2020-10-03T01:49:31
1601805038,112000,0,0,-14,-14,0,0,-14,0,0,0,-88,536183,270301,266068,8,9,110,11,0,2020-10-04T12:50:38,1601678987.673389,2020-10-03T01:49:47
1601805054,958000,0,0,-14,-14,0,0,-14,0,0,0,-88,541523,273001,268708,8,9,194,11,0,2020-10-04T12:50:54,1601679004.87562,2020-10-03T01:50:04
1601805072,950000,0,0,-14,-14,0,0,-14,0,0,0,-88,553456,279001,274641,8,9,25,11,0,2020-10-04T12:51:12,1601679022.186576,2020-10-03T01:50:22
1601805091,945000,0,0,-14,-14,0,0,-14,0,0,0,-88,563568,284101,279653,8,9,116,11,0,2020-10-04T12:51:31,1601679039.728428,2020-10-03T01:50:39
1601805109,95000,0,0,-14,-14,0,0,-14,0,0,0,-88,575202,289951,285438,8,9,208,11,0,2020-10-04T12:51:49,1601679057.524853,2020-10-03T01:50:57
1601805145,317000,0,0,-14,-14,0,0,-14,0,0,0,-88,591851,298351,293687,8,9,112,11,0,2020-10-04T12:52:25,1601679092.18766,2020-10-03T01:51:32
1601805161,441000,0,0,-14,-14,0,0,-14,0,0,0,-88,602259,303601,298845,8,9,186,11,0,2020-10-04T12:52:41,1601679109.973001,2020-10-03T01:51:49
1601805176,968000,0,0,-14,-14,0,0,-14,0,0,0,-88,613552,309301,304438,8,9,12,11,0,2020-10-04T12:52:56,1601679127.253552,2020-10-03T01:52:07
1601805192,145000,0,0,-14,-14,0,0,-14,0,0,0,-88,625167,315151,310203,8,9,100,11,0,2020-10-04T12:53:12,1601679145.346505,2020-10-03T01:52:25
1601805212,861000,0,0,-14,-14,0,0,-14,0,0,0,-88,636815,321001,316001,8,9,189,11,0,2020-10-04T12:53:32,1601679162.575856,2020-10-03T01:52:42
1601805229,569000,0,0,-14,-14,0,0,-14,0,0,0,-88,644479,324901,319765,8,9,18,11,0,2020-10-04T12:53:49,1601679179.130812,2020-10-03T01:52:59
1601805249,542000,0,0,-14,-14,0,0,-14,0,0,0,-88,648889,327151,321926,8,9,105,11,0,2020-10-04T12:54:09,1601679196.1208038,2020-10-03T01:53:16
1601805266,863000,0,0,-14,-14,0,0,-14,0,0,0,-88,664052,334801,329440,8,9,190,11,0,2020-10-04T12:54:26,1601679213.6281328,2020-10-03T01:53:33
1601805282,927000,0,0,-14,-14,0,0,-14,0,0,0,-88,676898,341251,335837,8,9,29,11,0,2020-10-04T12:54:42,1601679231.257649,2020-10-03T01:53:51
1601805299,797000,0,0,-14,-14,0,0,-14,0,0,0,-88,690033,347851,342372,8,9,120,11,0,2020-10-04T12:54:59,1601679248.8417609,2020-10-03T01:54:08
1601805312,227000,0,0,-14,-14,0,0,-14,0,0,0,-88,707010,356401,350799,8,9,197,11,0,2020-10-04T12:55:12,1601679265.295876,2020-10-03T01:54:25
1601805335,257000,0,0,-14,-116,0,0,-14,0,0,0,-88,712372,359251,353311,8,9,4,11,0,2020-10-04T12:55:35,1601679284.331328,2020-10-03T01:54:44
1601805368,665000,0,0,-14,-116,0,0,-14,0,0,0,-88,728221,367651,360763,8,9,88,11,0,2020-10-04T12:56:08,1601679315.3173769,2020-10-03T01:55:15
1601805398,537000,0,0,-14,-16,0,0,-14,0,0,0,-88,741250,374551,366893,8,9,179,11,0,2020-10-04T12:56:38,1601679347.121129,2020-10-03T01:55:47
1601805430,912000,0,0,-14,-14,0,0,-14,0,0,0,-88,765277,387001,378470,8,9,8,11,0,2020-10-04T12:57:10,1601679378.039548,2020-10-03T01:56:18
1601805463,465000,0,0,-14,-14,0,0,-14,0,0,0,-88,780056,394801,385449,8,9,95,11,0,2020-10-04T12:57:43,1601679409.062525,2020-10-03T01:56:49
1601805494,155000,0,0,-14,-14,0,0,-14,0,0,0,-88,795370,402901,392663,8,9,185,11,0,2020-10-04T12:58:14,1601679440.9105608,2020-10-03T01:57:20
1601805549,779000,0,0,-14,-14,0,0,-14,0,0,0,-88,830193,421051,409338,8,9,82,11,0,2020-10-04T12:59:09,1601679503.831877,2020-10-03T01:58:23
1601805584,441000,0,0,-14,-14,0,0,-14,0,0,0,-88,858313,435601,422910,8,9,156,11,0,2020-10-04T12:59:44,1601679532.0056849,2020-10-03T01:58:52
1601805615,969000,0,0,-14,-14,0,0,-14,0,0,0,-88,871854,442801,429251,8,9,249,11,0,2020-10-04T13:00:15,1601679563.3275518,2020-10-03T01:59:23
1601805646,809000,0,0,-14,-14,0,0,-14,0,0,0,-88,897495,456001,441694,8,9,64,11,0,2020-10-04T13:00:46,1601679594.864429,2020-10-03T01:59:54
1601805728,37000,0,0,-14,-14,0,0,-14,0,0,0,-88,938400,477301,461300,8,9,211,11,0,2020-10-04T13:02:08,1601679658.048085,2020-10-03T02:00:58
1601805742,927000,0,0,-14,-14,0,0,-14,0,0,0,-88,950085,483601,466685,8,9,19,11,0,2020-10-04T13:02:22,1601679688.9929888,2020-10-03T02:01:28
1601805774,542000,0,0,-14,-14,0,0,-14,0,0,0,-88,968707,493351,475558,8,9,108,11,0,2020-10-04T13:02:54,1601679720.457285,2020-10-03T02:02:00
1601805866,452000,0,0,-14,-14,0,0,-14,0,0,0,-88,1041810,531151,510862,8,9,55,11,0,2020-10-04T13:04:26,1601679815.6034439,2020-10-03T02:03:35
1601805897,526000,0,0,-14,-14,0,0,-14,0,0,0,-88,1069392,545401,524195,8,9,105,11,0,2020-10-04T13:04:57,1601679846.838265,2020-10-03T02:04:06
1601805994,659000,0,0,-14,-14,0,0,-14,0,0,0,-88,1092120,558001,534325,8,9,46,11,0,2020-10-04T13:06:34,1601679941.4351559,2020-10-03T02:05:41
1601806054,349000,0,0,-14,-14,0,0,-14,0,0,0,-88,1112832,569101,543938,8,9,129,11,0,2020-10-04T13:07:34,1601680004.2137408,2020-10-03T02:06:44
1601806117,704000,0,0,-14,-14,0,0,-14,0,0,0,-88,1164058,595501,568765,8,9,204,11,0,2020-10-04T13:08:37,1601680066.448004,2020-10-03T02:07:46
1601806149,133000,0,0,-14,-14,0,0,-14,0,0,0,-88,1182530,605101,577637,8,9,42,11,0,2020-10-04T13:09:09,1601680098.2749279,2020-10-03T02:08:18
1601806181,192000,0,0,-14,-14,0,0,-14,0,0,0,-88,1209662,619051,590819,8,9,135,11,0,2020-10-04T13:09:41,1601680129.094513,2020-10-03T02:08:49
1601806213,697000,0,0,-14,-14,0,0,-14,0,0,0,-88,1238489,633901,604796,8,9,224,11,0,2020-10-04T13:10:13,1601680161.038045,2020-10-03T02:09:21
1601806246,86000,0,0,-14,-14,0,0,-14,0,0,0,-88,1268497,649351,619354,8,9,63,11,0,2020-10-04T13:10:46,1601680192.5022838,2020-10-03T02:09:52
1601806274,819000,0,0,-14,-14,0,0,-14,0,0,0,-88,1290999,660901,630306,8,9,154,11,0,2020-10-04T13:11:14,1601680223.031281,2020-10-03T02:10:23
1601806305,728000,0,0,-14,-14,0,0,-14,0,0,0,-88,1321015,676351,644873,8,9,244,11,0,2020-10-04T13:11:45,1601680255.2196798,2020-10-03T02:10:55
1601806340,39000,0,0,-14,-16,0,0,-14,0,0,0,-88,1349511,691051,658670,8,9,77,11,0,2020-10-04T13:12:20,1601680286.150164,2020-10-03T02:11:26
1601806371,136000,0,0,-14,-14,0,0,-14,0,0,0,-88,1374879,704101,670989,8,9,175,11,0,2020-10-04T13:12:51,1601680317.881237,2020-10-03T02:11:57
1601806402,410000,0,0,-14,-14,0,0,-14,0,0,0,-88,1394506,714301,680416,8,9,7,11,0,2020-10-04T13:13:22,1601680348.967521,2020-10-03T02:12:28
1601806431,927000,0,0,-14,-14,0,0,-14,0,0,0,-88,1421922,728401,693733,8,9,100,11,0,2020-10-04T13:13:51,1601680381.189353,2020-10-03T02:13:01
1601806465,622000,0,0,-14,-14,0,0,-14,0,0,0,-88,1448930,742351,706791,8,9,189,11,0,2020-10-04T13:14:25,1601680412.2105398,2020-10-03T02:13:32
1601806494,449000,0,0,-14,-14,0,0,-14,0,0,0,-88,1478972,757801,721384,8,9,21,11,0,2020-10-04T13:14:54,1601680442.9488719,2020-10-03T02:14:02
1601806494,516000,0,0,-14,-14,0,0,-14,0,0,0,-88,1497015,767101,730129,8,9,99,11,0,2020-10-04T13:14:54,1601680466.876869,2020-10-03T02:14:26
1601806494,680000,0,0,-14,-14,0,0,-14,0,0,0,-88,1511950,774901,737264,8,9,178,11,0,2020-10-04T13:14:54,1601680493.7548559,2020-10-03T02:14:53
1601806494,603000,0,-116,-14,-14,0,0,-14,0,0,0,-88,1534864,786601,748478,10,9,6,11,0,2020-10-04T13:14:54,1601680519.835932,2020-10-03T02:15:19
1601806494,619000,0,-116,-14,-14,0,0,-14,0,0,0,-88,1551190,795151,756254,14,9,88,11,0,2020-10-04T13:14:54,1601680546.329613,2020-10-03T02:15:46
1601806494,57000,0,-116,-14,-14,0,0,-14,0,0,0,-88,1576494,808351,768359,20,9,251,11,0,2020-10-04T13:14:54,1601680598.522665,2020-10-03T02:16:38
1601806494,782000,0,-116,-14,-14,0,0,-14,0,0,0,-88,1592873,816901,776188,23,9,75,11,0,2020-10-04T13:14:54,1601680625.620636,2020-10-03T02:17:05
1601806494,42000,0,-116,-14,-116,0,0,-14,0,0,0,-88,1599640,820651,779205,27,9,153,11,0,2020-10-04T13:14:54,1601680652.425837,2020-10-03T02:17:32
1601806494,464000,0,-116,-14,-14,0,0,-14,0,0,0,-88,1610145,826201,784162,29,9,233,11,0,2020-10-04T13:14:54,1601680675.735133,2020-10-03T02:17:55
1601806494,513000,0,-116,-14,-116,0,0,-14,0,0,0,-88,1617680,830251,787647,31,9,61,11,0,2020-10-04T13:14:54,1601680702.2117848,2020-10-03T02:18:22
1601806494,762000,0,-116,-14,-14,0,0,-14,0,0,0,-88,1637031,840301,796948,35,9,143,11,0,2020-10-04T13:14:54,1601680728.646236,2020-10-03T02:18:48
1601806494,264000,0,-116,-14,-14,0,0,-14,0,0,0,-88,1650599,847351,803466,38,9,224,11,0,2020-10-04T13:14:54,1601680755.2375119,2020-10-03T02:19:15
1601806494,233000,0,-116,-14,-14,0,0,-14,0,0,0,-88,1670763,857851,813132,40,9,41,11,0,2020-10-04T13:14:54,1601680781.6912758,2020-10-03T02:19:41
1601806494,914000,0,-116,-14,-14,0,0,-14,0,0,0,-88,1673767,859651,814355,41,9,118,11,0,2020-10-04T13:14:54,1601680807.8236759,2020-10-03T02:20:07
1601806892,1000,0,-116,-14,-116,0,0,-14,0,0,0,-88,1675078,860701,814645,41,9,192,11,0,2020-10-04T13:21:32,1601680839.370877,2020-10-03T02:20:39
1601806923,16000,0,0,-14,-116,0,0,-14,0,0,0,-88,1676465,862051,814688,41,9,30,11,0,2020-10-04T13:22:03,1601680869.934217,2020-10-03T02:21:09
1601806951,711000,0,0,-14,-116,0,0,-14,0,0,0,-88,1677966,863551,814689,41,9,117,11,0,2020-10-04T13:22:31,1601680901.5739279,2020-10-03T02:21:41
1601806982,107000,0,0,-14,-116,0,0,-14,0,0,0,-88,1679616,865201,814689,41,9,205,11,0,2020-10-04T13:23:02,1601680933.1321929,2020-10-03T02:22:13
1601807015,193000,0,0,-14,-116,0,0,-14,0,0,0,-88,1681416,867001,814689,41,9,37,11,0,2020-10-04T13:23:35,1601680961.514961,2020-10-03T02:22:41
1601807045,424000,0,0,-14,-116,0,0,-14,0,0,0,-88,1683066,868651,814689,41,9,129,11,0,2020-10-04T13:24:05,1601680992.669844,2020-10-03T02:23:12
1601807075,612000,0,0,-14,-116,0,0,-14,0,0,0,-88,1684716,870301,814689,41,9,214,11,0,2020-10-04T13:24:35,1601681023.956069,2020-10-03T02:23:43
1601807108,497000,0,0,-14,-116,0,0,-14,0,0,0,-88,1686516,872101,814689,41,9,46,11,0,2020-10-04T13:25:08,1601681055.660357,2020-10-03T02:24:15
1601807138,560000,0,0,-14,-116,0,0,-14,0,0,0,-88,1688166,873751,814689,41,9,136,11,0,2020-10-04T13:25:38,1601681086.7464318,2020-10-03T02:24:46
1601807168,588000,0,0,-14,-116,0,0,-14,0,0,0,-88,1689820,875401,814693,41,9,226,11,0,2020-10-04T13:26:08,1601681118.177748,2020-10-03T02:25:18
1601807202,833000,0,0,-14,-116,0,0,-14,0,0,0,-88,1691217,876751,814745,41,9,55,11,0,2020-10-04T13:26:42,1601681149.133525,2020-10-03T02:25:49
1601807231,903000,0,0,-14,-14,0,0,-14,0,0,0,-88,1692471,877801,814977,41,9,145,11,0,2020-10-04T13:27:11,1601681181.1852,2020-10-03T02:26:21
1601807264,882000,0,0,-14,-14,0,0,-14,0,0,0,-88,1694961,879451,815828,41,9,230,11,0,2020-10-04T13:27:44,1601681211.930197,2020-10-03T02:26:51
1601807298,280000,0,0,-14,-14,0,0,-14,0,0,0,-88,1708950,886951,822321,41,9,65,11,0,2020-10-04T13:28:18,1601681243.9639359,2020-10-03T02:27:23
1601807327,858000,0,0,-14,-14,0,0,-14,0,0,0,-88,1730688,898201,832810,41,9,155,11,0,2020-10-04T13:28:47,1601681275.618821,2020-10-03T02:27:55
1601807359,65000,0,0,-14,-14,0,0,-14,0,0,0,-88,1763404,915001,848726,41,9,247,11,0,2020-10-04T13:29:19,1601681306.605053,2020-10-03T02:28:26
1601807388,686000,0,0,-14,-14,0,0,-14,0,0,0,-88,1787773,927601,860498,41,9,82,11,0,2020-10-04T13:29:48,1601681334.561761,2020-10-03T02:28:54
1601807419,887000,0,0,-14,-14,0,0,-14,0,0,0,-88,1820548,944401,876476,41,9,176,11,0,2020-10-04T13:30:19,1601681366.123904,2020-10-03T02:29:26
1601807449,275000,0,0,-14,-14,0,0,-14,0,0,0,-88,1840510,954751,886089,41,9,11,11,0,2020-10-04T13:30:49,1601681397.5538409,2020-10-03T02:29:57
1601807477,641000,0,0,-14,-14,0,0,-14,0,0,0,-88,1868247,969001,899576,41,9,106,11,0,2020-10-04T13:31:17,1601681423.720177,2020-10-03T02:30:23
1601807493,840000,0,0,-14,-14,0,0,-14,0,0,0,-88,1898153,984001,914487,41,9,195,11,0,2020-10-04T13:31:33,1601681441.1239839,2020-10-03T02:30:41
1601807510,293000,0,0,-14,-14,0,0,-14,0,0,0,-88,1920267,995101,925507,41,9,29,11,0,2020-10-04T13:31:50,1601681458.185601,2020-10-03T02:30:58
1601807526,603000,0,0,-14,-14,0,0,-14,0,0,0,-88,1936628,1003351,933626,41,9,119,11,0,2020-10-04T13:32:06,1601681474.6195998,2020-10-03T02:31:14
1601807543,593000,0,0,-14,-14,0,0,-14,0,0,0,-88,1959632,1014901,945086,41,9,210,11,0,2020-10-04T13:32:23,1601681492.128233,2020-10-03T02:31:32
1601807562,628000,0,0,-14,-14,0,0,-14,0,0,0,-88,1978655,1024501,954517,41,9,43,11,0,2020-10-04T13:32:42,1601681509.0197358,2020-10-03T02:31:49
1601807579,533000,0,0,-14,-14,0,0,-14,0,0,0,-88,1990876,1030651,960601,41,9,126,11,0,2020-10-04T13:32:59,1601681526.35974,2020-10-03T02:32:06
1601807593,423000,0,0,-14,-14,0,0,-14,0,0,0,-88,1993120,1031851,961650,41,9,221,11,0,2020-10-04T13:33:13,1601681543.644409,2020-10-03T02:32:23
1601807605,57000,0,0,-14,-14,0,0,-14,0,0,0,-88,1993478,1032151,961714,41,9,50,11,0,2020-10-04T13:33:25,1601681560.7218199,2020-10-03T02:32:40
1601807631,745000,0,0,-14,-14,0,0,-14,0,0,0,-88,2039835,1055401,984829,41,9,149,11,0,2020-10-04T13:33:51,1601681578.2040598,2020-10-03T02:32:58
1601807649,365000,0,0,-14,-14,0,0,-14,0,0,0,-88,2090835,1080901,1010329,41,9,239,11,0,2020-10-04T13:34:09,1601681595.5227878,2020-10-03T02:33:15
1601807664,887000,0,0,-14,-14,0,0,-14,0,0,0,-88,2135835,1103401,1032829,41,9,73,11,0,2020-10-04T13:34:24,1601681612.4682639,2020-10-03T02:33:32
1601807682,486000,0,0,-14,-14,0,0,-14,0,0,0,-88,2186835,1128901,1058329,41,9,165,11,0,2020-10-04T13:34:42,1601681629.202333,2020-10-03T02:33:49
1601807718,681000,0,0,-14,-14,0,0,-14,0,0,0,-88,2291835,1181401,1110829,41,9,85,11,0,2020-10-04T13:35:18,1601681664.710697,2020-10-03T02:34:24
1601807736,265000,0,0,-14,-14,0,0,-14,0,0,0,-88,2342835,1206901,1136329,41,9,178,11,0,2020-10-04T13:35:36,1601681682.8498769,2020-10-03T02:34:42
1601807753,821000,0,0,-14,-14,0,0,-14,0,0,0,-88,2393835,1232401,1161829,41,9,8,11,0,2020-10-04T13:35:53,1601681699.220196,2020-10-03T02:34:59
1601807769,325000,0,0,-14,-14,0,0,-14,0,0,0,-88,2438835,1254901,1184329,41,9,101,11,0,2020-10-04T13:36:09,1601681717.666241,2020-10-03T02:35:17
1601807787,893000,0,0,-14,-14,0,0,-14,0,0,0,-88,2492835,1281901,1211329,41,9,191,11,0,2020-10-04T13:36:27,1601681733.79812,2020-10-03T02:35:33
