time_s,time_us,temperature,pressure,humidity,altitude,seq,srcSystem,srcComponent,time_gregorian,log_timestamp,log_timestamp_gregorian
1601800055,275000,21.332908898448135,102020.11764956862,38.35245124931515,0.0,43,13,0,2020-10-04T11:27:35,1601673983.7891,2020-10-03T00:26:23
1601800072,275000,21.616220704486317,102023.30697705413,37.69320093029819,0.0,93,13,0,2020-10-04T11:27:52,1601674001.8064768,2020-10-03T00:26:41
1601800086,424000,21.703320122320385,102023.20347490374,36.73745708324737,0.0,134,13,0,2020-10-04T11:28:06,1601674015.2761278,2020-10-03T00:26:55
1601800104,424000,21.695982072860737,102018.59405630143,37.28502536019219,0.0,178,13,0,2020-10-04T11:28:24,1601674032.349581,2020-10-03T00:27:12
1601800118,712000,21.872095425879547,102024.36914608993,37.30119377531149,0.0,222,13,0,2020-10-04T11:28:38,1601674047.409345,2020-10-03T00:27:27
1601800136,712000,22.060651954128936,102033.90440631859,38.080758452957646,0.0,16,13,0,2020-10-04T11:28:56,1601674065.818244,2020-10-03T00:27:45
1601800149,827000,22.115847087444696,102032.697355892,37.858960234100174,0.0,58,13,0,2020-10-04T11:29:09,1601674079.0702,2020-10-03T00:27:59
1601800168,827000,22.24984697464099,102027.09881338518,36.79682575501438,0.0,104,13,0,2020-10-04T11:29:28,1601674097.5554008,2020-10-03T00:28:17
1601800181,444000,22.339499392093057,102027.09363605565,36.125141537501605,0.0,146,13,0,2020-10-04T11:29:41,1601674110.734108,2020-10-03T00:28:30
1601800199,444000,22.483390114523196,102030.2550148651,36.38628796092448,0.0,197,13,0,2020-10-04T11:29:59,1601674128.975137,2020-10-03T00:28:48
1601800212,64000,22.617709600681337,102025.03738773747,35.56176100263809,0.0,238,13,0,2020-10-04T11:30:12,1601674142.185273,2020-10-03T00:29:02
1601800231,64000,22.85157274980868,102027.40771569713,35.477232884415606,0.0,31,13,0,2020-10-04T11:30:31,1601674160.362648,2020-10-03T00:29:20
1601800243,684000,23.06406012434784,102025.25764276639,35.79615754472996,0.0,76,13,0,2020-10-04T11:30:43,1601674174.540616,2020-10-03T00:29:34
1601800262,307000,23.380239718679604,102027.4821791421,34.938546080075,0.0,123,13,0,2020-10-04T11:31:02,1601674192.5494049,2020-10-03T00:29:52
1601800275,307000,23.53689419973127,102019.65943098516,34.42141472980298,0.0,167,13,0,2020-10-04T11:31:15,1601674205.752188,2020-10-03T00:30:05
1601800292,931000,23.795326834703722,102021.99676621435,34.39420840704432,0.0,218,13,0,2020-10-04T11:31:32,1601674223.7963998,2020-10-03T00:30:23
1601800305,931000,23.97686823047843,102025.79984376537,33.97551873305641,0.0,9,13,0,2020-10-04T11:31:45,1601674240.385177,2020-10-03T00:30:40
1601800324,555000,24.108637523327,102023.12124913475,33.01203547539267,0.0,51,13,0,2020-10-04T11:32:04,1601674255.7113168,2020-10-03T00:30:55
1601800337,555000,24.226687659809453,102025.25334203812,31.97758954925737,0.0,96,13,0,2020-10-04T11:32:17,1601674269.5191169,2020-10-03T00:31:09
1601800356,179000,24.37919590437925,102023.82649087132,31.951012219118414,0.0,142,13,0,2020-10-04T11:32:36,1601674287.793956,2020-10-03T00:31:27
1601800369,179000,24.492460563733765,102024.98782281169,32.40064879977642,0.0,187,13,0,2020-10-04T11:32:49,1601674301.9213688,2020-10-03T00:31:41
1601800386,804000,24.600620470766103,102024.43879137844,33.543110233490346,0.0,231,13,0,2020-10-04T11:33:06,1601674318.852869,2020-10-03T00:31:58
1601800400,804000,24.736857471743225,102020.22955252008,32.91261007556239,0.0,20,13,0,2020-10-04T11:33:20,1601674333.534432,2020-10-03T00:32:13
1601800418,427000,24.86543731385484,102021.75108266664,33.01595346646073,0.0,70,13,0,2020-10-04T11:33:38,1601674351.440552,2020-10-03T00:32:31
1601800432,427000,25.00422717694346,102021.36014808922,33.47162840103606,0.0,116,13,0,2020-10-04T11:33:52,1601674365.739169,2020-10-03T00:32:45
1601800450,47000,25.06229564326286,102022.07128566963,32.565788722819235,0.0,165,13,0,2020-10-04T11:34:10,1601674383.6153169,2020-10-03T00:33:03
1601800464,47000,25.121959436342173,102018.30255517873,32.46472164184528,0.0,207,13,0,2020-10-04T11:34:24,1601674397.410992,2020-10-03T00:33:17
1601800480,669000,24.994655455341217,102018.04754264526,32.267430647063605,0.0,253,13,0,2020-10-04T11:34:40,1601674415.281556,2020-10-03T00:33:35
1601800498,669000,25.09515858319594,102034.6070834849,33.39367793886343,0.0,44,13,0,2020-10-04T11:34:58,1601674432.6678438,2020-10-03T00:33:52
1601800512,291000,25.154822398172474,102039.1604540636,32.699181515880554,0.0,87,13,0,2020-10-04T11:35:12,1601674446.629233,2020-10-03T00:34:06
1601800530,291000,25.247668306963373,102024.2569017929,30.32164813297199,0.0,137,13,0,2020-10-04T11:35:30,1601674464.752876,2020-10-03T00:34:24
1601800542,913000,25.36157218223707,102025.6472594068,30.84251504317976,0.0,180,13,0,2020-10-04T11:35:42,1601674478.267576,2020-10-03T00:34:38
1601800560,913000,25.469095020971896,102020.15006982016,30.551652136483355,0.0,226,13,0,2020-10-04T11:36:00,1601674494.790696,2020-10-03T00:34:54
1601800574,536000,25.46526631233121,102025.15626916758,29.604108947985797,0.0,12,13,0,2020-10-04T11:36:14,1601674509.9374928,2020-10-03T00:35:09
1601800592,536000,25.51440141898386,102016.84160577877,30.368102705133865,0.0,58,13,0,2020-10-04T11:36:32,1601674527.6657128,2020-10-03T00:35:27
1601800606,158000,25.432403236565097,102020.97723504901,29.422490045445777,0.0,102,13,0,2020-10-04T11:36:46,1601674541.949889,2020-10-03T00:35:41
1601800624,158000,25.373696412787194,102023.587731959,29.19448621178275,0.0,153,13,0,2020-10-04T11:37:04,1601674559.721473,2020-10-03T00:35:59
1601800637,780000,25.359976888865845,102018.22127419588,29.153652449173418,0.0,196,13,0,2020-10-04T11:37:17,1601674574.274925,2020-10-03T00:36:14
1601800655,780000,25.454418305404964,102017.17821591784,30.48726800945398,0.0,240,13,0,2020-10-04T11:37:35,1601674592.004024,2020-10-03T00:36:32
1601800669,403000,25.495257867731404,102017.8922342729,29.944765147598403,0.0,29,13,0,2020-10-04T11:37:49,1601674606.394284,2020-10-03T00:36:46
1601800686,403000,25.574384572744226,102019.40391363984,29.777903570890018,0.0,73,13,0,2020-10-04T11:38:06,1601674622.753644,2020-10-03T00:37:02
1601800700,25000,25.555879127404502,102016.83276186786,29.64295811953012,0.0,120,13,0,2020-10-04T11:38:20,1601674637.8625638,2020-10-03T00:37:17
1601800718,25000,25.534502152203732,102021.07296341004,29.42567043478235,0.0,168,13,0,2020-10-04T11:38:38,1601674654.835537,2020-10-03T00:37:34
1601800731,647000,25.54598828749813,102024.20242823397,29.095615828836088,0.0,214,13,0,2020-10-04T11:38:51,1601674669.8322399,2020-10-03T00:37:49
1601800749,647000,25.580765761679164,102020.65686877187,28.788420180815457,0.0,5,13,0,2020-10-04T11:39:09,1601674687.0348039,2020-10-03T00:38:07
1601800763,269000,25.58140388059767,102020.58464346288,28.75895542253232,0.0,52,13,0,2020-10-04T11:39:23,1601674702.316148,2020-10-03T00:38:22
1601800780,891000,25.55938878053712,102018.61741851227,28.347284865129208,0.0,98,13,0,2020-10-04T11:39:40,1601674720.0436518,2020-10-03T00:38:40
1601800794,891000,25.610119236637026,102021.82283372383,28.12785431829946,0.0,143,13,0,2020-10-04T11:39:54,1601674734.3900719,2020-10-03T00:38:54
1601800812,515000,25.577894226602165,102020.16489671504,28.393876009165453,0.0,188,13,0,2020-10-04T11:40:12,1601674751.676908,2020-10-03T00:39:11
1601800826,515000,25.52748284802692,102026.03397108012,28.47778251995137,0.0,235,13,0,2020-10-04T11:40:26,1601674765.999017,2020-10-03T00:39:25
1601800844,137000,25.48855762575995,102028.37749499467,28.967644126239406,0.0,25,13,0,2020-10-04T11:40:44,1601674783.588537,2020-10-03T00:39:43
1601800858,137000,25.411345349696056,102028.89582577655,28.310347659114964,0.0,72,13,0,2020-10-04T11:40:58,1601674797.763444,2020-10-03T00:39:57
1601800875,756000,25.293931768242327,102026.54271591558,28.678706103247073,0.0,114,13,0,2020-10-04T11:41:15,1601674815.3837159,2020-10-03T00:40:15
1601800889,756000,25.173008702621907,102028.40111764114,28.88805081512406,0.0,163,13,0,2020-10-04T11:41:29,1601674830.16418,2020-10-03T00:40:30
1601800906,377000,25.027518370449638,102027.99283923513,29.21556630917645,0.0,208,13,0,2020-10-04T11:41:46,1601674848.029573,2020-10-03T00:40:48
1601800920,377000,24.88649507234188,102028.50113542903,29.819026287096886,0.0,254,13,0,2020-10-04T11:42:00,1601674865.2875888,2020-10-03T00:41:05
1601800934,995000,24.867351655330843,102025.96630663876,29.913566944372647,0.0,42,13,0,2020-10-04T11:42:14,1601674880.296073,2020-10-03T00:41:20
1601800952,995000,24.885537901394127,102023.73534107003,29.389877182404362,0.0,87,13,0,2020-10-04T11:42:32,1601674894.686112,2020-10-03T00:41:34
1601800966,615000,24.849803526666072,102028.46589853293,29.5377908923691,0.0,131,13,0,2020-10-04T11:42:46,1601674911.7082798,2020-10-03T00:41:51
1601800984,615000,24.809283315433483,102026.2727245255,28.48648284485112,0.0,182,13,0,2020-10-04T11:43:04,1601674929.5248408,2020-10-03T00:42:09
1601801002,236000,24.782163499261152,102026.65201102896,29.14571013562212,0.0,227,13,0,2020-10-04T11:43:22,1601674944.743532,2020-10-03T00:42:24
1601801015,236000,24.354947714235664,102028.26933951826,29.873569970667162,0.0,18,13,0,2020-10-04T11:43:35,1601674961.476101,2020-10-03T00:42:41
1601801032,857000,24.17212933414594,102023.24090715968,29.426188783780578,0.0,60,13,0,2020-10-04T11:43:52,1601674975.4780638,2020-10-03T00:42:55
1601801046,857000,23.7793741813148,102017.94172495567,30.433258035329843,0.0,109,13,0,2020-10-04T11:44:06,1601674993.532173,2020-10-03T00:43:13
1601801064,475000,23.776821757036327,102019.89651957239,30.931644726684635,0.0,154,13,0,2020-10-04T11:44:24,1601675007.082653,2020-10-03T00:43:27
1601801082,475000,23.86998529033974,102018.38193038682,30.78882013789426,0.0,204,13,0,2020-10-04T11:44:42,1601675025.7972999,2020-10-03T00:43:45
1601801096,94000,23.960277437375407,102018.07236681502,30.93337515138398,0.0,249,13,0,2020-10-04T11:44:56,1601675039.50932,2020-10-03T00:43:59
1601801113,94000,24.039402785958735,102017.75941330001,31.47705504703916,0.0,39,13,0,2020-10-04T11:45:13,1601675056.536649,2020-10-03T00:44:16
1601801126,716000,24.078646432364827,102016.02071442,30.273622615842545,0.0,90,13,0,2020-10-04T11:45:26,1601675073.645704,2020-10-03T00:44:33
1601801144,716000,24.101618330924815,102016.8322148666,30.39628544266387,0.0,135,13,0,2020-10-04T11:45:44,1601675088.941592,2020-10-03T00:44:48
1601801158,337000,23.918800468067,102012.64042656089,31.04572539158453,0.0,184,13,0,2020-10-04T11:45:58,1601675106.0111089,2020-10-03T00:45:06
1601801177,337000,23.70663011789095,102013.00295700782,31.718552327189727,0.0,226,13,0,2020-10-04T11:46:17,1601675121.640605,2020-10-03T00:45:21
1601801189,957500,23.637395691365235,102013.27991877486,31.69654681251661,0.0,15,13,0,2020-10-04T11:46:29,1601675135.410912,2020-10-03T00:45:35
1601801207,957500,23.489993542240065,102019.59564953923,33.40946337108171,0.0,61,13,0,2020-10-04T11:46:47,1601675153.8219879,2020-10-03T00:45:53
1601801221,578500,23.49031259424885,102015.58000508066,33.35091386482397,0.0,106,13,0,2020-10-04T11:47:01,1601675167.6527438,2020-10-03T00:46:07
1601801239,198500,23.532427469387972,102015.36506548249,33.233098196968875,0.0,155,13,0,2020-10-04T11:47:19,1601675185.241349,2020-10-03T00:46:25
1601801253,198500,23.596556976396823,102014.23715355677,33.0563103460534,0.0,202,13,0,2020-10-04T11:47:33,1601675202.1926289,2020-10-03T00:46:42
1601801270,819500,23.58602824821412,102013.82354362353,31.50427780517737,0.0,247,13,0,2020-10-04T11:47:50,1601675217.118468,2020-10-03T00:46:57
1601801283,819500,23.612509597214466,102016.42117150598,32.452759656526055,0.0,40,13,0,2020-10-04T11:48:03,1601675234.776716,2020-10-03T00:47:14
1601801302,441500,23.716201701807062,102008.65865884357,30.417165449672495,0.0,82,13,0,2020-10-04T11:48:22,1601675249.27186,2020-10-03T00:47:29
1601801316,441500,23.752254677076415,102004.69877544999,30.791509535939635,0.0,129,13,0,2020-10-04T11:48:36,1601675263.271788,2020-10-03T00:47:43
1601801334,489500,23.549656287654237,102008.562550076,29.852614539171757,0.0,173,13,0,2020-10-04T11:48:54,1601675281.584313,2020-10-03T00:48:01
1601801348,489500,23.515198654436812,102009.2094019862,30.222673849849883,0.0,218,13,0,2020-10-04T11:49:08,1601675295.732437,2020-10-03T00:48:15
1601801366,594500,23.462236021827653,102008.8075301174,31.003143818157685,0.0,7,13,0,2020-10-04T11:49:26,1601675313.4912279,2020-10-03T00:48:33
1601801379,594500,23.424587904444003,102008.41711768502,30.98640900251245,0.0,54,13,0,2020-10-04T11:49:39,1601675330.713068,2020-10-03T00:48:50
1601801397,698500,23.506903300272302,102008.50961994237,31.79882232921693,0.0,98,13,0,2020-10-04T11:49:57,1601675344.955597,2020-10-03T00:49:04
1601801411,698500,23.43543566545652,102009.06701190832,32.27460848238919,0.0,145,13,0,2020-10-04T11:50:11,1601675361.627548,2020-10-03T00:49:21
1601801429,806500,23.31323890414933,102007.36832745669,33.25442548649573,0.0,192,13,0,2020-10-04T11:50:29,1601675376.7049959,2020-10-03T00:49:36
1601801443,806500,23.30302926062286,102011.77966117757,32.9795420198826,0.0,235,13,0,2020-10-04T11:50:43,1601675390.774116,2020-10-03T00:49:50
1601801462,911500,23.427459370466476,102005.84930970568,32.84854016467808,0.0,29,13,0,2020-10-04T11:51:02,1601675409.4478729,2020-10-03T00:50:09
1601801475,911500,23.556994489033606,102012.15929275926,33.40248025834224,0.0,74,13,0,2020-10-04T11:51:15,1601675423.583773,2020-10-03T00:50:23
1601801494,16500,23.596876028785324,102009.54047463289,32.92746356601555,0.0,121,13,0,2020-10-04T11:51:34,1601675441.26038,2020-10-03T00:50:41
1601801508,16500,23.62303832851105,102011.35890598489,32.610714842408754,0.0,166,13,0,2020-10-04T11:51:48,1601675455.376088,2020-10-03T00:50:55
1601801526,120500,23.56624700467348,102005.06252690098,33.23251555657127,0.0,214,13,0,2020-10-04T11:52:06,1601675472.763069,2020-10-03T00:51:12
1601801539,120500,23.63962905912724,102010.06929369824,31.473848106712005,0.0,2,13,0,2020-10-04T11:52:19,1601675486.521453,2020-10-03T00:51:26
1601801558,225500,23.477231462820875,101995.35274096992,32.156676824596296,0.0,49,13,0,2020-10-04T11:52:38,1601675504.90166,2020-10-03T00:51:44
1601801571,225500,22.97504508174643,100999.41235954192,30.41701299976251,0.0,93,13,0,2020-10-04T11:52:51,1601675518.4154289,2020-10-03T00:51:58
1601801589,327500,21.86348117772868,99508.74792857302,31.75601922992564,0.0,140,13,0,2020-10-04T11:53:09,1601675536.529681,2020-10-03T00:52:16
1601801603,327500,21.12457319866553,98580.57529304754,32.76674136060132,0.0,186,13,0,2020-10-04T11:53:23,1601675550.463412,2020-10-03T00:52:30
1601801620,430500,20.35982900466463,97233.27971729665,31.884422842267448,0.0,234,13,0,2020-10-04T11:53:40,1601675568.1058998,2020-10-03T00:52:48
1601801634,430500,19.76226747851115,96204.48603587966,31.727339387392274,0.0,21,13,0,2020-10-04T11:53:54,1601675581.5245168,2020-10-03T00:53:01
1601801652,530500,18.857159190634615,94787.51671043911,29.900916346906833,0.0,66,13,0,2020-10-04T11:54:12,1601675599.5979369,2020-10-03T00:53:19
1601801665,530500,18.07648272641827,93850.55323938174,33.45982128793296,0.0,112,13,0,2020-10-04T11:54:25,1601675613.3315918,2020-10-03T00:53:33
1601801684,629500,17.07855394681037,92530.53422285823,36.81338509493955,0.0,161,13,0,2020-10-04T11:54:44,1601675631.843889,2020-10-03T00:53:51
1601801698,629500,16.425822661482744,91564.66087335994,37.105410733585614,0.0,202,13,0,2020-10-04T11:54:58,1601675645.70024,2020-10-03T00:54:05
1601801715,702500,15.34081896830869,90479.45256048455,35.061263048088776,0.0,249,13,0,2020-10-04T11:55:15,1601675662.8427649,2020-10-03T00:54:22
1601801729,702500,15.08368682441835,89519.58860471536,35.38529302720636,0.0,41,13,0,2020-10-04T11:55:29,1601675677.226336,2020-10-03T00:54:37
1601801747,814500,14.54805040008514,88264.9849104232,37.189937784271116,0.0,87,13,0,2020-10-04T11:55:47,1601675694.5435488,2020-10-03T00:54:54
1601801760,814500,13.957546060980917,87485.79171350932,38.508642475440574,0.0,133,13,0,2020-10-04T11:56:00,1601675708.188257,2020-10-03T00:55:08
1601801778,906500,13.608221989046797,86285.42545153317,36.11337605321618,0.0,180,13,0,2020-10-04T11:56:18,1601675725.90776,2020-10-03T00:55:25
1601801791,906500,13.053453501805985,85518.89137964681,33.922812662001206,0.0,226,13,0,2020-10-04T11:56:31,1601675742.164012,2020-10-03T00:55:42
1601801809,995500,12.60651485773269,84355.00770306587,29.39100683947992,0.0,15,13,0,2020-10-04T11:56:49,1601675757.263356,2020-10-03T00:55:57
1601801828,82500,11.95317815693561,83078.10528796448,26.315187521301375,0.0,58,13,0,2020-10-04T11:57:08,1601675775.161885,2020-10-03T00:56:15
1601801842,82500,11.506883024876355,82058.7538289139,29.112643878465082,0.0,101,13,0,2020-10-04T11:57:22,1601675789.255992,2020-10-03T00:56:29
1601801856,82500,11.114502438106523,81178.08039502993,30.488750585156666,0.0,143,13,0,2020-10-04T11:57:36,1601675806.5358489,2020-10-03T00:56:46
1601801874,169500,10.694370009271461,80095.22923774499,29.113494103607437,0.0,188,13,0,2020-10-04T11:57:54,1601675821.489656,2020-10-03T00:57:01
1601801887,169500,10.279343631082725,79206.80739607605,27.58085248268579,0.0,231,13,0,2020-10-04T11:58:07,1601675835.282536,2020-10-03T00:57:15
1601801906,258500,9.574664510879666,78090.54452294731,25.67223336034342,0.0,24,13,0,2020-10-04T11:58:26,1601675853.121376,2020-10-03T00:57:33
1601801919,344000,9.073513111519446,77304.52988943175,21.619498105657712,0.0,69,13,0,2020-10-04T11:58:39,1601675870.1889758,2020-10-03T00:57:50
1601801937,343500,9.012265010693977,76237.71336930293,19.86526467275469,0.0,114,13,0,2020-10-04T11:58:57,1601675884.395601,2020-10-03T00:58:04
1601801954,318500,8.406485270610665,75316.91630784754,19.862768512085776,0.0,157,13,0,2020-10-04T11:59:14,1601675901.409184,2020-10-03T00:58:21
1601801968,318500,7.890985571609872,74463.80659308915,20.083223884572316,0.0,204,13,0,2020-10-04T11:59:28,1601675916.394505,2020-10-03T00:58:36
1601801982,491500,7.794329708567261,73672.99077416786,21.39676917054281,0.0,249,13,0,2020-10-04T11:59:42,1601675933.485708,2020-10-03T00:58:53
1601802001,491500,7.285532414367481,72607.66871736768,20.640879099498797,0.0,42,13,0,2020-10-04T12:00:01,1601675948.786645,2020-10-03T00:59:08
1601802014,586500,7.055218853429051,71826.9399056463,22.12692595264943,0.0,88,13,0,2020-10-04T12:00:14,1601675962.4398918,2020-10-03T00:59:22
1601802032,586500,6.421381129828683,70837.07347707824,22.856244823958423,0.0,137,13,0,2020-10-04T12:00:32,1601675979.972344,2020-10-03T00:59:39
1601802046,668500,6.164274606131244,70072.4490769079,22.96118363799066,0.0,180,13,0,2020-10-04T12:00:46,1601675994.513572,2020-10-03T00:59:54
1601802055,668500,6.0730434365416155,69537.28105862626,23.032063994514736,0.0,227,13,0,2020-10-04T12:00:55,1601676003.476912,2020-10-03T01:00:03
1601802063,668500,5.811472067228555,69122.74251068251,22.96213387428419,0.0,16,13,0,2020-10-04T12:01:03,1601676012.377496,2020-10-03T01:00:12
1601802072,668500,5.42996202597335,68596.85762528854,23.121781437518937,0.0,59,13,0,2020-10-04T12:01:12,1601676020.5164008,2020-10-03T01:00:20
1601802082,708500,5.116397716315987,68020.65324782627,23.368889760484336,0.0,103,13,0,2020-10-04T12:01:22,1601676029.32806,2020-10-03T01:00:29
1601802090,708500,4.834095081221335,67608.06684700005,23.738311590352495,0.0,146,13,0,2020-10-04T12:01:30,1601676038.390929,2020-10-03T01:00:38
1601802100,708500,4.605063767103661,67042.42409482105,23.773844237857226,0.0,192,13,0,2020-10-04T12:01:40,1601676048.419565,2020-10-03T01:00:48
1601802108,827500,4.2739582515971275,66606.22796150154,23.818215623344706,0.0,237,13,0,2020-10-04T12:01:48,1601676056.407541,2020-10-03T01:00:56
1601802116,827500,4.137752388377339,66183.99059929959,23.743960136719387,0.0,23,13,0,2020-10-04T12:01:56,1601676064.767585,2020-10-03T01:01:04
1601802126,827500,3.874272782269054,65692.61765117302,24.111589948516773,0.0,69,13,0,2020-10-04T12:02:06,1601676074.177217,2020-10-03T01:01:14
1601802136,905500,3.3763431023313615,65145.814465843716,24.31766605043922,0.0,113,13,0,2020-10-04T12:02:16,1601676083.0039248,2020-10-03T01:01:23
1601802144,905500,3.285114774503404,64754.83957340271,24.129931734814694,0.0,160,13,0,2020-10-04T12:02:24,1601676092.214148,2020-10-03T01:01:32
1601802154,905500,2.779851873357643,64228.301493196275,23.10432956361196,0.0,203,13,0,2020-10-04T12:02:34,1601676101.702421,2020-10-03T01:01:41
1601802163,905500,2.4194072288306643,63692.051949532186,22.556841270294154,0.0,246,13,0,2020-10-04T12:02:43,1601676110.738384,2020-10-03T01:01:50
1601802172,981500,1.9674180756803252,63222.164646342586,22.39351122728133,0.0,33,13,0,2020-10-04T12:02:52,1601676119.253141,2020-10-03T01:01:59
1601802180,981500,1.756575645284488,62809.03444809362,22.087961327500118,0.0,78,13,0,2020-10-04T12:03:00,1601676128.407744,2020-10-03T01:02:08
1601802189,981500,1.5830536546134908,62335.4794199448,21.965632896103426,0.0,122,13,0,2020-10-04T12:03:09,1601676136.8989,2020-10-03T01:02:16
1601802200,55500,0.9234179811288641,61810.889551181775,22.42391278483847,0.0,170,13,0,2020-10-04T12:03:20,1601676147.2773318,2020-10-03T01:02:27
1601802208,55500,0.2704855238145683,61446.07781793848,21.93957799771921,0.0,213,13,0,2020-10-04T12:03:28,1601676154.660548,2020-10-03T01:02:34
1601802218,55500,0.07623345522572436,60924.661220867325,20.398983654334206,0.0,9,13,0,2020-10-04T12:03:38,1601676165.131129,2020-10-03T01:02:45
1601802225,55500,-0.3840370044341398,60616.07510184786,19.67148288812835,0.0,54,13,0,2020-10-04T12:03:45,1601676172.691825,2020-10-03T01:02:52
1601802234,129500,-0.6009342521279905,60114.287213248834,19.624629749329696,0.0,103,13,0,2020-10-04T12:03:54,1601676182.255173,2020-10-03T01:03:02
1601802243,129500,-1.1119165723102014,59701.64269035726,16.856488908216992,0.0,143,13,0,2020-10-04T12:04:03,1601676190.258376,2020-10-03T01:03:10
1601802251,129500,-1.2886226382906898,59308.874518248886,16.503653849564852,0.0,190,13,0,2020-10-04T12:04:11,1601676199.582228,2020-10-03T01:03:19
1601802261,202500,-1.759730787717831,58831.42255346841,18.107306455033918,0.0,231,13,0,2020-10-04T12:04:21,1601676207.665149,2020-10-03T01:03:27
1601802269,202500,-2.155880744615365,58397.01434155616,18.030376121446942,0.0,20,13,0,2020-10-04T12:04:29,1601676216.791132,2020-10-03T01:03:36
1601802279,202500,-2.4515567434281365,57932.63509493944,18.702236241091725,0.0,62,13,0,2020-10-04T12:04:39,1601676225.6361198,2020-10-03T01:03:45
1601802287,202500,-2.599234896964822,57497.232488751564,17.91686584199114,0.0,107,13,0,2020-10-04T12:04:47,1601676234.927276,2020-10-03T01:03:54
1601802295,273500,-2.761265938381416,57204.367209507356,17.57530448725541,0.0,148,13,0,2020-10-04T12:04:55,1601676242.1762478,2020-10-03T01:04:02
1601802305,273500,-3.170169742406847,56691.79723816248,19.693973001077953,0.0,197,13,0,2020-10-04T12:05:05,1601676252.2574089,2020-10-03T01:04:12
1601802312,273500,-3.2505468694814907,56356.413415112096,19.68056357276689,0.0,238,13,0,2020-10-04T12:05:12,1601676259.357924,2020-10-03T01:04:19
1601802322,298000,-3.7809703065423492,55896.2198667141,20.523475068169102,0.0,29,13,0,2020-10-04T12:05:22,1601676269.930049,2020-10-03T01:04:29
1601802330,297500,-4.120656544698226,55556.83240788105,21.390345371474574,0.0,75,13,0,2020-10-04T12:05:30,1601676277.889812,2020-10-03T01:04:37
1601802341,297500,-4.28683122061193,55036.46794948962,22.255362335604428,0.0,124,13,0,2020-10-04T12:05:41,1601676288.210144,2020-10-03T01:04:48
1601802348,297500,-4.412179668318072,54744.57696531153,22.831993101281643,0.0,165,13,0,2020-10-04T12:05:48,1601676295.484961,2020-10-03T01:04:55
1601802358,415500,-4.575802187005957,54250.87360625793,22.699584257881,0.0,214,13,0,2020-10-04T12:05:58,1601676305.456477,2020-10-03T01:05:05
1601802365,415500,-4.802895713256203,53949.80247556408,22.398798922900397,0.0,253,13,0,2020-10-04T12:06:05,1601676312.454516,2020-10-03T01:05:12
1601802374,415500,-5.077512255335909,53543.33414151594,21.967950561406386,0.0,43,13,0,2020-10-04T12:06:14,1601676321.8334289,2020-10-03T01:05:21
1601802382,415500,-5.37158385489945,53202.52047477659,21.752518751734417,0.0,82,13,0,2020-10-04T12:06:22,1601676329.3789718,2020-10-03T01:05:29
1601802392,486500,-5.58145214952126,52768.50531810897,21.63880407504177,0.0,129,13,0,2020-10-04T12:06:32,1601676339.0493279,2020-10-03T01:05:39
1601802399,486500,-5.8608505134628786,52415.613936299305,21.406834249569965,0.0,175,13,0,2020-10-04T12:06:39,1601676347.366881,2020-10-03T01:05:47
1601802410,486500,-6.399232115286009,51892.052440285246,21.0142670299839,0.0,222,13,0,2020-10-04T12:06:50,1601676357.4642649,2020-10-03T01:05:57
1601802417,530500,-6.500656722688996,51508.09790996466,21.450707928486413,0.0,8,13,0,2020-10-04T12:06:57,1601676364.764381,2020-10-03T01:06:04
1601802427,530500,-7.21381518139076,50989.8479769862,17.863107948480447,0.0,53,13,0,2020-10-04T12:07:07,1601676374.65388,2020-10-03T01:06:14
1601802435,530500,-7.617595581039109,50545.7129010565,17.677880497848022,0.0,94,13,0,2020-10-04T12:07:15,1601676382.837309,2020-10-03T01:06:22
1601802445,530500,-7.716467281121891,50097.77525355352,17.41959815488453,0.0,139,13,0,2020-10-04T12:07:25,1601676391.889252,2020-10-03T01:06:31
1601802452,616500,-7.831604832880748,49778.72285140842,16.948862964935234,0.0,183,13,0,2020-10-04T12:07:32,1601676399.7911959,2020-10-03T01:06:39
1601802462,616500,-8.044656753996879,49383.36617952514,16.411737859319878,0.0,228,13,0,2020-10-04T12:07:42,1601676409.2383358,2020-10-03T01:06:49
1601802470,616500,-8.443330393264478,49091.303454308996,15.834644565386196,0.0,13,13,0,2020-10-04T12:07:50,1601676417.49072,2020-10-03T01:06:57
1601802480,696500,-9.100340674852124,48619.034877230115,15.429213147071197,0.0,59,13,0,2020-10-04T12:08:00,1601676426.8208928,2020-10-03T01:07:06
1601802485,696500,-9.041018585426992,48389.428216799635,15.208167244442647,0.0,96,13,0,2020-10-04T12:08:05,1601676432.976224,2020-10-03T01:07:12
1601802495,696500,-9.679207386246322,47967.50772126702,16.104971364805632,0.0,142,13,0,2020-10-04T12:08:15,1601676442.974401,2020-10-03T01:07:22
1601802503,696500,-10.042153309385299,47552.76165878026,17.068234073094935,0.0,187,13,0,2020-10-04T12:08:23,1601676450.609869,2020-10-03T01:07:30
1601802512,776500,-10.190775731761983,47162.121898528574,17.74343650256428,0.0,231,13,0,2020-10-04T12:08:32,1601676460.1781008,2020-10-03T01:07:40
1601802520,776500,-10.11933494151906,46850.93361971028,18.479811954332263,0.0,20,13,0,2020-10-04T12:08:40,1601676469.644521,2020-10-03T01:07:49
1601802530,776500,-10.251691717671111,46382.778910345616,18.936142169976517,0.0,64,13,0,2020-10-04T12:08:50,1601676477.777164,2020-10-03T01:07:57
1601802540,816500,-10.51831826743064,45940.77219318192,18.93024138956156,0.0,113,13,0,2020-10-04T12:09:00,1601676487.153401,2020-10-03T01:08:07
1601802548,816500,-10.780479004570225,45628.83779675032,18.636544785896863,0.0,159,13,0,2020-10-04T12:09:08,1601676496.096088,2020-10-03T01:08:16
1601802556,816500,-10.817155932091168,45236.63888987394,18.57287127501291,0.0,202,13,0,2020-10-04T12:09:16,1601676504.327404,2020-10-03T01:08:24
1601802566,816500,-10.978853163729855,44802.01111702826,18.497922877578283,0.0,250,13,0,2020-10-04T12:09:26,1601676514.147805,2020-10-03T01:08:34
1601802574,897500,-11.09111615859283,44430.10157420645,18.567474308819737,0.0,39,13,0,2020-10-04T12:09:34,1601676522.0773928,2020-10-03T01:08:42
1601802584,897500,-11.697397682068527,43997.98241434013,18.699739943744838,0.0,83,13,0,2020-10-04T12:09:44,1601676531.71816,2020-10-03T01:08:51
1601802591,897500,-12.282626081597755,43687.56623589243,18.90101039706375,0.0,128,13,0,2020-10-04T12:09:51,1601676540.4734728,2020-10-03T01:09:00
1601802601,951500,-12.93865140428004,43231.48222822287,19.282404195059634,0.0,174,13,0,2020-10-04T12:10:01,1601676549.289597,2020-10-03T01:09:09
1601802611,951500,-13.140209992915493,42846.49549226182,19.91027114749729,0.0,219,13,0,2020-10-04T12:10:11,1601676558.658612,2020-10-03T01:09:18
1601802618,951500,-13.353568194049512,42633.00266730451,20.22516218343328,0.0,8,13,0,2020-10-04T12:10:18,1601676566.405696,2020-10-03T01:09:26
1601802628,951500,-13.901791193601799,42194.30394398223,20.61026250373968,0.0,52,13,0,2020-10-04T12:10:28,1601676575.757789,2020-10-03T01:09:35
1601802637,12500,-14.190093273073922,41902.578705951695,20.86739416344944,0.0,97,13,0,2020-10-04T12:10:37,1601676584.2858639,2020-10-03T01:09:44
1601802645,12500,-14.747240787430837,41572.39136952548,20.971656742248918,0.0,139,13,0,2020-10-04T12:10:45,1601676592.195585,2020-10-03T01:09:52
1601802655,12500,-14.974308498692608,41223.893866337196,21.209862007334994,0.0,187,13,0,2020-10-04T12:10:55,1601676602.259985,2020-10-03T01:10:02
1601802663,12500,-15.04064277747666,40858.43891440742,21.31931411103895,0.0,232,13,0,2020-10-04T12:11:03,1601676611.148253,2020-10-03T01:10:11
1601802673,72500,-15.44821481471845,40492.410553192,21.43402256404892,0.0,22,13,0,2020-10-04T12:11:13,1601676620.1690328,2020-10-03T01:10:20
1601802683,72500,-15.614049540974884,40026.30071612303,21.492778150157424,0.0,64,13,0,2020-10-04T12:11:23,1601676629.181685,2020-10-03T01:10:29
1601802700,137500,-16.655931067233336,39275.00726277167,21.14533496978224,0.0,149,13,0,2020-10-04T12:11:40,1601676646.493353,2020-10-03T01:10:46
1601802708,137500,-17.11994235026277,38895.16536415971,21.149232038712615,0.0,194,13,0,2020-10-04T12:11:48,1601676655.567765,2020-10-03T01:10:55
1601802716,137500,-17.32436167756257,38512.95999599207,21.128942266929776,0.0,235,13,0,2020-10-04T12:11:56,1601676663.249945,2020-10-03T01:11:03
1601802726,135500,-17.571832812243315,38058.01898884783,20.896663866543285,0.0,26,13,0,2020-10-04T12:12:06,1601676673.1726758,2020-10-03T01:11:13
1601802734,135500,-17.942719326311543,37721.85229485045,20.68994083974112,0.0,71,13,0,2020-10-04T12:12:14,1601676681.492296,2020-10-03T01:11:21
1601802743,135500,-18.57159647054641,37383.209862614625,20.571765173030162,0.0,119,13,0,2020-10-04T12:12:23,1601676690.939661,2020-10-03T01:11:30
1601802753,135500,-19.25468215254914,36955.88395099497,20.450292443109728,0.0,163,13,0,2020-10-04T12:12:33,1601676699.29328,2020-10-03T01:11:39
1601802760,288500,-19.543604778854114,36713.17160494156,20.342841022384725,0.0,210,13,0,2020-10-04T12:12:40,1601676708.2510319,2020-10-03T01:11:48
1601802770,288500,-19.917990988224847,36300.910108666496,20.264829671666867,0.0,255,13,0,2020-10-04T12:12:50,1601676717.863261,2020-10-03T01:11:57
1601802778,288500,-20.44034323450751,36016.534071149115,20.318882789165354,0.0,40,13,0,2020-10-04T12:12:58,1601676725.361372,2020-10-03T01:12:05
1601802786,288500,-20.732450975246955,35762.88870849415,20.381233372056887,0.0,84,13,0,2020-10-04T12:13:06,1601676733.2449238,2020-10-03T01:12:13
1601802796,359500,-20.82269804287987,35323.41049947015,20.405290618071298,0.0,129,13,0,2020-10-04T12:13:16,1601676743.161049,2020-10-03T01:12:23
1601802804,359500,-21.260219638351167,35012.38537792441,20.334656173684728,0.0,174,13,0,2020-10-04T12:13:24,1601676752.291653,2020-10-03T01:12:32
1601802813,359500,-21.769489529106703,34632.97357221264,20.081633481421854,0.0,216,13,0,2020-10-04T12:13:33,1601676761.1760368,2020-10-03T01:12:41
1601802823,424500,-22.81257491277845,34264.83529638242,19.693962816656523,0.0,6,13,0,2020-10-04T12:13:43,1601676770.9084718,2020-10-03T01:12:50
1601802831,424500,-22.880497813088642,33940.20712462034,19.80678821431777,0.0,51,13,0,2020-10-04T12:13:51,1601676778.777284,2020-10-03T01:12:58
1601802841,424500,-23.030374452896286,33558.45844740246,19.82222084659997,0.0,94,13,0,2020-10-04T12:14:01,1601676787.4893038,2020-10-03T01:13:07
1601802848,424500,-23.42100919551665,33307.601041900816,19.619359614839222,0.0,135,13,0,2020-10-04T12:14:08,1601676796.168876,2020-10-03T01:13:16
1601802856,498500,-23.49690374758609,32971.09315383523,19.627128705681333,0.0,174,13,0,2020-10-04T12:14:16,1601676803.797224,2020-10-03T01:13:23
1601802866,498500,-23.937282209465046,32567.714810766047,19.31599937038844,0.0,219,13,0,2020-10-04T12:14:26,1601676813.6543958,2020-10-03T01:13:33
1601802873,498500,-24.310693384664024,32286.401778376345,19.165870285669197,0.0,8,13,0,2020-10-04T12:14:33,1601676823.211364,2020-10-03T01:13:43
1601802884,573500,-24.51860396968275,31885.37314803541,19.010322849239618,0.0,52,13,0,2020-10-04T12:14:44,1601676831.752569,2020-10-03T01:13:51
1601802894,573500,-24.853109402766858,31546.55263252694,18.932658540908516,0.0,98,13,0,2020-10-04T12:14:54,1601676841.282925,2020-10-03T01:14:01
1601802901,573500,-25.27052195890899,31282.73883218907,18.622357155625057,0.0,143,13,0,2020-10-04T12:15:01,1601676849.31966,2020-10-03T01:14:09
1601802911,649500,-25.404769586257952,30949.749456726036,18.454321366503383,0.0,186,13,0,2020-10-04T12:15:11,1601676858.254432,2020-10-03T01:14:18
1601802919,649500,-25.57186136352384,30639.99938720892,18.397436342554823,0.0,227,13,0,2020-10-04T12:15:19,1601676866.984537,2020-10-03T01:14:26
1601802926,649500,-25.758085419223697,30345.753381236667,18.153002358957714,0.0,11,13,0,2020-10-04T12:15:26,1601676874.350112,2020-10-03T01:14:34
1601802936,649500,-26.051451295781497,30000.0,17.84473954758665,0.0,55,13,0,2020-10-04T12:15:36,1601676884.193153,2020-10-03T01:14:44
1601802944,717500,-26.273707194216126,30000.0,17.591692522608618,0.0,102,13,0,2020-10-04T12:15:44,1601676893.159016,2020-10-03T01:14:53
1601802954,717500,-26.532314151295488,30000.0,17.32461149549876,0.0,145,13,0,2020-10-04T12:15:54,1601676901.618541,2020-10-03T01:15:01
1601802961,717500,-27.11457566034187,30000.0,17.028561171029335,0.0,189,13,0,2020-10-04T12:16:01,1601676909.03056,2020-10-03T01:15:09
1601802971,717500,-27.681846508011382,30000.0,16.685843301543127,0.0,223,13,0,2020-10-04T12:16:11,1601676917.7865849,2020-10-03T01:15:17
1601802983,733500,-28.6250578614701,30000.0,16.30180074940331,0.0,27,13,0,2020-10-04T12:16:23,1601676932.081305,2020-10-03T01:15:32
1601802990,733500,-29.24301852707447,30000.0,16.279646769687826,0.0,68,13,0,2020-10-04T12:16:30,1601676939.5525448,2020-10-03T01:15:39
1601802998,733500,-30.273900062212487,30000.0,15.973714025446755,0.0,101,13,0,2020-10-04T12:16:38,1601676947.237944,2020-10-03T01:15:47
1601803005,327500,-30.23308592484682,30000.0,16.01346853491594,0.0,132,13,0,2020-10-04T12:16:45,1601676954.515148,2020-10-03T01:15:54
1601803018,327500,-30.29622028570584,30000.0,15.95908756622344,0.0,189,13,0,2020-10-04T12:16:58,1601676967.226372,2020-10-03T01:16:07
1601803026,327500,-30.371471283861958,30000.0,15.889692817640007,0.0,215,13,0,2020-10-04T12:17:06,1601676975.429877,2020-10-03T01:16:15
1601802976,902500,-30.853586345961865,30000.0,15.526778711975005,0.0,234,13,0,2020-10-04T12:16:16,1601676990.030341,2020-10-03T01:16:30
1601802984,902500,-31.242592636375683,30000.0,15.3104662973644,0.0,16,13,0,2020-10-04T12:16:24,1601676996.7699928,2020-10-03T01:16:36
1601802991,902500,-31.628089823724963,30000.0,15.151112475929459,0.0,56,13,0,2020-10-04T12:16:31,1601677004.050509,2020-10-03T01:16:44
1601802998,902500,-32.11083581911678,30000.0,14.996140708468298,0.0,98,13,0,2020-10-04T12:16:38,1601677011.541668,2020-10-03T01:16:51
1601803006,498500,-32.49728582112291,30000.0,14.873442125745099,0.0,137,13,0,2020-10-04T12:16:46,1601677019.125052,2020-10-03T01:16:59
1601803013,498500,-32.61908737332085,30000.0,14.79627485816526,0.0,175,13,0,2020-10-04T12:16:53,1601677025.7635128,2020-10-03T01:17:05
1601803021,498500,-32.90573487426654,30000.0,14.613080173420286,0.0,214,13,0,2020-10-04T12:17:01,1601677033.581997,2020-10-03T01:17:13
1601803026,498500,-33.348936654455244,30000.0,14.462563973452635,0.0,250,13,0,2020-10-04T12:17:06,1601677039.319037,2020-10-03T01:17:19
1601802973,83500,-33.70700382664597,30000.0,14.37022271010842,0.0,34,13,0,2020-10-04T12:16:13,1601677047.5222878,2020-10-03T01:17:27
1601802980,83500,-33.679901731085465,30000.0,14.394712721763458,0.0,71,13,0,2020-10-04T12:16:20,1601677053.750757,2020-10-03T01:17:33
1601802987,83500,-33.90309521451991,30000.0,14.327409706535018,0.0,111,13,0,2020-10-04T12:16:27,1601677061.369792,2020-10-03T01:17:41
1601802995,83500,-34.04402566999197,30000.0,14.14895644142416,0.0,153,13,0,2020-10-04T12:16:35,1601677068.8080199,2020-10-03T01:17:48
1601803002,682500,-34.876531137060354,30000.0,13.924286450684288,0.0,194,13,0,2020-10-04T12:16:42,1601677076.675093,2020-10-03T01:17:56
1601803007,682500,-35.28082437037644,30000.0,13.773402244648151,0.0,232,13,0,2020-10-04T12:16:47,1601677082.449432,2020-10-03T01:18:02
1601803014,682500,-35.841347769319306,30000.0,13.624652591120384,0.0,17,13,0,2020-10-04T12:16:54,1601677089.822381,2020-10-03T01:18:09
1601803021,682500,-36.412070486945574,30000.0,13.481821310848364,0.0,52,13,0,2020-10-04T12:17:01,1601677096.585008,2020-10-03T01:18:16
1601803026,682500,-36.64386576841925,30000.0,13.375033651687094,0.0,89,13,0,2020-10-04T12:17:06,1601677103.312284,2020-10-03T01:18:23
1601803034,281500,-37.40811638075736,30000.0,13.211003269503037,0.0,122,13,0,2020-10-04T12:17:14,1601677108.1497169,2020-10-03T01:18:28
1601803041,281500,-37.81239816817358,30000.0,13.112418963178271,0.0,157,13,0,2020-10-04T12:17:21,1601677115.695045,2020-10-03T01:18:35
1601803046,281500,-37.97691610098279,30000.0,13.053868828505001,0.0,190,13,0,2020-10-04T12:17:26,1601677121.798796,2020-10-03T01:18:41
1601803053,281500,-38.44751223748024,30000.0,12.97885256664257,0.0,229,13,0,2020-10-04T12:17:33,1601677128.048573,2020-10-03T01:18:48
1601803058,281500,-39.07146278107393,30000.0,12.895755228108873,0.0,6,13,0,2020-10-04T12:17:38,1601677133.7119758,2020-10-03T01:18:53
1601803065,883500,-39.07337575509509,30000.0,12.824976224300222,0.0,46,13,0,2020-10-04T12:17:45,1601677141.2332928,2020-10-03T01:19:01
1601803070,883500,-39.1779516059788,30000.0,12.794328846819031,0.0,79,13,0,2020-10-04T12:17:50,1601677146.288177,2020-10-03T01:19:06
1601803077,883500,-39.405276128214766,30000.0,12.728843040696141,0.0,117,13,0,2020-10-04T12:17:57,1601677153.787864,2020-10-03T01:19:13
1601803082,883500,-39.52419882473441,30000.0,12.688773973646978,0.0,156,13,0,2020-10-04T12:18:02,1601677160.644381,2020-10-03T01:19:20
1601803089,883500,-39.789462821880804,30000.0,12.640304145819819,0.0,189,13,0,2020-10-04T12:18:09,1601677165.695852,2020-10-03T01:19:25
1601803094,489500,-39.777028589594536,30000.0,12.604358773552677,0.0,227,13,0,2020-10-04T12:18:14,1601677172.579936,2020-10-03T01:19:32
1601803101,489500,-39.69891606516758,30000.0,12.545166012999433,0.0,6,13,0,2020-10-04T12:18:21,1601677178.260093,2020-10-03T01:19:38
1601803109,489500,-39.715176228937686,30000.0,12.45999666927731,0.0,41,13,0,2020-10-04T12:18:29,1601677185.0730278,2020-10-03T01:19:45
1601803113,489500,-39.81720071844209,30000.0,12.414209321342227,0.0,74,13,0,2020-10-04T12:18:33,1601677190.243181,2020-10-03T01:19:50
1601803121,489500,-40.0,30000.0,12.32816149821231,0.0,110,13,0,2020-10-04T12:18:41,1601677197.139688,2020-10-03T01:19:57
1601803126,93500,-40.0,30000.0,12.279848619713,0.0,145,13,0,2020-10-04T12:18:46,1601677203.157624,2020-10-03T01:20:03
1601803133,93500,-40.0,30000.0,12.198730856242554,0.0,177,13,0,2020-10-04T12:18:53,1601677209.155912,2020-10-03T01:20:09
1601803138,93500,-40.0,30000.0,12.152512513836372,0.0,211,13,0,2020-10-04T12:18:58,1601677215.134264,2020-10-03T01:20:15
1601803146,93500,-40.0,30000.0,12.049647319284583,0.0,249,13,0,2020-10-04T12:19:06,1601677222.711941,2020-10-03T01:20:22
1601803151,93500,-40.0,30000.0,11.986537939564794,0.0,28,13,0,2020-10-04T12:19:11,1601677227.7500648,2020-10-03T01:20:27
1601803157,696500,-40.0,30000.0,11.910754359989069,0.0,64,13,0,2020-10-04T12:19:17,1601677234.9113998,2020-10-03T01:20:34
1601803162,696500,-40.0,30000.0,11.852940583415574,0.0,99,13,0,2020-10-04T12:19:22,1601677240.194069,2020-10-03T01:20:40
1601803170,696500,-40.0,30000.0,11.762420215666786,0.0,137,13,0,2020-10-04T12:19:30,1601677247.482501,2020-10-03T01:20:47
1601803175,696500,-40.0,30000.0,11.697553541266537,0.0,172,13,0,2020-10-04T12:19:35,1601677252.9297,2020-10-03T01:20:52
1601803182,696500,-40.0,30000.0,11.613939804951173,0.0,209,13,0,2020-10-04T12:19:42,1601677260.3502328,2020-10-03T01:21:00
1601803188,302500,-40.0,30000.0,11.530914112188938,0.0,244,13,0,2020-10-04T12:19:48,1601677265.3329408,2020-10-03T01:21:05
1601803195,302500,-40.0,30000.0,11.440739726010172,0.0,26,13,0,2020-10-04T12:19:55,1601677272.765717,2020-10-03T01:21:12
1601803200,302500,-40.0,30000.0,11.386860277985962,0.0,61,13,0,2020-10-04T12:20:00,1601677277.9048169,2020-10-03T01:21:17
1601803208,302500,-40.0,30000.0,11.289113355436918,0.0,98,13,0,2020-10-04T12:20:08,1601677285.405753,2020-10-03T01:21:25
1601803213,302500,-40.0,30000.0,11.22842563643874,0.0,133,13,0,2020-10-04T12:20:13,1601677290.9386759,2020-10-03T01:21:30
1601803219,910500,-40.0,30000.0,11.161998550221641,0.0,171,13,0,2020-10-04T12:20:19,1601677298.279356,2020-10-03T01:21:38
1601803225,910500,-40.0,30000.0,11.105408873212804,0.0,204,13,0,2020-10-04T12:20:25,1601677303.6704838,2020-10-03T01:21:43
1601803232,910500,-40.0,30000.0,11.022439087993645,0.0,241,13,0,2020-10-04T12:20:32,1601677310.176353,2020-10-03T01:21:50
1601803237,910500,-40.0,30000.0,10.981312974190175,0.0,18,13,0,2020-10-04T12:20:37,1601677316.231304,2020-10-03T01:21:56
1601803245,518500,-40.0,30000.0,10.896449149709971,0.0,58,13,0,2020-10-04T12:20:45,1601677323.5983648,2020-10-03T01:22:03
1601803250,518500,-40.0,30000.0,10.843310795730309,0.0,93,13,0,2020-10-04T12:20:50,1601677329.0153039,2020-10-03T01:22:09
1601803258,518500,-40.0,30000.0,10.75994482790542,0.0,130,13,0,2020-10-04T12:20:58,1601677336.797961,2020-10-03T01:22:16
1601803263,518500,-40.0,30000.0,10.729339916834878,0.0,162,13,0,2020-10-04T12:21:03,1601677342.229136,2020-10-03T01:22:22
1601803271,518500,-40.0,30000.0,10.662449514854199,0.0,202,13,0,2020-10-04T12:21:11,1601677349.8217008,2020-10-03T01:22:29
1601803276,125500,-40.0,30000.0,10.619444339309647,0.0,239,13,0,2020-10-04T12:21:16,1601677355.15336,2020-10-03T01:22:35
1601803283,125500,-40.0,30000.0,10.567298021899303,0.0,20,13,0,2020-10-04T12:21:23,1601677362.496284,2020-10-03T01:22:42
1601803289,125500,-40.0,30000.0,10.522985165500257,0.0,57,13,0,2020-10-04T12:21:29,1601677368.093772,2020-10-03T01:22:48
1601803296,125500,-40.0,30000.0,10.467992056601116,0.0,95,13,0,2020-10-04T12:21:36,1601677375.5423238,2020-10-03T01:22:55
1601803302,125500,-40.0,30000.0,10.43098073197085,0.0,130,13,0,2020-10-04T12:21:42,1601677380.883597,2020-10-03T01:23:00
1601803308,732500,-40.0,30000.0,10.374578052173785,0.0,167,13,0,2020-10-04T12:21:48,1601677387.274853,2020-10-03T01:23:07
1601803313,732500,-40.0,30000.0,10.349791632882196,0.0,202,13,0,2020-10-04T12:21:53,1601677393.77616,2020-10-03T01:23:13
1601803321,732500,-40.0,30000.0,10.294809892357318,0.0,238,13,0,2020-10-04T12:22:01,1601677400.2734249,2020-10-03T01:23:20
1601803326,732500,-40.0,30000.0,10.263995311010271,0.0,17,13,0,2020-10-04T12:22:06,1601677406.199565,2020-10-03T01:23:26
1601803333,732500,-40.0,30000.0,10.209017951758904,0.0,54,13,0,2020-10-04T12:22:13,1601677413.084512,2020-10-03T01:23:33
1601803338,339500,-40.0,30000.0,10.169729622058549,0.0,87,13,0,2020-10-04T12:22:18,1601677418.3202639,2020-10-03T01:23:38
1601803346,339500,-40.0,30000.0,10.115174977192536,0.0,126,13,0,2020-10-04T12:22:26,1601677425.857708,2020-10-03T01:23:45
1601803351,339500,-40.0,30000.0,10.085716526136157,0.0,163,13,0,2020-10-04T12:22:31,1601677431.4040768,2020-10-03T01:23:51
1601803358,339500,-40.0,30000.0,10.051032207957935,0.0,203,13,0,2020-10-04T12:22:38,1601677439.2033088,2020-10-03T01:23:59
1601803364,339500,-40.0,30000.0,10.013621050469999,0.0,238,13,0,2020-10-04T12:22:44,1601677444.231273,2020-10-03T01:24:04
1601803121,323500,-40.0,30000.0,9.957268650808313,0.0,23,13,0,2020-10-04T12:18:41,1601677451.6625118,2020-10-03T01:24:11
1601803127,323500,-40.0,30000.0,9.916515333264416,0.0,58,13,0,2020-10-04T12:18:47,1601677457.231076,2020-10-03T01:24:17
1601803134,323500,-40.0,30000.0,9.864392765512603,0.0,91,13,0,2020-10-04T12:18:54,1601677464.385957,2020-10-03T01:24:24
1601803141,323500,-40.0,30000.0,9.819540313410757,0.0,132,13,0,2020-10-04T12:19:01,1601677471.7808318,2020-10-03T01:24:31
1601803147,994000,-40.0,30000.0,9.786118379560643,0.0,168,13,0,2020-10-04T12:19:07,1601677478.6418,2020-10-03T01:24:38
1601803153,993500,-40.0,30000.0,9.743849553310687,0.0,205,13,0,2020-10-04T12:19:13,1601677485.3405368,2020-10-03T01:24:45
1601803159,993500,-40.0,30000.0,9.704966895120515,0.0,238,13,0,2020-10-04T12:19:19,1601677491.162904,2020-10-03T01:24:51
1601803167,993500,-40.0,30000.0,9.650999855580016,0.0,21,13,0,2020-10-04T12:19:27,1601677498.428644,2020-10-03T01:24:58
1601803174,993500,-40.0,30000.0,9.601066875088051,0.0,63,13,0,2020-10-04T12:19:34,1601677506.240048,2020-10-03T01:25:06
1601803179,602500,-40.0,30000.0,9.55726869194317,0.0,98,13,0,2020-10-04T12:19:39,1601677512.179956,2020-10-03T01:25:12
1601803187,602500,-40.0,30000.0,9.500299383992884,0.0,135,13,0,2020-10-04T12:19:47,1601677518.569685,2020-10-03T01:25:18
1601803194,602500,-40.0,30000.0,9.467962747347642,0.0,170,13,0,2020-10-04T12:19:54,1601677524.525897,2020-10-03T01:25:24
1601803199,602500,-40.0,30000.0,9.445737811741553,0.0,208,13,0,2020-10-04T12:19:59,1601677531.461369,2020-10-03T01:25:31
1601803207,602500,-40.0,30000.0,9.400350527507793,0.0,246,13,0,2020-10-04T12:20:07,1601677537.3378558,2020-10-03T01:25:37
1601803214,212500,-40.0,30000.0,9.357557963083353,0.0,19,13,0,2020-10-04T12:20:14,1601677544.961149,2020-10-03T01:25:44
1601803219,212500,-40.0,30000.0,9.32556521744965,0.0,54,13,0,2020-10-04T12:20:19,1601677550.199852,2020-10-03T01:25:50
1601803225,212500,-40.0,30000.0,9.298311866243344,0.0,93,13,0,2020-10-04T12:20:25,1601677558.393337,2020-10-03T01:25:58
1601803232,212500,-39.970874886021896,30000.0,9.258130148178317,0.0,128,13,0,2020-10-04T12:20:32,1601677564.124512,2020-10-03T01:26:04
1601803239,212500,-39.972469015006844,30000.0,9.227894288604816,0.0,167,13,0,2020-10-04T12:20:39,1601677571.151788,2020-10-03T01:26:11
1601802987,258500,-40.0,30000.0,9.186228201604601,0.0,205,13,0,2020-10-04T12:16:27,1601677577.121213,2020-10-03T01:26:17
1601802994,258500,-39.91093561556279,30000.0,9.148663649482634,0.0,223,13,0,2020-10-04T12:16:34,1601677585.170389,2020-10-03T01:26:25
1601803001,258500,-39.75853665120155,30000.0,9.114974923717067,0.0,4,13,0,2020-10-04T12:16:41,1601677591.255789,2020-10-03T01:26:31
1601803009,258500,-39.91731213560668,30000.0,9.073174449672486,0.0,42,13,0,2020-10-04T12:16:49,1601677599.283813,2020-10-03T01:26:39
1601803013,865500,-39.93994877808982,30000.0,9.039034432426266,0.0,78,13,0,2020-10-04T12:16:53,1601677605.4943168,2020-10-03T01:26:45
1601803021,865500,-39.84589508513998,30000.0,9.003476074143512,0.0,114,13,0,2020-10-04T12:17:01,1601677612.910117,2020-10-03T01:26:52
1601803028,865500,-39.94313703713406,30000.0,8.963365935843637,0.0,152,13,0,2020-10-04T12:17:08,1601677619.886265,2020-10-03T01:26:59
1601803036,865500,-39.98235261407915,30000.0,8.925101715404846,0.0,192,13,0,2020-10-04T12:17:16,1601677627.593941,2020-10-03T01:27:07
1601803041,865500,-39.904240269027284,30000.0,8.9005253084317,0.0,226,13,0,2020-10-04T12:17:21,1601677633.299232,2020-10-03T01:27:13
1601803050,474500,-39.87363296419462,30000.0,8.848254678744944,0.0,6,13,0,2020-10-04T12:17:30,1601677641.153028,2020-10-03T01:27:21
1601803055,474500,-39.84111269132982,30000.0,8.836316187891482,0.0,42,13,0,2020-10-04T12:17:35,1601677647.274077,2020-10-03T01:27:27
1601803062,474500,-39.87108235498563,30000.0,8.79247135597289,0.0,85,13,0,2020-10-04T12:17:42,1601677656.561364,2020-10-03T01:27:36
1601803070,474500,-39.787868689633044,30000.0,8.752398144804765,0.0,120,13,0,2020-10-04T12:17:50,1601677662.138016,2020-10-03T01:27:42
1601803078,82500,-39.8914872266203,30000.0,8.717763320109226,0.0,157,13,0,2020-10-04T12:17:58,1601677669.732789,2020-10-03T01:27:49
1601803082,82500,-39.93771699669121,30000.0,8.700139183182223,0.0,192,13,0,2020-10-04T12:18:02,1601677674.6320488,2020-10-03T01:27:54
1601803092,82500,-39.928471044589244,30000.0,8.65410081777836,0.0,234,13,0,2020-10-04T12:18:12,1601677684.408056,2020-10-03T01:28:04
1601803097,82500,-39.85131513114893,30000.0,8.639633928821578,0.0,15,13,0,2020-10-04T12:18:17,1601677689.2333848,2020-10-03T01:28:09
315964830,203500,-39.74195766870123,30000.0,8.603102040760717,0.0,59,13,0,1980-01-06T03:00:30,1601677697.9841049,2020-10-03T01:28:17
315964836,203500,-39.590514897799224,30000.0,8.584411938707479,0.0,96,13,0,1980-01-06T03:00:36,1601677703.889276,2020-10-03T01:28:23
315964845,203500,-39.429825866725515,30000.0,8.560108682926556,0.0,140,13,0,1980-01-06T03:00:45,1601677713.3092089,2020-10-03T01:28:33
315964850,203500,-39.30261351232036,30000.0,8.542757330881683,0.0,175,13,0,1980-01-06T03:00:50,1601677718.261117,2020-10-03T01:28:38
315964858,811500,-39.105258649422375,30000.0,8.51632113300546,0.0,221,13,0,1980-01-06T03:00:58,1601677727.716636,2020-10-03T01:28:47
315964863,811500,-39.00578398152275,30000.0,8.49037893475192,0.0,2,13,0,1980-01-06T03:01:03,1601677732.9276688,2020-10-03T01:28:52
315964873,811500,-38.8900488920897,30000.0,8.458424511253465,0.0,46,13,0,1980-01-06T03:01:13,1601677741.175197,2020-10-03T01:29:01
315964878,811500,-38.90822218051035,30000.0,8.439180556734645,0.0,83,13,0,1980-01-06T03:01:18,1601677747.053325,2020-10-03T01:29:07
315964887,811500,-38.89738197382676,30000.0,8.397988335494357,0.0,129,13,0,1980-01-06T03:01:27,1601677756.713997,2020-10-03T01:29:16
315964902,422500,-38.8221381500377,30000.0,8.332813660050663,0.0,207,13,0,1980-01-06T03:01:42,1601677770.973724,2020-10-03T01:29:30
315964907,422500,-38.87378857826661,30000.0,8.315494160580878,0.0,244,13,0,1980-01-06T03:01:47,1601677776.1742558,2020-10-03T01:29:36
315964916,422500,-38.95477128838966,30000.0,8.274525989341349,0.0,32,13,0,1980-01-06T03:01:56,1601677785.403204,2020-10-03T01:29:45
315964921,33500,-38.91619291988043,30000.0,8.262155064687033,0.0,67,13,0,1980-01-06T03:02:01,1601677790.178125,2020-10-03T01:29:50
315964930,33500,-39.05902844893878,30000.0,8.224777676601933,0.0,110,13,0,1980-01-06T03:02:10,1601677799.717593,2020-10-03T01:29:59
315964935,33500,-39.054564842109514,30000.0,8.204242238991608,0.0,147,13,0,1980-01-06T03:02:15,1601677804.823969,2020-10-03T01:30:04
315964945,33500,-39.06253556843403,30000.0,8.164153501153253,0.0,187,13,0,1980-01-06T03:02:25,1601677813.8859398,2020-10-03T01:30:13
315964949,642000,-39.116098830903866,30000.0,8.146978496236995,0.0,224,13,0,1980-01-06T03:02:29,1601677819.229089,2020-10-03T01:30:19
315964958,641500,-39.13459090216266,30000.0,8.117644964502073,0.0,11,13,0,1980-01-06T03:02:38,1601677828.8965678,2020-10-03T01:30:28
315964963,641500,-39.0953749533968,30000.0,8.100161582488035,0.0,46,13,0,1980-01-06T03:02:43,1601677833.9871879,2020-10-03T01:30:33
315964973,641500,-39.00163920129196,30000.0,8.064296979929354,0.0,88,13,0,1980-01-06T03:02:53,1601677842.714228,2020-10-03T01:30:42
315964978,641500,-38.96210436481867,30000.0,8.056919401546168,0.0,123,13,0,1980-01-06T03:02:58,1601677848.7484078,2020-10-03T01:30:48
315964987,248500,-38.91172930592072,30000.0,8.023570032615506,0.0,167,13,0,1980-01-06T03:03:07,1601677858.18504,2020-10-03T01:30:58
315964992,248500,-38.87570155651692,30000.0,8.011319463744139,0.0,202,13,0,1980-01-06T03:03:12,1601677863.109608,2020-10-03T01:31:03
315965002,248500,-38.91300462421766,30000.0,7.972926379998729,0.0,246,13,0,1980-01-06T03:03:22,1601677872.363685,2020-10-03T01:31:12
315965006,248500,-38.859760069847106,30000.0,7.959665605635551,0.0,25,13,0,1980-01-06T03:03:26,1601677877.2559528,2020-10-03T01:31:17
315965015,857500,-39.029377342253795,30000.0,7.934099413780115,0.0,71,13,0,1980-01-06T03:03:35,1601677886.7157168,2020-10-03T01:31:26
315965020,857500,-39.13108378549366,30000.0,7.919778101692817,0.0,108,13,0,1980-01-06T03:03:40,1601677891.862649,2020-10-03T01:31:31
315965029,857500,-39.279657880218636,30000.0,7.903128844927418,0.0,156,13,0,1980-01-06T03:03:49,1601677901.185381,2020-10-03T01:31:41
315965034,857500,-39.379769899245886,30000.0,7.883665593364804,0.0,191,13,0,1980-01-06T03:03:54,1601677906.102613,2020-10-03T01:31:46
315965044,469500,-39.536633092180615,30000.0,7.862465691857173,0.0,235,13,0,1980-01-06T03:04:04,1601677915.4289649,2020-10-03T01:31:55
315965049,469500,-39.562139276402355,30000.0,7.848775756118051,0.0,14,13,0,1980-01-06T03:04:09,1601677920.3577209,2020-10-03T01:32:00
315965058,469500,-39.43715890419405,30000.0,7.826253819670657,0.0,60,13,0,1980-01-06T03:04:18,1601677929.716945,2020-10-03T01:32:09
315965072,80500,-39.17029971859802,30000.0,7.790296013204371,0.0,128,13,0,1980-01-06T03:04:32,1601677943.22452,2020-10-03T01:32:23
315965077,80500,-39.100476215998036,30000.0,7.770983963674964,0.0,163,13,0,1980-01-06T03:04:37,1601677948.5625598,2020-10-03T01:32:28
315965086,80500,-38.94233694002685,30000.0,7.7515141007767365,0.0,209,13,0,1980-01-06T03:04:46,1601677957.9713478,2020-10-03T01:32:37
315965100,80500,-38.93627917994163,30000.0,7.720729113967613,0.0,31,13,0,1980-01-06T03:05:00,1601677972.490021,2020-10-03T01:32:52
315965104,690500,-39.050101235057426,30000.0,7.712246744889192,0.0,66,13,0,1980-01-06T03:05:04,1601677977.2469568,2020-10-03T01:32:57
315965114,690500,-39.11641765975107,30000.0,7.685756415415634,0.0,108,13,0,1980-01-06T03:05:14,1601677986.2483048,2020-10-03T01:33:06
315965119,690500,-39.09951972928248,30000.0,7.679682140057495,0.0,143,13,0,1980-01-06T03:05:19,1601677991.6491609,2020-10-03T01:33:11
315965128,690500,-39.12279423645648,30000.0,7.650643760218473,0.0,184,13,0,1980-01-06T03:05:28,1601678000.171808,2020-10-03T01:33:20
315965133,300500,-39.23151479930884,30000.0,7.641883185198837,0.0,219,13,0,1980-01-06T03:05:33,1601678006.033984,2020-10-03T01:33:26
315965142,300500,-39.165517288652495,30000.0,7.6227668764891705,0.0,5,13,0,1980-01-06T03:05:42,1601678015.877668,2020-10-03T01:33:35
315965147,300500,-39.39539246535278,30000.0,7.621191759043232,0.0,38,13,0,1980-01-06T03:05:47,1601678020.717412,2020-10-03T01:33:40
315965157,300500,-39.44002835347455,30000.0,7.598505630136836,0.0,82,13,0,1980-01-06T03:05:57,1601678030.285153,2020-10-03T01:33:50
315965162,300500,-39.344379994500194,30000.0,7.5877748001089635,0.0,117,13,0,1980-01-06T03:06:02,1601678035.3548238,2020-10-03T01:33:55
315965171,911500,-39.1948495216249,30000.0,7.5687554125579,0.0,159,13,0,1980-01-06T03:06:11,1601678044.715689,2020-10-03T01:34:04
315965176,911500,-39.08931720367982,30000.0,7.552345689079319,0.0,196,13,0,1980-01-06T03:06:16,1601678049.978544,2020-10-03T01:34:09
315965185,911500,-38.97868349191956,30000.0,7.535611529461806,0.0,240,13,0,1980-01-06T03:06:25,1601678058.2703319,2020-10-03T01:34:18
315965190,911500,-39.034797437758584,30000.0,7.52882154387912,0.0,21,13,0,1980-01-06T03:06:30,1601678064.391989,2020-10-03T01:34:24
315965200,520500,-39.05328952583166,30000.0,7.509635171597347,0.0,67,13,0,1980-01-06T03:06:40,1601678073.862309,2020-10-03T01:34:33
315965205,520500,-39.06795566192884,30000.0,7.500368820246489,0.0,101,13,0,1980-01-06T03:06:45,1601678078.786084,2020-10-03T01:34:38
315965212,520500,-39.15754657150819,30000.0,7.49050829045953,0.0,144,13,0,1980-01-06T03:06:52,1601678086.379348,2020-10-03T01:34:46
315965219,520500,-39.14861936746301,30000.0,7.474765869411736,0.0,179,13,0,1980-01-06T03:06:59,1601678093.6091719,2020-10-03T01:34:53
315965224,520500,-39.1674302606614,30000.0,7.470828102145374,0.0,210,13,0,1980-01-06T03:07:04,1601678100.1763358,2020-10-03T01:35:00
315965232,130500,-39.102708018294564,30000.0,7.4517477460396915,0.0,247,13,0,1980-01-06T03:07:12,1601678106.1200888,2020-10-03T01:35:06
315965240,130500,-38.97645168652734,30000.0,7.44420374871318,0.0,33,13,0,1980-01-06T03:07:20,1601678114.331548,2020-10-03T01:35:14
315965245,130500,-38.893237188571014,30000.0,7.434153022520506,0.0,65,13,0,1980-01-06T03:07:25,1601678119.561261,2020-10-03T01:35:19
315965254,130500,-38.65921592476768,30000.0,7.430284871824576,0.0,106,13,0,1980-01-06T03:07:34,1601678128.161785,2020-10-03T01:35:28
315964838,476500,-38.47429405693963,30000.0,7.409036261670706,0.0,132,13,0,1980-01-06T03:00:38,1601678133.949141,2020-10-03T01:35:33
315964846,476500,-38.26928540128538,30000.0,7.406875983280593,0.0,170,13,0,1980-01-06T03:00:46,1601678141.176596,2020-10-03T01:35:41
315964852,476500,-38.14270906037761,30000.0,7.39418426968807,0.0,205,13,0,1980-01-06T03:00:52,1601678147.138265,2020-10-03T01:35:47
315964860,476500,-38.01198771418346,30000.0,7.376151456919492,0.0,246,13,0,1980-01-06T03:01:00,1601678155.16714,2020-10-03T01:35:55
315964865,85000,-37.86946934582147,30000.0,7.3675577054860035,0.0,26,13,0,1980-01-06T03:01:05,1601678160.7435489,2020-10-03T01:36:00
315964873,84500,-37.64883643491039,30000.0,7.34916133084067,0.0,66,13,0,1980-01-06T03:01:13,1601678168.833232,2020-10-03T01:36:08
315964880,84500,-37.501534968785926,30000.0,7.345339790690076,0.0,105,13,0,1980-01-06T03:01:20,1601678175.6256678,2020-10-03T01:36:15
315964887,84500,-37.29461107079548,30000.0,7.327732789274314,0.0,148,13,0,1980-01-06T03:01:27,1601678183.0469449,2020-10-03T01:36:23
315964894,84500,-37.06791885477687,30000.0,7.324183964760344,0.0,187,13,0,1980-01-06T03:01:34,1601678190.02046,2020-10-03T01:36:30
315964900,693500,-36.849834661534985,30000.0,7.331358263803825,0.0,224,13,0,1980-01-06T03:01:40,1601678196.942164,2020-10-03T01:36:36
315964907,693500,-36.6464164696873,30000.0,7.31900443122957,0.0,4,13,0,1980-01-06T03:01:47,1601678202.994293,2020-10-03T01:36:42
315964915,693500,-36.4241863487279,30000.0,7.310597966416443,0.0,45,13,0,1980-01-06T03:01:55,1601678211.145032,2020-10-03T01:36:51
315964920,693500,-36.25520181248628,30000.0,7.300316242825956,0.0,83,13,0,1980-01-06T03:02:00,1601678217.10984,2020-10-03T01:36:57
315964929,303500,-36.001405569396205,30000.0,7.279742779594424,0.0,125,13,0,1980-01-06T03:02:09,1601678225.64908,2020-10-03T01:37:05
315964934,303500,-35.84357965296331,30000.0,7.275222069797179,0.0,160,13,0,1980-01-06T03:02:14,1601678231.171208,2020-10-03T01:37:11
315964942,303500,-35.599347483720976,30000.0,7.265405685904582,0.0,200,13,0,1980-01-06T03:02:22,1601678239.16662,2020-10-03T01:37:19
315964950,303500,-35.31143324736165,30000.0,7.247783359824919,0.0,239,13,0,1980-01-06T03:02:30,1601678246.597673,2020-10-03T01:37:26
315964957,912500,-35.123953711381525,30000.0,7.246532605981626,0.0,31,13,0,1980-01-06T03:02:37,1601678256.426061,2020-10-03T01:37:36
315964967,912500,-34.80032739702401,30000.0,7.211284415857167,0.0,73,13,0,1980-01-06T03:02:47,1601678263.4416049,2020-10-03T01:37:43
315964976,912500,-34.581599983332765,30000.0,7.192692275733159,0.0,120,13,0,1980-01-06T03:02:56,1601678273.745792,2020-10-03T01:37:53
315964984,912500,-34.31536399838076,30000.0,7.181411957259743,0.0,163,13,0,1980-01-06T03:03:04,1601678281.350132,2020-10-03T01:38:01
1601804342,750500,-34.025532545961234,30000.0,7.163511665456106,0.0,212,13,0,2020-10-04T12:39:02,1601678291.3157969,2020-10-03T01:38:11
1601804352,750500,-33.79500586853535,30000.0,7.149253398698256,0.0,254,13,0,2020-10-04T12:39:12,1601678299.312696,2020-10-03T01:38:19
1601804360,750500,-33.59381266717355,30000.0,7.111075001138091,0.0,43,13,0,2020-10-04T12:39:20,1601678309.1755118,2020-10-03T01:38:29
1601804369,834500,-33.398677148808204,30000.0,7.083520617557671,0.0,85,13,0,2020-10-04T12:39:29,1601678316.4942758,2020-10-03T01:38:36
1601804378,834500,-33.20099040516034,30000.0,7.0506283247006465,0.0,129,13,0,2020-10-04T12:39:38,1601678325.631713,2020-10-03T01:38:45
1601804385,834500,-33.05049310733411,30000.0,7.0257882423170495,0.0,170,13,0,2020-10-04T12:39:45,1601678332.58472,2020-10-03T01:38:52
1601804394,834500,-32.83494992609485,30000.0,6.996859137706317,0.0,218,13,0,2020-10-04T12:39:54,1601678342.4395008,2020-10-03T01:39:02
1601804402,893500,-32.68764052999968,30000.0,6.982487642517265,0.0,6,13,0,2020-10-04T12:40:02,1601678350.291648,2020-10-03T01:39:10
1601804412,893500,-32.434471866801324,30000.0,6.956304808635096,0.0,53,13,0,2020-10-04T12:40:12,1601678360.248208,2020-10-03T01:39:20
1601804420,893500,-32.20107140632426,30000.0,6.931322382730638,0.0,95,13,0,2020-10-04T12:40:20,1601678368.069381,2020-10-03T01:39:28
1601804430,991500,-32.01836816179728,30000.0,6.914667952866626,0.0,138,13,0,2020-10-04T12:40:30,1601678377.516552,2020-10-03T01:39:37
1601804438,991500,-31.740326905883354,30000.0,6.902305730148623,0.0,179,13,0,2020-10-04T12:40:38,1601678386.118769,2020-10-03T01:39:46
1601804448,991500,-31.505011497838474,30000.0,6.887449745348116,0.0,225,13,0,2020-10-04T12:40:48,1601678395.16392,2020-10-03T01:39:55
1601804453,991500,-31.332829099664174,30000.0,6.8817469131802795,0.0,255,13,0,2020-10-04T12:40:53,1601678402.6858199,2020-10-03T01:40:02
1601804463,892500,-31.102295480821248,30000.0,6.867151110190205,0.0,44,13,0,2020-10-04T12:41:03,1601678411.626641,2020-10-03T01:40:11
1601804473,892500,-30.809265030086113,30000.0,6.822679848484847,0.0,82,13,0,2020-10-04T12:41:13,1601678420.9100878,2020-10-03T01:40:20
1601804490,892500,-30.445765639416255,30000.0,6.773641179809636,0.0,166,13,0,2020-10-04T12:41:30,1601678437.8443599,2020-10-03T01:40:37
1601804508,218500,-29.949937334026618,30000.0,6.731602486593291,0.0,253,13,0,2020-10-04T12:41:48,1601678455.638033,2020-10-03T01:40:55
1601804518,218500,-29.6597728705804,30000.0,6.713033086529943,0.0,33,13,0,2020-10-04T12:41:58,1601678464.821229,2020-10-03T01:41:04
1601804526,323500,-29.43688765989516,30000.0,6.688331786058863,0.0,65,13,0,2020-10-04T12:42:06,1601678473.0879369,2020-10-03T01:41:13
1601804534,323500,-29.21463962204134,30000.0,6.648043288114774,0.0,106,13,0,2020-10-04T12:42:14,1601678482.066604,2020-10-03T01:41:22
1601804544,323500,-29.13141603962447,30000.0,6.575050399672136,0.0,153,13,0,2020-10-04T12:42:24,1601678491.6563928,2020-10-03T01:41:31
1601804552,323500,-28.981549623117075,30000.0,6.544553385063146,0.0,195,13,0,2020-10-04T12:42:32,1601678500.02338,2020-10-03T01:41:40
1601804562,305500,-28.78385311506588,30000.0,6.500514516509043,0.0,239,13,0,2020-10-04T12:42:42,1601678509.581037,2020-10-03T01:41:49
1601804569,305500,-28.648016228822577,30000.0,6.476067266640971,0.0,25,13,0,2020-10-04T12:42:49,1601678517.241816,2020-10-03T01:41:57
1601804579,305500,-28.424171895740233,30000.0,6.430246055158139,0.0,71,13,0,2020-10-04T12:42:59,1601678526.481377,2020-10-03T01:42:06
1601804587,488500,-28.284189186192815,30000.0,6.405492817465087,0.0,115,13,0,2020-10-04T12:43:07,1601678534.923972,2020-10-03T01:42:14
1601804594,488500,-28.112957191169492,30000.0,6.415182383073708,0.0,154,13,0,2020-10-04T12:43:14,1601678542.0675929,2020-10-03T01:42:22
1601804604,488500,-27.70703720420779,30000.0,6.435670260254133,0.0,202,13,0,2020-10-04T12:43:24,1601678551.886301,2020-10-03T01:42:31
1601804611,488500,-27.578532692427302,30000.0,6.432500753232157,0.0,244,13,0,2020-10-04T12:43:31,1601678559.1344728,2020-10-03T01:42:39
1601804621,539500,-27.339061012825915,30000.0,6.416834603797502,0.0,37,13,0,2020-10-04T12:43:41,1601678569.151244,2020-10-03T01:42:49
1601804629,539500,-27.141360874049134,30000.0,6.414354505122209,0.0,82,13,0,2020-10-04T12:43:49,1601678576.862416,2020-10-03T01:42:56
1601804639,539500,-26.97427202891231,30000.0,6.356329262518549,0.0,126,13,0,2020-10-04T12:43:59,1601678586.592512,2020-10-03T01:43:06
1601804647,716500,-26.72523254106543,30000.0,6.350434148116582,0.0,168,13,0,2020-10-04T12:44:07,1601678594.346701,2020-10-03T01:43:14
1601804655,716500,-26.437289733620126,30000.0,6.331477381937023,0.0,210,13,0,2020-10-04T12:44:15,1601678602.475476,2020-10-03T01:43:22
1601804662,716500,-26.318987381268357,30000.0,6.323691928605177,0.0,253,13,0,2020-10-04T12:44:22,1601678611.671988,2020-10-03T01:43:31
1601804673,716500,-25.912102624396518,30000.0,6.291583644147425,0.0,41,13,0,2020-10-04T12:44:33,1601678620.5270638,2020-10-03T01:43:40
1601804681,806500,-25.714080454746362,30000.0,6.278498774459333,0.0,85,13,0,2020-10-04T12:44:41,1601678628.408484,2020-10-03T01:43:48
1601804688,806500,-25.57951441454852,30000.0,6.253838616631239,0.0,133,13,0,2020-10-04T12:44:48,1601678637.374136,2020-10-03T01:43:57
1601804698,806500,-25.295075578017624,30000.0,6.229708643702179,0.0,174,13,0,2020-10-04T12:44:58,1601678645.497597,2020-10-03T01:44:05
1601804706,806500,-25.117141406455993,30000.0,6.160064344076076,0.0,220,13,0,2020-10-04T12:45:06,1601678654.262112,2020-10-03T01:44:14
1601804714,878500,-24.926770583636404,30000.0,6.105308927902582,0.0,7,13,0,2020-10-04T12:45:14,1601678662.146941,2020-10-03T01:44:22
1601804724,878500,-24.687929564517162,30000.0,6.073551066459243,0.0,58,13,0,2020-10-04T12:45:24,1601678672.1038048,2020-10-03T01:44:32
1601804734,878500,-24.517966207890982,30000.0,6.046361644575472,0.0,105,13,0,2020-10-04T12:45:34,1601678681.01696,2020-10-03T01:44:41
1601804742,908500,-24.366497653553143,30000.0,6.036206241171823,0.0,148,13,0,2020-10-04T12:45:42,1601678689.2870278,2020-10-03T01:44:49
1601804750,908500,-24.114262081201353,30000.0,6.0192681767832354,0.0,183,13,0,2020-10-04T12:45:50,1601678697.83004,2020-10-03T01:44:57
1601804757,908500,-24.031033752705753,30000.0,6.0189313289842366,0.0,228,13,0,2020-10-04T12:45:57,1601678706.408052,2020-10-03T01:45:06
1601804767,908500,-23.784856021237555,30000.0,5.97072194948315,0.0,5,13,0,2020-10-04T12:46:07,1601678714.36318,2020-10-03T01:45:14
1601804775,76500,-23.589699099797052,30000.0,5.999774337424015,0.0,48,13,0,2020-10-04T12:46:15,1601678723.210929,2020-10-03T01:45:23
1601804784,76500,-23.402194989874896,30000.0,5.950171000428461,0.0,93,13,0,2020-10-04T12:46:24,1601678731.657749,2020-10-03T01:45:31
1601804793,76500,-23.19077406793474,30000.0,5.914737613999498,0.0,136,13,0,2020-10-04T12:46:33,1601678739.712728,2020-10-03T01:45:39
1601804800,76500,-23.03228777007889,30000.0,5.882867346626996,0.0,179,13,0,2020-10-04T12:46:40,1601678747.225713,2020-10-03T01:45:47
1601804810,152500,-22.819909312948585,30000.0,5.85786755913167,0.0,228,13,0,2020-10-04T12:46:50,1601678757.462705,2020-10-03T01:45:57
1601804818,152500,-22.62475028612789,30000.0,5.823440432137778,0.0,16,13,0,2020-10-04T12:46:58,1601678765.341996,2020-10-03T01:46:05
1601804828,152500,-22.43182305186872,30000.0,5.78912308785009,0.0,65,13,0,2020-10-04T12:47:08,1601678775.632772,2020-10-03T01:46:15
1601804836,231500,-22.233793176986275,30000.0,5.780912958482991,0.0,106,13,0,2020-10-04T12:47:16,1601678783.052273,2020-10-03T01:46:23
1601804843,231500,-22.088698545920103,30000.0,5.707429870561002,0.0,149,13,0,2020-10-04T12:47:23,1601678792.329388,2020-10-03T01:46:32
1601804853,231500,-21.898640167623466,30000.0,5.678502924044755,0.0,196,13,0,2020-10-04T12:47:33,1601678800.685196,2020-10-03T01:46:40
1601804863,231500,-21.69742020284757,30000.0,5.654069594030137,0.0,242,13,0,2020-10-04T12:47:43,1601678810.439512,2020-10-03T01:46:50
1601804871,346500,-21.485995251393412,30000.0,5.6766724977452325,0.0,28,13,0,2020-10-04T12:47:51,1601678818.236729,2020-10-03T01:46:58
1601804878,346500,-21.309647963941096,30000.0,5.66454379848673,0.0,66,13,0,2020-10-04T12:47:58,1601678825.69374,2020-10-03T01:47:05
1601804887,346500,-21.15147722591064,30000.0,5.7014424864567115,0.0,113,13,0,2020-10-04T12:48:07,1601678835.2703838,2020-10-03T01:47:15
1601804895,442000,-20.97449149190686,30000.0,5.65208424630853,0.0,153,13,0,2020-10-04T12:48:15,1601678842.872537,2020-10-03T01:47:22
1601804903,441500,-20.73946665161311,30000.0,5.667772046034069,0.0,197,13,0,2020-10-04T12:48:23,1601678851.6014569,2020-10-03T01:47:31
1601804913,441500,-20.55355104199623,30000.0,5.6389933832594235,0.0,244,13,0,2020-10-04T12:48:33,1601678860.8910758,2020-10-03T01:47:40
1601804921,441500,-20.245816808157542,30000.0,5.665615900701345,0.0,32,13,0,2020-10-04T12:48:41,1601678870.1192439,2020-10-03T01:47:50
1601804931,521500,-20.03534511630096,30000.0,5.61379264854026,0.0,74,13,0,2020-10-04T12:48:51,1601678878.82374,2020-10-03T01:47:58
1601804938,521500,-19.839223321347504,30000.0,5.557587067181753,0.0,115,13,0,2020-10-04T12:48:58,1601678886.0434048,2020-10-03T01:48:06
1601804949,521500,-19.62651838449592,30000.0,5.553470772668175,0.0,166,13,0,2020-10-04T12:49:09,1601678896.503717,2020-10-03T01:48:16
1601804956,521500,-19.463880085569325,30000.0,5.584832414251089,0.0,208,13,0,2020-10-04T12:49:16,1601678904.225764,2020-10-03T01:48:24
1601804967,609500,-19.306024983241127,30000.0,5.4724956467739005,0.0,255,13,0,2020-10-04T12:49:27,1601678913.906045,2020-10-03T01:48:33
1601804974,609500,-19.21099288831863,30000.0,5.423182998548433,0.0,41,13,0,2020-10-04T12:49:34,1601678921.9375288,2020-10-03T01:48:41
1601804984,609500,-18.950451358582267,30000.0,5.388933318739735,0.0,86,13,0,2020-10-04T12:49:44,1601678931.601068,2020-10-03T01:48:51
1601804991,720500,-18.895600413521514,30000.0,5.347705248223124,0.0,130,13,0,2020-10-04T12:49:51,1601678939.327956,2020-10-03T01:48:59
1601805002,720500,-18.62006957603653,30000.0,5.301627911199092,0.0,176,13,0,2020-10-04T12:50:02,1601678949.645696,2020-10-03T01:49:09
1601805009,720500,-18.547041005768346,30000.0,5.275106794115137,0.0,220,13,0,2020-10-04T12:50:09,1601678957.240769,2020-10-03T01:49:17
1601805027,787500,-18.115246406859093,30000.0,5.314219579718177,0.0,50,13,0,2020-10-04T12:50:27,1601678974.5353398,2020-10-03T01:49:34
1601805044,787500,-17.845453450309446,30000.0,5.295187383219736,0.0,131,13,0,2020-10-04T12:50:44,1601678991.1244879,2020-10-03T01:49:51
1601805054,637500,-17.643267651626026,30000.0,5.291628067789278,0.0,172,13,0,2020-10-04T12:50:54,1601679001.609972,2020-10-03T01:50:01
1601805061,637500,-17.48349590072821,30000.0,5.312494189288316,0.0,215,13,0,2020-10-04T12:51:01,1601679009.382984,2020-10-03T01:50:09
1601805069,637500,-17.248142981436104,30000.0,5.274415646848491,0.0,1,13,0,2020-10-04T12:51:09,1601679017.292496,2020-10-03T01:50:17
1601805079,637500,-17.095386487007794,30000.0,5.311881509859197,0.0,46,13,0,2020-10-04T12:51:19,1601679026.016948,2020-10-03T01:50:26
1601805087,604500,-16.845043860090662,30000.0,5.267326913084517,0.0,92,13,0,2020-10-04T12:51:27,1601679035.2496479,2020-10-03T01:50:35
1601805096,604500,-16.73597717169023,30000.0,5.254231118778898,0.0,140,13,0,2020-10-04T12:51:36,1601679044.508056,2020-10-03T01:50:44
1601805105,604500,-16.53219431861396,30000.0,5.304219641364123,0.0,184,13,0,2020-10-04T12:51:45,1601679052.9205,2020-10-03T01:50:52
1601805113,732500,-16.260164215409805,30000.0,5.392444700333786,0.0,229,13,0,2020-10-04T12:51:53,1601679061.220933,2020-10-03T01:51:01
1601805123,732500,-16.07487711818046,30000.0,5.347066525448764,0.0,21,13,0,2020-10-04T12:52:03,1601679071.692576,2020-10-03T01:51:11
1601805131,732500,-15.843028523110751,30000.0,5.233771737463944,0.0,53,13,0,2020-10-04T12:52:11,1601679079.34442,2020-10-03T01:51:19
1601805141,732500,-15.702388298507298,30000.0,5.191458400923517,0.0,94,13,0,2020-10-04T12:52:21,1601679089.558436,2020-10-03T01:51:29
1601805149,918500,-15.485527654928386,30000.0,5.294453995775755,0.0,136,13,0,2020-10-04T12:52:29,1601679097.3398209,2020-10-03T01:51:37
1601805159,918500,-15.260693638537486,30000.0,5.2676753686479865,0.0,168,13,0,2020-10-04T12:52:39,1601679106.291185,2020-10-03T01:51:46
1601805166,918500,-15.094539342772055,30000.0,5.315139094709341,0.0,211,13,0,2020-10-04T12:52:46,1601679115.145892,2020-10-03T01:51:55
1601805184,966500,-14.678354963331277,30000.0,5.139776523782876,0.0,37,13,0,2020-10-04T12:53:04,1601679132.370756,2020-10-03T01:52:12
1601805193,966500,-14.489237590210882,30000.0,5.120798641123807,0.0,80,13,0,2020-10-04T12:53:13,1601679140.6798608,2020-10-03T01:52:20
1601805200,966500,-14.36613567890306,30000.0,5.025548441823848,0.0,125,13,0,2020-10-04T12:53:20,1601679149.227284,2020-10-03T01:52:29
1601805211,81500,-14.148952878297042,30000.0,5.036905485399264,0.0,170,13,0,2020-10-04T12:53:31,1601679158.633301,2020-10-03T01:52:38
1601805218,81500,-14.01309376580175,30000.0,5.070359927878786,0.0,211,13,0,2020-10-04T12:53:38,1601679166.2405689,2020-10-03T01:52:46
1601805229,81500,-13.798461461078272,30000.0,5.060295723440987,0.0,0,13,0,2020-10-04T12:53:49,1601679176.230396,2020-10-03T01:52:56
1601805236,309000,-13.66834236887496,30000.0,4.8669514163805,0.0,40,13,0,2020-10-04T12:53:56,1601679183.392485,2020-10-03T01:53:03
1601805244,308500,-13.500909435033009,30000.0,4.843964641146008,0.0,89,13,0,2020-10-04T12:54:04,1601679193.022805,2020-10-03T01:53:13
1601805254,308500,-13.285956980600895,30000.0,4.893316605071931,0.0,128,13,0,2020-10-04T12:54:14,1601679200.347389,2020-10-03T01:53:20
1601805261,308500,-13.182307615494915,30000.0,4.826195367137687,0.0,172,13,0,2020-10-04T12:54:21,1601679209.2864609,2020-10-03T01:53:29
1601805271,303500,-13.047084878650981,30000.0,4.772997685041354,0.0,217,13,0,2020-10-04T12:54:31,1601679218.1458008,2020-10-03T01:53:38
1601805281,303500,-12.809806752111012,30000.0,4.73397486778593,0.0,9,13,0,2020-10-04T12:54:41,1601679227.74492,2020-10-03T01:53:47
1601805288,303500,-12.749849276451073,30000.0,4.870575380830038,0.0,55,13,0,2020-10-04T12:54:48,1601679235.8028889,2020-10-03T01:53:55
1601805296,303500,-12.53489501750189,30000.0,4.871180362001767,0.0,101,13,0,2020-10-04T12:54:56,1601679245.509049,2020-10-03T01:54:05
1601805306,617500,-12.280393609963152,30000.0,4.776616285843674,0.0,141,13,0,2020-10-04T12:55:06,1601679253.1386569,2020-10-03T01:54:13
1601805314,617500,-12.17291598108559,30000.0,5.01853814835919,0.0,180,13,0,2020-10-04T12:55:14,1601679262.2604089,2020-10-03T01:54:22
1601805575,953500,-11.85367158027509,30000.0,4.772523997291857,0.0,235,13,0,2020-10-04T12:59:35,1601679275.207445,2020-10-03T01:54:35
1601805589,953500,-11.640947655811669,30000.0,4.773239580029579,0.0,19,13,0,2020-10-04T12:59:49,1601679289.085301,2020-10-03T01:54:49
1601805358,789500,-11.417379687839617,30000.0,4.680664330510592,0.0,67,13,0,2020-10-04T12:55:58,1601679306.216424,2020-10-03T01:55:06
1601805376,789500,-11.127474030140728,30000.0,4.653866561843905,0.0,105,13,0,2020-10-04T12:56:16,1601679323.504413,2020-10-03T01:55:23
1601805390,878500,-10.90932657923222,30000.0,4.6159789100770725,0.0,149,13,0,2020-10-04T12:56:30,1601679337.455333,2020-10-03T01:55:37
1601805403,878500,-10.76198107020382,30000.0,4.507005043957116,0.0,190,13,0,2020-10-04T12:56:43,1601679351.690008,2020-10-03T01:55:51
1601805421,983500,-10.50109600233518,30000.0,4.613045714844044,0.0,236,13,0,2020-10-04T12:57:01,1601679368.880524,2020-10-03T01:56:08
1601805435,983500,-10.271784415969137,30000.0,4.612435691298689,0.0,23,13,0,2020-10-04T12:57:15,1601679383.122436,2020-10-03T01:56:23
1601805453,42500,-9.993994488660155,30000.0,4.608232256645513,0.0,69,13,0,2020-10-04T12:57:33,1601679401.0315568,2020-10-03T01:56:41
1601805467,42500,-9.751286394997418,30000.0,4.7759506326367624,0.0,112,13,0,2020-10-04T12:57:47,1601679414.3453438,2020-10-03T01:56:54
1601805485,163500,-9.497096003679326,30000.0,4.582282942423559,0.0,157,13,0,2020-10-04T12:58:05,1601679431.237748,2020-10-03T01:57:11
1601805498,163500,-9.283728605794,30000.0,4.500783971699638,0.0,204,13,0,2020-10-04T12:58:18,1601679445.812661,2020-10-03T01:57:25
1601805517,232500,-8.999556886671053,30000.0,4.523363051077902,0.0,2,13,0,2020-10-04T12:58:37,1601679464.116876,2020-10-03T01:57:44
1601805548,347500,-8.43758950546462,30000.0,4.51976055663676,0.0,56,13,0,2020-10-04T12:59:08,1601679495.154912,2020-10-03T01:58:15
1601805562,347500,-8.21911655712663,30000.0,4.492457520069085,0.0,92,13,0,2020-10-04T12:59:22,1601679508.869472,2020-10-03T01:58:28
1601805579,441500,-7.9489748162507565,30000.0,4.3679821110748795,0.0,139,13,0,2020-10-04T12:59:39,1601679526.352813,2020-10-03T01:58:46
1601805593,441500,-7.739112074473814,30000.0,4.2863239661833425,0.0,177,13,0,2020-10-04T12:59:53,1601679540.818697,2020-10-03T01:59:00
1601805607,516500,-7.519680596188119,30000.0,4.236796821834945,0.0,223,13,0,2020-10-04T13:00:07,1601679554.369297,2020-10-03T01:59:14
1601805638,633500,-7.068696188218655,30000.0,4.257645464620043,0.0,35,13,0,2020-10-04T13:00:38,1601679585.8527439,2020-10-03T01:59:45
1601805669,724500,-6.611330612805614,30000.0,4.1459388843445275,0.0,118,13,0,2020-10-04T13:01:09,1601679617.093765,2020-10-03T02:00:17
1601805687,724500,-6.3577691923615705,30000.0,4.1321421419912925,0.0,154,13,0,2020-10-04T13:01:27,1601679635.5562918,2020-10-03T02:00:35
1601805701,824500,-6.149178504038877,30000.0,4.176875027035613,0.0,190,13,0,2020-10-04T13:01:41,1601679649.292541,2020-10-03T02:00:49
1601805732,919500,-5.709988263204923,30000.0,4.0165435469063855,0.0,253,13,0,2020-10-04T13:02:12,1601679679.721701,2020-10-03T02:01:19
1601805750,919500,-5.539350950554012,30000.0,3.9593127424550776,0.0,36,13,0,2020-10-04T13:02:30,1601679697.046753,2020-10-03T02:01:37
1601805764,6500,-5.399651375701955,30000.0,4.059017784900449,0.0,80,13,0,2020-10-04T13:02:44,1601679711.154692,2020-10-03T02:01:51
1601805796,108500,-4.967474369284082,30000.0,4.00932019388229,0.0,160,13,0,2020-10-04T13:03:16,1601679743.24648,2020-10-03T02:02:23
1601805809,108500,-4.782163884343913,30000.0,4.022734813183019,0.0,189,13,0,2020-10-04T13:03:29,1601679759.5692918,2020-10-03T02:02:39
1601805828,204500,-4.5317868020385506,30000.0,3.964772375134818,0.0,227,13,0,2020-10-04T13:03:48,1601679775.081248,2020-10-03T02:02:55
1601805842,204500,-4.339458452865415,30000.0,3.9887222452218416,0.0,245,13,0,2020-10-04T13:04:02,1601679789.120616,2020-10-03T02:03:09
1601805859,299500,-4.781844933092361,30000.0,3.580337096160742,0.0,27,13,0,2020-10-04T13:04:19,1601679806.582721,2020-10-03T02:03:26
1601805890,392500,-5.07304695244909,30000.0,3.3874542797600666,0.0,88,13,0,2020-10-04T13:04:50,1601679838.103145,2020-10-03T02:03:58
1601805908,392500,-5.40571140744687,30000.0,3.3582302226905636,0.0,127,13,0,2020-10-04T13:05:08,1601679855.354512,2020-10-03T02:04:15
1601805922,490500,-5.707755627570236,30000.0,3.348722493775034,0.0,159,13,0,2020-10-04T13:05:22,1601679869.619225,2020-10-03T02:04:29
1601805971,559500,-7.2370979869569965,30000.0,3.4238142991850387,0.0,238,13,0,2020-10-04T13:06:11,1601679918.1518838,2020-10-03T02:05:18
1601805985,669500,-7.878489056661033,30000.0,3.462556009669628,0.0,18,13,0,2020-10-04T13:06:25,1601679932.410436,2020-10-03T02:05:32
1601805998,669500,-8.380818484056727,30000.0,3.495907830570034,0.0,65,13,0,2020-10-04T13:06:38,1601679949.137173,2020-10-03T02:05:49
1601806110,12500,-14.001931622974348,30000.0,3.917962965565243,0.0,178,13,0,2020-10-04T13:08:30,1601680057.726564,2020-10-03T02:07:37
1601806128,12500,-14.995356880941836,30000.0,3.9921655614456166,0.0,225,13,0,2020-10-04T13:08:48,1601680074.7839558,2020-10-03T02:07:54
1601806142,104500,-15.868860377064607,30000.0,4.051675853446273,0.0,14,13,0,2020-10-04T13:09:02,1601680089.2688248,2020-10-03T02:08:09
1601806160,104500,-17.044680202592918,30000.0,4.138546195478206,0.0,65,13,0,2020-10-04T13:09:20,1601680106.402513,2020-10-03T02:08:26
1601806173,191500,-17.822811214819286,30000.0,4.2010766766094685,0.0,109,13,0,2020-10-04T13:09:33,1601680120.586665,2020-10-03T02:08:40
1601806187,191500,-18.610502517822898,30000.0,4.25868712630185,0.0,153,13,0,2020-10-04T13:09:47,1601680137.436084,2020-10-03T02:08:57
1601806204,238500,-19.90140832727775,30000.0,4.357880051100295,0.0,199,13,0,2020-10-04T13:10:04,1601680152.121672,2020-10-03T02:09:12
1601806218,238500,-20.72320303737813,30000.0,4.411931656783203,0.0,244,13,0,2020-10-04T13:10:18,1601680166.155732,2020-10-03T02:09:26
1601806236,358500,-21.74844274071511,30000.0,4.496247250779028,0.0,33,13,0,2020-10-04T13:10:36,1601680182.798156,2020-10-03T02:09:42
1601806249,358500,-22.53131615687214,30000.0,4.552202912929122,0.0,81,13,0,2020-10-04T13:10:49,1601680199.978389,2020-10-03T02:09:59
1601806267,441500,-23.731602459100735,30000.0,4.648053197035626,0.0,131,13,0,2020-10-04T13:11:07,1601680214.751412,2020-10-03T02:10:14
1601806285,441500,-24.731616153724804,30000.0,4.723901353602087,0.0,176,13,0,2020-10-04T13:11:25,1601680231.535661,2020-10-03T02:10:31
1601806298,524500,-25.65253724347565,30000.0,4.793773994248311,0.0,218,13,0,2020-10-04T13:11:38,1601680246.2992969,2020-10-03T02:10:46
1601806316,524500,-26.47969997277503,30000.0,4.867240180140266,0.0,7,13,0,2020-10-04T13:11:56,1601680263.357653,2020-10-03T02:11:03
1601806330,598500,-27.152521377392965,30000.0,4.919183246615238,0.0,51,13,0,2020-10-04T13:12:10,1601680277.679369,2020-10-03T02:11:17
1601806347,598500,-27.88337187891718,30000.0,4.980157256970688,0.0,102,13,0,2020-10-04T13:12:27,1601680295.4766839,2020-10-03T02:11:35
1601806361,691500,-28.56447325265997,30000.0,5.03746507087431,0.0,145,13,0,2020-10-04T13:12:41,1601680308.924289,2020-10-03T02:11:48
1601806374,691500,-29.127589666156904,30000.0,5.096875578407361,0.0,194,13,0,2020-10-04T13:12:54,1601680325.978457,2020-10-03T02:12:05
1601806392,767500,-30.052929549063606,30000.0,5.191102989429693,0.0,236,13,0,2020-10-04T13:13:12,1601680339.804085,2020-10-03T02:12:19
1601806406,767500,-30.75697222627384,30000.0,5.249173854367203,0.0,25,13,0,2020-10-04T13:13:26,1601680354.351992,2020-10-03T02:12:34
1601806424,862500,-31.538172514230222,30000.0,5.317361726308378,0.0,72,13,0,2020-10-04T13:13:44,1601680372.0853,2020-10-03T02:12:52
1601806437,862500,-32.07990699265501,30000.0,5.374379658704809,0.0,116,13,0,2020-10-04T13:13:57,1601680389.688637,2020-10-03T02:13:09
1601806455,948500,-33.02626046790829,30000.0,5.447840330247789,0.0,162,13,0,2020-10-04T13:14:15,1601680403.5581799,2020-10-03T02:13:23
1601806474,47500,-33.71083000418109,30000.0,5.513853104136711,0.0,211,13,0,2020-10-04T13:14:34,1601680420.751988,2020-10-03T02:13:40
1601806487,47500,-34.24744978191802,30000.0,5.585255576609192,0.0,254,13,0,2020-10-04T13:14:47,1601680434.730356,2020-10-03T02:13:54
1601806501,47500,-34.90969090324249,30000.0,5.69031716126705,0.0,39,13,0,2020-10-04T13:15:01,1601680448.2023768,2020-10-03T02:14:08
1601806514,907500,-35.99566645004286,30000.0,5.883834502690411,0.0,79,13,0,2020-10-04T13:15:14,1601680462.038776,2020-10-03T02:14:22
1601806527,907500,-36.730270733360314,30000.0,6.1149245619607635,0.0,119,13,0,2020-10-04T13:15:27,1601680475.665381,2020-10-03T02:14:35
1601806540,511500,-37.93706197837518,30000.0,6.364648984308186,0.0,156,13,0,2020-10-04T13:15:40,1601680488.886888,2020-10-03T02:14:48
1601806554,511500,-38.49852522001454,30000.0,6.587830889751846,0.0,198,13,0,2020-10-04T13:15:54,1601680501.52244,2020-10-03T02:15:01
1601806505,201500,-39.328757419480254,30000.0,6.826820741217362,0.0,243,13,0,2020-10-04T13:15:05,1601680515.166216,2020-10-03T02:15:15
1601806518,201500,-39.837286776097514,30000.0,7.105919507855532,0.0,28,13,0,2020-10-04T13:15:18,1601680528.464748,2020-10-03T02:15:28
1601806531,201500,-40.0,30000.0,7.471146961004247,0.0,68,13,0,2020-10-04T13:15:31,1601680541.962425,2020-10-03T02:15:41
1601806544,807500,-40.0,30000.0,7.988062877983361,0.0,112,13,0,2020-10-04T13:15:44,1601680555.1938689,2020-10-03T02:15:55
1601806556,807500,-40.0,30000.0,8.534739116306302,0.0,155,13,0,2020-10-04T13:15:56,1601680568.182016,2020-10-03T02:16:08
1601806508,393500,-40.0,30000.0,9.252138414050812,0.0,191,13,0,2020-10-04T13:15:08,1601680581.4047768,2020-10-03T02:16:21
1601806517,393500,-40.0,30000.0,9.820287496198944,0.0,233,13,0,2020-10-04T13:15:17,1601680593.574065,2020-10-03T02:16:33
1601806530,393500,-40.0,30000.0,10.662278956944634,0.0,15,13,0,2020-10-04T13:15:30,1601680606.66678,2020-10-03T02:16:46
1601806543,2500,-40.0,30000.0,11.677054960171104,0.0,55,13,0,2020-10-04T13:15:43,1601680620.698705,2020-10-03T02:17:00
1601806556,2500,-40.0,30000.0,12.80358437926648,0.0,93,13,0,2020-10-04T13:15:56,1601680633.7373638,2020-10-03T02:17:13
1601806506,593500,-40.0,30479.537636201116,14.151445651960055,0.0,131,13,0,2020-10-04T13:15:06,1601680643.7312639,2020-10-03T02:17:23
1601806520,593500,-40.0,31186.40828011178,15.720446775970439,0.0,171,13,0,2020-10-04T13:15:20,1601680657.219704,2020-10-03T02:17:37
1601806534,202500,-40.0,31899.30249949631,17.480675287751833,0.0,214,13,0,2020-10-04T13:15:34,1601680671.0406759,2020-10-03T02:17:51
1601806547,202500,-40.0,32558.842334931283,19.231619587947474,0.0,255,13,0,2020-10-04T13:15:47,1601680684.5463278,2020-10-03T02:18:04
1601806560,202500,-40.0,33200.38504733715,21.02438815630464,0.0,39,13,0,2020-10-04T13:16:00,1601680696.946677,2020-10-03T02:18:16
1601806511,831500,-39.66065684463247,33962.07959777109,23.32340318286424,0.0,81,13,0,2020-10-04T13:15:11,1601680710.7534878,2020-10-03T02:18:30
1601806524,831500,-39.209515634502694,34655.49367536821,25.448614398220556,0.0,121,13,0,2020-10-04T13:15:24,1601680723.936708,2020-10-03T02:18:43
1601806537,439500,-38.70863463503183,35362.048736285295,27.738547351190658,0.0,165,13,0,2020-10-04T13:15:37,1601680737.4738688,2020-10-03T02:18:57
1601806550,439500,-38.18607024519822,36039.359092152445,30.09845911208935,0.0,204,13,0,2020-10-04T13:15:50,1601680750.0707889,2020-10-03T02:19:10
1601806501,971500,-37.58857677355261,36801.34510758578,32.837343496666044,0.0,236,13,0,2020-10-04T13:15:01,1601680763.355108,2020-10-03T02:19:23
1601806514,971500,-37.0369917427797,37474.473821447034,35.28857736086272,0.0,21,13,0,2020-10-04T13:15:14,1601680777.197296,2020-10-03T02:19:37
1601806527,971500,-36.4241863487279,38192.631552691506,37.978833128410145,0.0,58,13,0,2020-10-04T13:15:27,1601680789.6962209,2020-10-03T02:19:49
1601806536,579500,-36.02531856273699,38693.02729855397,39.83464584603269,0.0,98,13,0,2020-10-04T13:15:36,1601680802.337568,2020-10-03T02:20:02
1601806549,579500,-35.417926550234164,39383.31014331109,42.41859750890745,0.0,140,13,0,2020-10-04T13:15:49,1601680815.544056,2020-10-03T02:20:15
1601806516,200500,-33.73793209036812,41167.25540546169,49.14806455302169,0.0,215,13,0,2020-10-04T13:15:16,1601680847.395504,2020-10-03T02:20:47
1601806914,212500,-32.80912297159464,42133.10270763558,52.523695665528784,0.0,4,13,0,2020-10-04T13:21:54,1601680861.803248,2020-10-03T02:21:01
1601806927,212500,-32.12901048534686,42890.55001666656,54.65385231386027,0.0,51,13,0,2020-10-04T13:22:07,1601680879.116896,2020-10-03T02:21:19
1601806945,392500,-31.288826878056874,43906.01902111488,56.254473326591246,0.0,97,13,0,2020-10-04T13:22:25,1601680893.156677,2020-10-03T02:21:33
1601806963,392500,-30.31343874002305,44980.81670873187,56.648174134030214,0.0,143,13,0,2020-10-04T13:22:43,1601680910.89054,2020-10-03T02:21:50
1601806977,481500,-29.540199328762515,45779.585072105736,56.435989181603894,0.0,186,13,0,2020-10-04T13:22:57,1601680924.7307289,2020-10-03T02:22:04
1601806995,481500,-28.51600553606238,46879.275497841656,56.34583134015511,0.0,231,13,0,2020-10-04T13:23:15,1601680942.605216,2020-10-03T02:22:22
1601807009,569500,-27.86455861192626,47670.35849490647,56.3757154691482,0.0,19,13,0,2020-10-04T13:23:29,1601680956.5458798,2020-10-03T02:22:36
1601807027,569500,-26.8362002858368,48759.00567683333,54.67434269722324,0.0,66,13,0,2020-10-04T13:23:47,1601680973.784085,2020-10-03T02:22:53
1601807040,657500,-25.995966953782773,49545.94732417436,50.88248679125105,0.0,111,13,0,2020-10-04T13:24:00,1601680987.849596,2020-10-03T02:23:07
1601807053,657500,-25.29252455296946,50322.29697442036,49.75846704033525,0.0,155,13,0,2020-10-04T13:24:13,1601681001.53278,2020-10-03T02:23:21
1601807071,745500,-24.397110266269646,51402.40070807727,50.07281531631654,0.0,198,13,0,2020-10-04T13:24:31,1601681019.142936,2020-10-03T02:23:39
1601807085,745500,-23.64837377453796,52283.23318915502,52.55810993960818,0.0,245,13,0,2020-10-04T13:24:45,1601681036.975569,2020-10-03T02:23:56
1601807103,835500,-22.62315584788064,53428.353473418385,54.96157455110822,0.0,32,13,0,2020-10-04T13:25:03,1601681051.285277,2020-10-03T02:24:11
1601807120,835500,-21.58548940844573,54505.564951185734,56.55010145067134,0.0,77,13,0,2020-10-04T13:25:20,1601681067.7801208,2020-10-03T02:24:27
1601807134,923500,-20.784430746168233,55381.80061865766,58.02604964831235,0.0,123,13,0,2020-10-04T13:25:34,1601681082.3175678,2020-10-03T02:24:42
1601807151,923500,-19.936805926730607,56430.43803134475,56.094860802703195,0.0,168,13,0,2020-10-04T13:25:51,1601681099.826256,2020-10-03T02:24:59
1601807166,11500,-19.276048427286675,57278.82578605823,54.30739207152771,0.0,213,13,0,2020-10-04T13:26:06,1601681113.726608,2020-10-03T02:25:13
1601807184,11500,-18.247591354032103,58416.512584931654,54.318095802545514,0.0,3,13,0,2020-10-04T13:26:24,1601681131.420444,2020-10-03T02:25:31
1601807198,99500,-17.529418349370008,59315.15276570518,48.015034356151176,0.0,47,13,0,2020-10-04T13:26:38,1601681145.287833,2020-10-03T02:25:45
1601807215,99500,-16.583219802698636,60410.705619928754,48.98167393104143,0.0,89,13,0,2020-10-04T13:26:55,1601681162.1329038,2020-10-03T02:26:02
1601807229,187500,-15.8085860395694,61304.83955959882,50.996930911117126,0.0,134,13,0,2020-10-04T13:27:09,1601681176.7251089,2020-10-03T02:26:16
1601807243,187500,-15.122922728011327,62174.73555933438,53.497919746323234,0.0,175,13,0,2020-10-04T13:27:23,1601681194.115844,2020-10-03T02:26:34
1601807260,124500,-14.184033836271556,63292.71226770871,54.772707850126686,0.0,221,13,0,2020-10-04T13:27:40,1601681208.2453809,2020-10-03T02:26:48
1601807274,124500,-13.447968670748741,64203.06560772791,55.230893586229634,0.0,8,13,0,2020-10-04T13:27:54,1601681225.2110999,2020-10-03T02:27:05
1601807292,360500,-12.381811550860926,65431.05276557547,56.685767454096364,0.0,53,13,0,2020-10-04T13:28:12,1601681239.712473,2020-10-03T02:27:19
1601807305,360500,-11.647964045194385,66274.29479362661,56.71973917105555,0.0,100,13,0,2020-10-04T13:28:25,1601681256.5075848,2020-10-03T02:27:36
1601807323,454500,-10.603472751683853,67505.47033384937,58.17638551972882,0.0,144,13,0,2020-10-04T13:28:43,1601681271.400024,2020-10-03T02:27:51
1601807338,454500,-9.792109878621682,68502.36056628087,56.382415645282585,0.0,186,13,0,2020-10-04T13:28:58,1601681285.4728,2020-10-03T02:28:05
1601807355,532500,-8.946294522383118,69651.90788402063,54.25791425533364,0.0,235,13,0,2020-10-04T13:29:15,1601681303.152701,2020-10-03T02:28:23
1601807369,532500,-8.116418140160182,70585.09895065491,52.98218709375168,0.0,26,13,0,2020-10-04T13:29:29,1601681316.9889078,2020-10-03T02:28:36
1601807386,619500,-6.8026972467952875,71792.3738083249,50.35143743119528,0.0,74,13,0,2020-10-04T13:29:46,1601681333.668937,2020-10-03T02:28:53
1601807400,619500,-6.113456502531494,72723.59106369404,48.0475931607675,0.0,118,13,0,2020-10-04T13:30:00,1601681348.174188,2020-10-03T02:29:08
1601807418,707500,-5.1036661677697115,73973.97472678387,44.62267904036691,0.0,167,13,0,2020-10-04T13:30:18,1601681364.846668,2020-10-03T02:29:24
1601807432,707500,-4.3375447358712105,74956.83127525102,43.27626134184754,0.0,209,13,0,2020-10-04T13:30:32,1601681379.718281,2020-10-03T02:29:39
1601807445,782500,-3.6508366455163013,75869.26101657577,42.89894881656375,0.0,3,13,0,2020-10-04T13:30:45,1601681396.5243568,2020-10-03T02:29:56
1601807463,782500,-2.6741902380250395,77133.93776225197,36.07746085084307,0.0,50,13,0,2020-10-04T13:31:03,1601681411.263797,2020-10-03T02:30:11
1601807473,888500,-2.0911317169633548,77834.1381613751,33.297104892955076,0.0,93,13,0,2020-10-04T13:31:13,1601681420.9410079,2020-10-03T02:30:20
1601807482,888500,-1.6382061740790959,78485.45974361362,40.1423730222934,0.0,140,13,0,2020-10-04T13:31:22,1601681430.132772,2020-10-03T02:30:30
1601807490,888500,-1.2385453228922187,79035.09588466598,44.001003767202924,0.0,186,13,0,2020-10-04T13:31:30,1601681438.741272,2020-10-03T02:30:38
1601807500,980500,-0.8312275191382469,79727.05113262651,48.51849318108176,0.0,231,13,0,2020-10-04T13:31:40,1601681448.287068,2020-10-03T02:30:48
1601807507,980500,-0.3712783264341851,80237.30097774172,48.189458588332805,0.0,20,13,0,2020-10-04T13:31:47,1601681455.987988,2020-10-03T02:30:55
1601807518,980500,0.18468283397598953,81082.3994750649,43.15749348666162,0.0,66,13,0,2020-10-04T13:31:58,1601681464.954392,2020-10-03T02:31:04
1601807525,980500,0.3843576221221383,81563.60393098726,48.08286471729905,0.0,112,13,0,2020-10-04T13:32:05,1601681473.2297928,2020-10-03T02:31:13
1601807536,82500,0.8401664355697903,82276.45145380362,52.57904102134773,0.0,159,13,0,2020-10-04T13:32:16,1601681482.5547569,2020-10-03T02:31:22
1601807544,82500,1.2443039732134138,82928.29645817708,52.00769833020876,0.0,202,13,0,2020-10-04T13:32:24,1601681490.516245,2020-10-03T02:31:30
1601807553,82500,1.5339316815918438,83571.14705469996,46.977059048779935,0.0,250,13,0,2020-10-04T13:32:33,1601681500.7839239,2020-10-03T02:31:40
1601807561,170500,1.826750075289442,84152.48586280765,45.496912385091676,0.0,38,13,0,2020-10-04T13:32:41,1601681508.678345,2020-10-03T02:31:48
1601807571,170500,2.2037790912138235,84884.43449738469,49.529222000157866,0.0,83,13,0,2020-10-04T13:32:51,1601681517.970736,2020-10-03T02:31:57
1601807579,170500,2.5744301458226118,85487.53292566896,49.63443842021412,0.0,125,13,0,2020-10-04T13:32:59,1601681526.3493168,2020-10-03T02:32:06
1601807587,170500,2.831845335689377,86050.087642492,51.502796018038275,0.0,171,13,0,2020-10-04T13:33:07,1601681534.032244,2020-10-03T02:32:14
1601807596,265500,3.0605531329489395,86699.82127729473,53.24909490477974,0.0,218,13,0,2020-10-04T13:33:16,1601681542.779484,2020-10-03T02:32:22
1601807606,265500,3.4461998218208465,87437.6455337012,51.64569073938305,0.0,8,13,0,2020-10-04T13:33:26,1601681553.231449,2020-10-03T02:32:33
1601807613,265500,3.7390244721712405,87971.27213479667,48.94438530082143,0.0,51,13,0,2020-10-04T13:33:33,1601681560.7297208,2020-10-03T02:32:40
1601807623,250500,4.1868757905584975,88716.67528502906,48.443559977192294,0.0,100,13,0,2020-10-04T13:33:43,1601681570.453652,2020-10-03T02:32:50
1601807630,250500,4.444295618149067,89241.90336365174,48.12656735207913,0.0,150,13,0,2020-10-04T13:33:50,1601681578.211921,2020-10-03T02:32:58
1601807640,250500,4.771254954799315,89959.75278863817,48.50321729801155,0.0,197,13,0,2020-10-04T13:34:00,1601681588.057484,2020-10-03T02:33:08
1601807648,250500,5.1128888645391495,90555.03636557222,50.645862491471675,0.0,242,13,0,2020-10-04T13:34:08,1601681595.54548,2020-10-03T02:33:15
1601807655,461500,5.432832914860046,91124.0104325426,51.40997054334745,0.0,33,13,0,2020-10-04T13:34:15,1601681605.3145518,2020-10-03T02:33:25
1601807666,461500,5.740337546565934,91944.763188849,52.13543539328194,0.0,78,13,0,2020-10-04T13:34:26,1601681613.673168,2020-10-03T02:33:33
1601807674,461500,6.014987286128803,92548.19054966947,52.90532042376555,0.0,122,13,0,2020-10-04T13:34:34,1601681621.6702318,2020-10-03T02:33:41
1601807683,561500,6.306544377852356,93273.23937624751,54.70033595529288,0.0,169,13,0,2020-10-04T13:34:43,1601681630.18466,2020-10-03T02:33:50
1601807691,561500,6.5690741691106265,93947.90209527445,60.74972067463791,0.0,213,13,0,2020-10-04T13:34:51,1601681638.991045,2020-10-03T02:33:58
1601807709,561500,7.386653652582413,95261.66423033198,65.50835531018853,0.0,42,13,0,2020-10-04T13:35:09,1601681657.048789,2020-10-03T02:34:17
1601807717,659500,7.7882687833393,95867.00020143676,65.75772306856689,0.0,87,13,0,2020-10-04T13:35:17,1601681664.723764,2020-10-03T02:34:24
1601807727,659500,8.29834492678549,96645.1588152773,64.56357819254674,0.0,134,13,0,2020-10-04T13:35:27,1601681674.4354088,2020-10-03T02:34:34
1601807735,659500,8.655304256968611,97293.5447772235,63.278558913885284,0.0,180,13,0,2020-10-04T13:35:35,1601681682.8629808,2020-10-03T02:34:42
1601807744,761500,8.890725934715011,97949.04140772483,62.69718174167975,0.0,224,13,0,2020-10-04T13:35:44,1601681691.5969238,2020-10-03T02:34:51
1601807752,761500,9.368270182902256,98439.51943788938,61.785451150002714,0.0,13,13,0,2020-10-04T13:35:52,1601681700.272604,2020-10-03T02:35:00
1601807759,761500,9.618686855705255,98941.57149619269,60.994558200573174,0.0,58,13,0,2020-10-04T13:35:59,1601681709.154389,2020-10-03T02:35:09
1601807770,761500,10.033710170748805,99768.66780613706,60.55436908102799,0.0,104,13,0,2020-10-04T13:36:10,1601681717.688704,2020-10-03T02:35:17
1601807778,866500,10.419386905619467,100344.8163269687,60.235741787869486,0.0,148,13,0,2020-10-04T13:36:18,1601681726.320981,2020-10-03T02:35:26
1601807788,866500,10.987856388238379,101129.43730938918,59.259114180003884,0.0,195,13,0,2020-10-04T13:36:28,1601681735.379756,2020-10-03T02:35:35
1601807795,866500,11.287723899728826,101594.42718744082,58.566923133345846,0.0,240,13,0,2020-10-04T13:36:35,1601681743.6562688,2020-10-03T02:35:43
