time_s,time_us,temperature,seq,srcSystem,srcComponent,time_gregorian,log_timestamp,log_timestamp_gregorian
1601800051,464781,23.0625,37,10,3,2020-10-04T11:27:31,1601673982.4241328,2020-10-03T00:26:22
1601800069,497325,23.25,85,10,3,2020-10-04T11:27:49,1601673997.2924368,2020-10-03T00:26:37
1601800086,590284,23.125,129,10,3,2020-10-04T11:28:06,1601674014.826001,2020-10-03T00:26:54
1601800100,635978,23.0,171,10,3,2020-10-04T11:28:20,1601674028.7684119,2020-10-03T00:27:08
1601800119,760254,23.3125,219,10,3,2020-10-04T11:28:39,1601674047.387956,2020-10-03T00:27:27
1601800132,753791,23.3125,6,10,3,2020-10-04T11:28:52,1601674060.7948968,2020-10-03T00:27:40
1601800150,558977,23.4375,55,10,3,2020-10-04T11:29:10,1601674079.045776,2020-10-03T00:27:59
1601800164,340204,23.4375,95,10,3,2020-10-04T11:29:24,1601674092.324061,2020-10-03T00:28:12
1601800182,59163,23.4375,143,10,3,2020-10-04T11:29:42,1601674110.708025,2020-10-03T00:28:30
1601800195,840234,23.5625,187,10,3,2020-10-04T11:29:55,1601674124.084352,2020-10-03T00:28:44
1601800213,559003,23.8125,236,10,3,2020-10-04T11:30:13,1601674142.169101,2020-10-03T00:29:02
1601800226,355867,24.0,22,10,3,2020-10-04T11:30:26,1601674155.768348,2020-10-03T00:29:15
1601800245,59037,24.25,71,10,3,2020-10-04T11:30:45,1601674173.202225,2020-10-03T00:29:33
1601800258,840253,24.4375,114,10,3,2020-10-04T11:30:58,1601674187.8630638,2020-10-03T00:29:47
1601800275,574624,24.5625,165,10,3,2020-10-04T11:31:15,1601674205.738997,2020-10-03T00:30:05
1601800293,293392,24.6875,216,10,3,2020-10-04T11:31:33,1601674223.780016,2020-10-03T00:30:23
1601800306,90364,24.75,3,10,3,2020-10-04T11:31:46,1601674237.213476,2020-10-03T00:30:37
1601800319,871530,24.75,47,10,3,2020-10-04T11:31:59,1601674254.3593318,2020-10-03T00:30:54
1601800338,574864,24.9375,93,10,3,2020-10-04T11:32:18,1601674269.500784,2020-10-03T00:31:09
1601800352,355923,24.9375,138,10,3,2020-10-04T11:32:32,1601674286.4410279,2020-10-03T00:31:26
1601800370,74679,25.0625,182,10,3,2020-10-04T11:32:50,1601674301.471513,2020-10-03T00:31:41
1601800387,793657,25.125,229,10,3,2020-10-04T11:33:07,1601674318.83974,2020-10-03T00:31:58
1601800401,574693,25.1875,16,10,3,2020-10-04T11:33:21,1601674333.5069718,2020-10-03T00:32:13
1601800419,293515,25.3125,67,10,3,2020-10-04T11:33:39,1601674351.4183679,2020-10-03T00:32:31
1601800433,74704,25.4375,111,10,3,2020-10-04T11:33:53,1601674365.149044,2020-10-03T00:32:45
1601800450,793465,25.375,162,10,3,2020-10-04T11:34:10,1601674383.596825,2020-10-03T00:33:03
1601800464,574703,25.3125,204,10,3,2020-10-04T11:34:24,1601674397.392529,2020-10-03T00:33:17
1601800482,293467,25.3125,249,10,3,2020-10-04T11:34:42,1601674414.2941358,2020-10-03T00:33:34
1601800495,90392,25.375,37,10,3,2020-10-04T11:34:55,1601674428.604969,2020-10-03T00:33:48
1601800512,809133,25.25,81,10,3,2020-10-04T11:35:12,1601674445.554693,2020-10-03T00:34:05
1601800526,590371,25.4375,130,10,3,2020-10-04T11:35:26,1601674460.772568,2020-10-03T00:34:20
1601800544,309168,25.5625,178,10,3,2020-10-04T11:35:44,1601674478.2511609,2020-10-03T00:34:38
1601800557,105988,25.6875,221,10,3,2020-10-04T11:35:57,1601674491.6284719,2020-10-03T00:34:51
1601800574,824991,25.5625,9,10,3,2020-10-04T11:36:14,1601674509.918944,2020-10-03T00:35:09
1601800592,543533,25.4375,56,10,3,2020-10-04T11:36:32,1601674527.6526759,2020-10-03T00:35:27
1601800606,324763,25.3125,100,10,3,2020-10-04T11:36:46,1601674541.9368808,2020-10-03T00:35:41
1601800620,106045,25.3125,145,10,3,2020-10-04T11:37:00,1601674555.74098,2020-10-03T00:35:55
1601800638,809193,25.4375,190,10,3,2020-10-04T11:37:18,1601674573.202076,2020-10-03T00:36:13
1601800651,606047,25.5625,235,10,3,2020-10-04T11:37:31,1601674590.64318,2020-10-03T00:36:30
1601800670,309187,25.6875,27,10,3,2020-10-04T11:37:50,1601674606.375365,2020-10-03T00:36:46
1601800683,106302,25.6875,68,10,3,2020-10-04T11:38:03,1601674619.564216,2020-10-03T00:36:59
1601800700,824827,25.8125,115,10,3,2020-10-04T11:38:20,1601674637.435344,2020-10-03T00:37:17
1601800718,543633,25.8125,166,10,3,2020-10-04T11:38:38,1601674654.816812,2020-10-03T00:37:34
1601800732,325068,25.8125,210,10,3,2020-10-04T11:38:52,1601674669.123973,2020-10-03T00:37:49
1601800746,106103,25.8125,253,10,3,2020-10-04T11:39:06,1601674683.4781039,2020-10-03T00:38:03
1601800763,824857,25.8125,46,10,3,2020-10-04T11:39:23,1601674701.880944,2020-10-03T00:38:21
1601800777,606168,25.625,93,10,3,2020-10-04T11:39:37,1601674718.683089,2020-10-03T00:38:38
1601800796,309264,25.5625,141,10,3,2020-10-04T11:39:56,1601674734.3709998,2020-10-03T00:38:54
1601800809,106134,25.5625,183,10,3,2020-10-04T11:40:09,1601674747.796993,2020-10-03T00:39:07
1601800826,824880,25.4375,232,10,3,2020-10-04T11:40:26,1601674765.972168,2020-10-03T00:39:25
1601800844,543634,24.9375,23,10,3,2020-10-04T11:40:44,1601674783.569865,2020-10-03T00:39:43
1601800858,324875,24.5625,69,10,3,2020-10-04T11:40:58,1601674797.735736,2020-10-03T00:39:57
1601800872,106134,24.1875,108,10,3,2020-10-04T11:41:12,1601674811.8052878,2020-10-03T00:40:11
1601800889,825139,23.875,157,10,3,2020-10-04T11:41:29,1601674829.71928,2020-10-03T00:40:29
1601800903,606164,23.75,202,10,3,2020-10-04T11:41:43,1601674847.3308039,2020-10-03T00:40:47
1601800921,324898,23.5625,246,10,3,2020-10-04T11:42:01,1601674861.625221,2020-10-03T00:41:01
1601800936,90584,23.5,36,10,3,2020-10-04T11:42:16,1601674876.528045,2020-10-03T00:41:16
1601800953,809339,23.25,81,10,3,2020-10-04T11:42:33,1601674893.599272,2020-10-03T00:41:33
1601800966,606184,22.9375,124,10,3,2020-10-04T11:42:46,1601674908.0989158,2020-10-03T00:41:48
1601800985,309328,22.5625,173,10,3,2020-10-04T11:43:05,1601674926.269197,2020-10-03T00:42:06
1601800999,90622,22.6875,220,10,3,2020-10-04T11:43:19,1601674940.487764,2020-10-03T00:42:20
1601801015,824964,22.75,10,10,3,2020-10-04T11:43:35,1601674957.962636,2020-10-03T00:42:37
1601801029,606259,22.9375,54,10,3,2020-10-04T11:43:49,1601674971.7642078,2020-10-03T00:42:51
1601801047,325175,23.0625,101,10,3,2020-10-04T11:44:07,1601674989.588757,2020-10-03T00:43:09
1601801061,106204,23.25,146,10,3,2020-10-04T11:44:21,1601675003.41918,2020-10-03T00:43:23
1601801078,824985,23.5,195,10,3,2020-10-04T11:44:38,1601675021.304364,2020-10-03T00:43:41
1601801092,606300,23.625,243,10,3,2020-10-04T11:44:52,1601675038.3989959,2020-10-03T00:43:58
1601801109,340654,23.8125,35,10,3,2020-10-04T11:45:09,1601675056.50874,2020-10-03T00:44:16
1601801127,59416,23.9375,81,10,3,2020-10-04T11:45:27,1601675070.406205,2020-10-03T00:44:30
1601801144,778161,24.0625,132,10,3,2020-10-04T11:45:44,1601675088.914392,2020-10-03T00:44:48
1601801158,559432,24.1875,176,10,3,2020-10-04T11:45:58,1601675102.7166488,2020-10-03T00:45:02
1601801177,262541,24.25,224,10,3,2020-10-04T11:46:17,1601675121.624284,2020-10-03T00:45:21
1601801191,43833,24.375,10,10,3,2020-10-04T11:46:31,1601675134.602764,2020-10-03T00:45:34
1601801208,762554,24.375,59,10,3,2020-10-04T11:46:48,1601675153.8055239,2020-10-03T00:45:53
1601801222,543802,24.5,103,10,3,2020-10-04T11:47:02,1601675167.628028,2020-10-03T00:46:07
1601801240,262560,24.5625,153,10,3,2020-10-04T11:47:20,1601675185.228324,2020-10-03T00:46:25
1601801253,59432,24.625,194,10,3,2020-10-04T11:47:33,1601675198.703981,2020-10-03T00:46:38
1601801270,778226,24.6875,244,10,3,2020-10-04T11:47:50,1601675217.096,2020-10-03T00:46:57
1601801284,559478,24.8125,32,10,3,2020-10-04T11:48:04,1601675230.6499999,2020-10-03T00:47:10
1601801303,262812,24.875,80,10,3,2020-10-04T11:48:23,1601675249.258869,2020-10-03T00:47:29
1601801317,267026,24.875,124,10,3,2020-10-04T11:48:37,1601675262.4625878,2020-10-03T00:47:42
1601801335,265345,24.75,171,10,3,2020-10-04T11:48:55,1601675281.571333,2020-10-03T00:48:01
1601801349,266666,24.75,215,10,3,2020-10-04T11:49:09,1601675295.712509,2020-10-03T00:48:15
1601801367,264915,24.75,5,10,3,2020-10-04T11:49:27,1601675313.478168,2020-10-03T00:48:33
1601801380,264704,24.75,46,10,3,2020-10-04T11:49:40,1601675326.074348,2020-10-03T00:48:46
1601801398,263685,24.75,95,10,3,2020-10-04T11:49:58,1601675344.932997,2020-10-03T00:49:04
1601801412,264577,24.8125,139,10,3,2020-10-04T11:50:12,1601675358.598093,2020-10-03T00:49:18
1601801430,264284,24.75,190,10,3,2020-10-04T11:50:30,1601675376.691717,2020-10-03T00:49:36
1601801444,262994,24.8125,232,10,3,2020-10-04T11:50:44,1601675390.754032,2020-10-03T00:49:50
1601801463,263993,24.9375,27,10,3,2020-10-04T11:51:03,1601675409.434912,2020-10-03T00:50:09
1601801477,262855,25.0,71,10,3,2020-10-04T11:51:17,1601675423.563952,2020-10-03T00:50:23
1601801495,262389,24.875,117,10,3,2020-10-04T11:51:35,1601675440.263288,2020-10-03T00:50:40
1601801508,262111,24.875,160,10,3,2020-10-04T11:51:48,1601675454.959452,2020-10-03T00:50:54
1601801526,262564,24.875,211,10,3,2020-10-04T11:52:06,1601675472.7408118,2020-10-03T00:51:12
1601801540,261378,24.75,255,10,3,2020-10-04T11:52:20,1601675486.50134,2020-10-03T00:51:26
1601801558,259886,24.375,46,10,3,2020-10-04T11:52:38,1601675504.88324,2020-10-03T00:51:44
1601801572,260016,23.3125,90,10,3,2020-10-04T11:52:52,1601675518.395993,2020-10-03T00:51:58
1601801590,268504,21.375,137,10,3,2020-10-04T11:53:10,1601675536.512032,2020-10-03T00:52:16
1601801604,266502,20.625,182,10,3,2020-10-04T11:53:24,1601675550.4350078,2020-10-03T00:52:30
1601801621,266107,20.0,230,10,3,2020-10-04T11:53:41,1601675568.078261,2020-10-03T00:52:48
1601801635,265745,19.5,18,10,3,2020-10-04T11:53:55,1601675581.5047128,2020-10-03T00:53:01
1601801653,265357,18.4375,63,10,3,2020-10-04T11:54:13,1601675599.5794768,2020-10-03T00:53:19
1601801667,264947,17.5625,109,10,3,2020-10-04T11:54:27,1601675613.312077,2020-10-03T00:53:33
1601801685,264479,16.75,156,10,3,2020-10-04T11:54:45,1601675630.634661,2020-10-03T00:53:50
1601801699,264171,16.3125,197,10,3,2020-10-04T11:54:59,1601675645.285941,2020-10-03T00:54:05
1601801717,263660,15.375,245,10,3,2020-10-04T11:55:17,1601675662.815089,2020-10-03T00:54:22
1601801730,263345,15.5,35,10,3,2020-10-04T11:55:30,1601675676.6797,2020-10-03T00:54:36
1601801748,235281,14.6875,84,10,3,2020-10-04T11:55:48,1601675694.5252879,2020-10-03T00:54:54
1601801761,262536,14.0625,130,10,3,2020-10-04T11:56:01,1601675708.168212,2020-10-03T00:55:08
1601801779,262044,13.6875,175,10,3,2020-10-04T11:56:19,1601675725.0361679,2020-10-03T00:55:25
1601801793,261694,12.875,221,10,3,2020-10-04T11:56:33,1601675739.217689,2020-10-03T00:55:39
1601801811,246216,12.4375,9,10,3,2020-10-04T11:56:51,1601675756.1902049,2020-10-03T00:55:56
1601801824,260857,12.0,51,10,3,2020-10-04T11:57:04,1601675770.714285,2020-10-03T00:56:10
1601801843,254048,11.8125,95,10,3,2020-10-04T11:57:23,1601675788.464388,2020-10-03T00:56:28
1601801856,260083,11.25,136,10,3,2020-10-04T11:57:36,1601675802.65356,2020-10-03T00:56:42
1601801875,238145,10.5625,185,10,3,2020-10-04T11:57:55,1601675821.4712808,2020-10-03T00:57:01
1601801888,259152,10.0625,226,10,3,2020-10-04T11:58:08,1601675834.750272,2020-10-03T00:57:14
1601801906,236126,9.625,21,10,3,2020-10-04T11:58:26,1601675853.1028929,2020-10-03T00:57:33
1601801920,258368,9.5,62,10,3,2020-10-04T11:58:40,1601675866.702092,2020-10-03T00:57:46
1601801938,245530,9.4375,110,10,3,2020-10-04T11:58:58,1601675884.367861,2020-10-03T00:58:04
1601801951,157659,8.625,152,10,3,2020-10-04T11:59:11,1601675897.886129,2020-10-03T00:58:17
1601801970,236628,8.0,200,10,3,2020-10-04T11:59:30,1601675916.366853,2020-10-03T00:58:36
1601801983,243803,8.125,242,10,3,2020-10-04T11:59:43,1601675929.7534928,2020-10-03T00:58:49
1601802002,256237,7.5,39,10,3,2020-10-04T12:00:02,1601675948.76828,2020-10-03T00:59:08
1601802016,255757,7.375,83,10,3,2020-10-04T12:00:16,1601675961.918257,2020-10-03T00:59:21
1601802033,255306,6.6875,132,10,3,2020-10-04T12:00:33,1601675979.521657,2020-10-03T00:59:39
1601802047,254933,6.0,175,10,3,2020-10-04T12:00:47,1601675993.314133,2020-10-03T00:59:53
1601802057,250440,5.75,221,10,3,2020-10-04T12:00:57,1601676002.941525,2020-10-03T01:00:02
1601802064,167663,5.5625,11,10,3,2020-10-04T12:01:04,1601676011.043097,2020-10-03T01:00:11
1601802074,212924,5.0,56,10,3,2020-10-04T12:01:14,1601676020.497828,2020-10-03T01:00:20
1601802081,254024,5.125,98,10,3,2020-10-04T12:01:21,1601676027.7381358,2020-10-03T01:00:27
1601802092,253737,4.9375,143,10,3,2020-10-04T12:01:32,1601676038.3726208,2020-10-03T01:00:38
1601802099,253528,4.75,185,10,3,2020-10-04T12:01:39,1601676045.9984689,2020-10-03T01:00:45
1601802110,253188,4.125,234,10,3,2020-10-04T12:01:50,1601676056.385076,2020-10-03T01:00:56
1601802117,253091,4.375,19,10,3,2020-10-04T12:01:57,1601676063.743901,2020-10-03T01:01:03
1601802127,252871,3.75,67,10,3,2020-10-04T12:02:07,1601676074.1642609,2020-10-03T01:01:14
1601802135,252541,3.375,109,10,3,2020-10-04T12:02:15,1601676082.002208,2020-10-03T01:01:22
1601802145,252256,1.9375,156,10,3,2020-10-04T12:02:25,1601676091.629004,2020-10-03T01:01:31
1601802154,260422,2.25,196,10,3,2020-10-04T12:02:34,1601676099.891952,2020-10-03T01:01:39
1601802164,251742,2.0,243,10,3,2020-10-04T12:02:44,1601676110.709184,2020-10-03T01:01:50
1601802171,220018,2.0625,29,10,3,2020-10-04T12:02:51,1601676118.096581,2020-10-03T01:01:58
1601802182,251298,1.5,76,10,3,2020-10-04T12:03:02,1601676128.3948169,2020-10-03T01:02:08
1601802190,242579,1.125,119,10,3,2020-10-04T12:03:10,1601676136.880617,2020-10-03T01:02:16
1601802201,250724,0.25,166,10,3,2020-10-04T12:03:21,1601676146.0191278,2020-10-03T01:02:26
1601802208,250594,-0.125,210,10,3,2020-10-04T12:03:28,1601676154.642201,2020-10-03T01:02:34
1601802216,250354,-0.125,3,10,3,2020-10-04T12:03:36,1601676163.242133,2020-10-03T01:02:43
1601802224,250133,-0.4375,45,10,3,2020-10-04T12:03:44,1601676170.322196,2020-10-03T01:02:50
1601802234,249900,-0.375,94,10,3,2020-10-04T12:03:54,1601676180.738936,2020-10-03T01:03:00
1601802242,246343,-0.6875,135,10,3,2020-10-04T12:04:02,1601676188.422433,2020-10-03T01:03:08
1601802252,249379,-0.9375,183,10,3,2020-10-04T12:04:12,1601676198.3882089,2020-10-03T01:03:18
1601802259,249177,-1.4375,225,10,3,2020-10-04T12:04:19,1601676205.899029,2020-10-03T01:03:25
1601802270,248861,-2.1875,14,10,3,2020-10-04T12:04:30,1601676215.627224,2020-10-03T01:03:35
1601802278,248684,-2.4375,55,10,3,2020-10-04T12:04:38,1601676224.21086,2020-10-03T01:03:44
1601802288,253046,-2.3125,100,10,3,2020-10-04T12:04:48,1601676234.540381,2020-10-03T01:03:54
1601802296,260503,-2.375,144,10,3,2020-10-04T12:04:56,1601676242.150121,2020-10-03T01:04:02
1601802303,247955,-2.8125,191,10,3,2020-10-04T12:05:03,1601676251.308712,2020-10-03T01:04:11
1601802313,200340,-2.9375,232,10,3,2020-10-04T12:05:13,1601676258.3963878,2020-10-03T01:04:18
1601802321,216770,-4.0625,23,10,3,2020-10-04T12:05:21,1601676268.571228,2020-10-03T01:04:28
1601802331,175092,-4.25,70,10,3,2020-10-04T12:05:31,1601676277.4277198,2020-10-03T01:04:37
1601802339,245530,-4.25,113,10,3,2020-10-04T12:05:39,1601676285.506177,2020-10-03T01:04:45
1601802349,234635,-4.75,158,10,3,2020-10-04T12:05:49,1601676294.401329,2020-10-03T01:04:54
1601802356,217960,-4.9375,205,10,3,2020-10-04T12:05:56,1601676303.306625,2020-10-03T01:05:03
1601802366,223614,-5.25,250,10,3,2020-10-04T12:06:06,1601676312.433656,2020-10-03T01:05:12
1601802375,246058,-5.1875,39,10,3,2020-10-04T12:06:15,1601676321.8060648,2020-10-03T01:05:21
1601802383,245816,-5.125,80,10,3,2020-10-04T12:06:23,1601676329.366073,2020-10-03T01:05:29
1601802393,245556,-4.75,126,10,3,2020-10-04T12:06:33,1601676339.029568,2020-10-03T01:05:39
1601802401,227614,-4.9375,173,10,3,2020-10-04T12:06:41,1601676347.353849,2020-10-03T01:05:47
1601802409,245095,-5.6875,214,10,3,2020-10-04T12:06:49,1601676355.378772,2020-10-03T01:05:55
1601802418,249548,-5.625,5,10,3,2020-10-04T12:06:58,1601676364.7419279,2020-10-03T01:06:04
1601802426,244755,-6.4375,47,10,3,2020-10-04T12:07:06,1601676372.748265,2020-10-03T01:06:12
1601802436,163066,-6.5,90,10,3,2020-10-04T12:07:16,1601676381.667228,2020-10-03T01:06:21
1601802444,248951,-6.125,136,10,3,2020-10-04T12:07:24,1601676391.86972,2020-10-03T01:06:31
1601802453,208891,-6.25,179,10,3,2020-10-04T12:07:33,1601676399.072573,2020-10-03T01:06:39
1601802461,243740,-5.8125,225,10,3,2020-10-04T12:07:41,1601676409.218761,2020-10-03T01:06:49
1601802471,230487,-5.9375,10,10,3,2020-10-04T12:07:51,1601676417.4684079,2020-10-03T01:06:57
1601802479,226064,-6.25,54,10,3,2020-10-04T12:07:59,1601676425.456588,2020-10-03T01:07:05
1601802486,116697,-6.5,92,10,3,2020-10-04T12:08:06,1601676432.6088128,2020-10-03T01:07:12
1601802496,164153,-6.9375,140,10,3,2020-10-04T12:08:16,1601676442.961508,2020-10-03T01:07:22
1601802504,231802,-7.25,185,10,3,2020-10-04T12:08:24,1601676450.597025,2020-10-03T01:07:30
1601802514,183575,-7.375,229,10,3,2020-10-04T12:08:34,1601676460.165072,2020-10-03T01:07:40
1601802521,234423,-7.625,16,10,3,2020-10-04T12:08:41,1601676467.973192,2020-10-03T01:07:47
1601802532,215678,-8.1875,62,10,3,2020-10-04T12:08:52,1601676477.764009,2020-10-03T01:07:57
1601802539,228651,-7.875,106,10,3,2020-10-04T12:08:59,1601676485.536712,2020-10-03T01:08:05
1601802549,237700,-7.8125,156,10,3,2020-10-04T12:09:09,1601676496.073592,2020-10-03T01:08:16
1601802557,245624,-8.1875,198,10,3,2020-10-04T12:09:17,1601676503.741901,2020-10-03T01:08:23
1601802568,255407,-9.25,246,10,3,2020-10-04T12:09:28,1601676513.040993,2020-10-03T01:08:33
1601802575,229180,-9.5,35,10,3,2020-10-04T12:09:35,1601676521.638753,2020-10-03T01:08:41
1601802585,234134,-9.1875,79,10,3,2020-10-04T12:09:45,1601676530.7977118,2020-10-03T01:08:50
1601802592,230428,-9.5625,124,10,3,2020-10-04T12:09:52,1601676539.358636,2020-10-03T01:08:59
1601802603,210477,-10.3125,172,10,3,2020-10-04T12:10:03,1601676549.276564,2020-10-03T01:09:09
1601802610,235695,-10.6875,212,10,3,2020-10-04T12:10:10,1601676556.3585758,2020-10-03T01:09:16
1601802620,223469,-10.8125,2,10,3,2020-10-04T12:10:20,1601676565.288164,2020-10-03T01:09:25
1601802627,251268,-11.0625,47,10,3,2020-10-04T12:10:27,1601676573.896781,2020-10-03T01:09:33
1601802638,245917,-11.5625,94,10,3,2020-10-04T12:10:38,1601676584.266296,2020-10-03T01:09:44
1601802646,214426,-12.0625,137,10,3,2020-10-04T12:10:46,1601676592.1825888,2020-10-03T01:09:52
1601802656,191098,-12.125,184,10,3,2020-10-04T12:10:56,1601676602.2405438,2020-10-03T01:10:02
1601802663,217964,-12.25,227,10,3,2020-10-04T12:11:03,1601676610.0290039,2020-10-03T01:10:10
1601802674,238262,-12.1875,17,10,3,2020-10-04T12:11:14,1601676619.5725088,2020-10-03T01:10:19
1601802681,238068,-12.5,59,10,3,2020-10-04T12:11:21,1601676627.827836,2020-10-03T01:10:27
1601802691,237832,-13.5,103,10,3,2020-10-04T12:11:31,1601676637.801993,2020-10-03T01:10:37
1601802699,237591,-14.0,143,10,3,2020-10-04T12:11:39,1601676645.234032,2020-10-03T01:10:45
1601802709,239393,-14.4375,191,10,3,2020-10-04T12:11:49,1601676655.5483398,2020-10-03T01:10:55
1601802717,237191,-15.125,233,10,3,2020-10-04T12:11:57,1601676663.237032,2020-10-03T01:11:03
1601802727,140493,-16.0,21,10,3,2020-10-04T12:12:07,1601676672.5761409,2020-10-03T01:11:12
1601802734,163782,-16.0,66,10,3,2020-10-04T12:12:14,1601676680.52826,2020-10-03T01:11:20
1601802744,191807,-16.375,114,10,3,2020-10-04T12:12:24,1601676690.557469,2020-10-03T01:11:30
1601802751,268020,-16.1875,156,10,3,2020-10-04T12:12:31,1601676697.694696,2020-10-03T01:11:37
1601802761,229858,-16.6875,204,10,3,2020-10-04T12:12:41,1601676707.7252688,2020-10-03T01:11:47
1601802769,220835,-16.375,247,10,3,2020-10-04T12:12:49,1601676715.37942,2020-10-03T01:11:55
1601802779,237007,-16.9375,37,10,3,2020-10-04T12:12:59,1601676725.341837,2020-10-03T01:12:05
1601802787,238271,-17.4375,82,10,3,2020-10-04T12:13:07,1601676733.2318718,2020-10-03T01:12:13
1601802796,248689,-17.875,124,10,3,2020-10-04T12:13:16,1601676742.565413,2020-10-03T01:12:22
1601802804,235184,-18.125,167,10,3,2020-10-04T12:13:24,1601676750.751672,2020-10-03T01:12:30
1601802815,234936,-18.75,211,10,3,2020-10-04T12:13:35,1601676760.255228,2020-10-03T01:12:40
1601802822,227851,-19.5,253,10,3,2020-10-04T12:13:42,1601676768.361521,2020-10-03T01:12:48
1601802832,232648,-19.375,45,10,3,2020-10-04T12:13:52,1601676777.6568968,2020-10-03T01:12:57
1601802839,191663,-20.0,88,10,3,2020-10-04T12:13:59,1601676786.0967999,2020-10-03T01:13:06
1601802849,236844,-20.875,132,10,3,2020-10-04T12:14:09,1601676796.1494799,2020-10-03T01:13:16
1601802857,231079,-20.25,172,10,3,2020-10-04T12:14:17,1601676803.783916,2020-10-03T01:13:23
1601802867,228242,-20.5625,216,10,3,2020-10-04T12:14:27,1601676813.635061,2020-10-03T01:13:33
1601802875,217635,-21.0,3,10,3,2020-10-04T12:14:35,1601676821.266909,2020-10-03T01:13:41
1601802885,243466,-21.5625,47,10,3,2020-10-04T12:14:45,1601676831.2407598,2020-10-03T01:13:51
1601802893,224877,-22.0,89,10,3,2020-10-04T12:14:53,1601676838.810613,2020-10-03T01:13:58
1601802903,243119,-23.125,139,10,3,2020-10-04T12:15:03,1601676849.290745,2020-10-03T01:14:09
1601802910,247540,-23.6875,180,10,3,2020-10-04T12:15:10,1601676856.901188,2020-10-03T01:14:16
1601802920,243746,-24.125,222,10,3,2020-10-04T12:15:20,1601676866.051748,2020-10-03T01:14:26
1601802928,230379,-24.3125,9,10,3,2020-10-04T12:15:28,1601676874.3372009,2020-10-03T01:14:34
1601802938,177346,-24.1875,52,10,3,2020-10-04T12:15:38,1601676884.173617,2020-10-03T01:14:44
1601802945,273468,-24.6875,97,10,3,2020-10-04T12:15:45,1601676891.972141,2020-10-03T01:14:51
1601802955,251551,-25.5625,143,10,3,2020-10-04T12:15:55,1601676901.6056318,2020-10-03T01:15:01
1601802962,197755,-25.6875,185,10,3,2020-10-04T12:16:02,1601676908.444237,2020-10-03T01:15:08
1601802983,992387,-26.0625,23,10,3,2020-10-04T12:16:23,1601676931.751412,2020-10-03T01:15:31
1601802991,867394,-25.9375,64,10,3,2020-10-04T12:16:31,1601676938.4287238,2020-10-03T01:15:38
1601802999,742395,-25.875,97,10,3,2020-10-04T12:16:39,1601676946.1135569,2020-10-03T01:15:46
1601803011,554882,-25.875,166,10,3,2020-10-04T12:16:51,1601676960.118145,2020-10-03T01:16:00
1601803018,445531,-25.125,184,10,3,2020-10-04T12:16:58,1601676966.732077,2020-10-03T01:16:06
1601802984,956853,-28.0,11,10,3,2020-10-04T12:16:24,1601676995.628368,2020-10-03T01:16:35
1601802991,847465,-28.3125,53,10,3,2020-10-04T12:16:31,1601677004.027777,2020-10-03T01:16:44
1601802999,722487,-28.5,95,10,3,2020-10-04T12:16:39,1601677011.5153089,2020-10-03T01:16:51
1601803007,597482,-28.875,134,10,3,2020-10-04T12:16:47,1601677019.10158,2020-10-03T01:16:59
1601803012,519365,-28.6875,171,10,3,2020-10-04T12:16:52,1601677024.2159278,2020-10-03T01:17:04
1601803020,394364,-29.8125,209,10,3,2020-10-04T12:17:00,1601677031.9670758,2020-10-03T01:17:11
1601803027,284981,-29.625,246,10,3,2020-10-04T12:17:07,1601677038.832928,2020-10-03T01:17:18
1601802973,160628,-29.875,30,10,3,2020-10-04T12:16:13,1601677046.557785,2020-10-03T01:17:26
1601802980,51267,-30.375,69,10,3,2020-10-04T12:16:20,1601677053.733213,2020-10-03T01:17:33
1601802987,926256,-31.1875,109,10,3,2020-10-04T12:16:27,1601677061.352501,2020-10-03T01:17:41
1601802994,816887,-31.875,151,10,3,2020-10-04T12:16:34,1601677068.7887008,2020-10-03T01:17:48
1601803002,691865,-32.5625,192,10,3,2020-10-04T12:16:42,1601677076.657765,2020-10-03T01:17:56
1601803008,598115,-32.5625,228,10,3,2020-10-04T12:16:48,1601677082.039224,2020-10-03T01:18:02
1601803015,488748,-32.375,13,10,3,2020-10-04T12:16:55,1601677089.491833,2020-10-03T01:18:09
1601803020,410639,-32.8125,46,10,3,2020-10-04T12:17:00,1601677094.318244,2020-10-03T01:18:14
1601803027,301249,-33.375,85,10,3,2020-10-04T12:17:07,1601677101.9903998,2020-10-03T01:18:21
1601803032,223131,-33.6875,120,10,3,2020-10-04T12:17:12,1601677108.132581,2020-10-03T01:18:28
1601803040,98115,-33.1875,155,10,3,2020-10-04T12:17:20,1601677115.6777449,2020-10-03T01:18:35
1601803046,988756,-32.6875,188,10,3,2020-10-04T12:17:26,1601677121.781657,2020-10-03T01:18:41
1601803052,895006,-33.625,227,10,3,2020-10-04T12:17:32,1601677128.031481,2020-10-03T01:18:48
1601803058,801248,-34.1875,4,10,3,2020-10-04T12:17:38,1601677133.6946769,2020-10-03T01:18:53
1601803066,676244,-34.5625,42,10,3,2020-10-04T12:17:46,1601677140.2438278,2020-10-03T01:19:00
1601803071,598131,-34.8125,77,10,3,2020-10-04T12:17:51,1601677146.271016,2020-10-03T01:19:06
1601803078,488759,-34.6875,114,10,3,2020-10-04T12:17:58,1601677153.763077,2020-10-03T01:19:13
1601803083,410615,-34.375,149,10,3,2020-10-04T12:18:03,1601677158.5092518,2020-10-03T01:19:18
1601803090,301240,-34.5625,187,10,3,2020-10-04T12:18:10,1601677165.678772,2020-10-03T01:19:25
1601803095,223108,-34.375,220,10,3,2020-10-04T12:18:15,1601677170.675957,2020-10-03T01:19:30
1601803103,98131,-34.0625,3,10,3,2020-10-04T12:18:23,1601677178.235585,2020-10-03T01:19:38
1601803107,35638,-34.0,34,10,3,2020-10-04T12:18:27,1601677183.047025,2020-10-03T01:19:43
1601803114,910828,-34.375,72,10,3,2020-10-04T12:18:34,1601677190.225888,2020-10-03T01:19:50
1601803119,832505,-34.4375,105,10,3,2020-10-04T12:18:39,1601677195.8683648,2020-10-03T01:19:55
1601803126,723112,-34.5,141,10,3,2020-10-04T12:18:46,1601677202.7334359,2020-10-03T01:20:02
1601803131,645006,-35.125,175,10,3,2020-10-04T12:18:51,1601677209.1299639,2020-10-03T01:20:09
1601803139,519998,-35.625,207,10,3,2020-10-04T12:18:59,1601677214.6987638,2020-10-03T01:20:14
1601803143,457507,-35.6875,245,10,3,2020-10-04T12:19:03,1601677221.359588,2020-10-03T01:20:21
1601803151,332514,-35.8125,24,10,3,2020-10-04T12:19:11,1601677227.427301,2020-10-03T01:20:27
1601803158,223131,-35.6875,62,10,3,2020-10-04T12:19:18,1601677234.898396,2020-10-03T01:20:34
1601803164,129370,-34.5625,95,10,3,2020-10-04T12:19:24,1601677239.777809,2020-10-03T01:20:39
1601803171,20006,-34.5625,135,10,3,2020-10-04T12:19:31,1601677247.469413,2020-10-03T01:20:47
1601803175,941885,-34.3125,168,10,3,2020-10-04T12:19:35,1601677252.514497,2020-10-03T01:20:52
1601803183,816881,-34.9375,205,10,3,2020-10-04T12:19:43,1601677259.0105438,2020-10-03T01:20:59
1601803188,738768,-35.5,242,10,3,2020-10-04T12:19:48,1601677265.319849,2020-10-03T01:21:05
1601803195,629365,-35.1875,22,10,3,2020-10-04T12:19:55,1601677271.418529,2020-10-03T01:21:11
1601803200,551252,-35.0,57,10,3,2020-10-04T12:20:00,1601677277.4881608,2020-10-03T01:21:17
1601803208,426252,-34.625,96,10,3,2020-10-04T12:20:08,1601677285.391804,2020-10-03T01:21:25
1601803213,348131,-34.5625,129,10,3,2020-10-04T12:20:13,1601677290.517304,2020-10-03T01:21:30
1601803221,223124,-34.4375,169,10,3,2020-10-04T12:20:21,1601677298.266348,2020-10-03T01:21:38
1601803226,144990,-34.375,202,10,3,2020-10-04T12:20:26,1601677303.6575289,2020-10-03T01:21:43
1601803233,35631,-34.6875,239,10,3,2020-10-04T12:20:33,1601677310.163281,2020-10-03T01:21:50
1601803238,941877,-34.9375,16,10,3,2020-10-04T12:20:38,1601677316.2183158,2020-10-03T01:21:56
1601803245,832506,-34.75,56,10,3,2020-10-04T12:20:45,1601677323.5853329,2020-10-03T01:22:03
1601803250,754388,-34.75,89,10,3,2020-10-04T12:20:50,1601677328.599637,2020-10-03T01:22:08
1601803258,629380,-34.6875,126,10,3,2020-10-04T12:20:58,1601677335.450537,2020-10-03T01:22:15
1601803264,535635,-34.25,160,10,3,2020-10-04T12:21:04,1601677342.2159998,2020-10-03T01:22:22
1601803271,426245,-34.0,198,10,3,2020-10-04T12:21:11,1601677348.474545,2020-10-03T01:22:28
1601803276,348131,-33.9375,235,10,3,2020-10-04T12:21:16,1601677354.737109,2020-10-03T01:22:34
1601803284,223131,-34.3125,18,10,3,2020-10-04T12:21:24,1601677362.483116,2020-10-03T01:22:42
1601803289,145006,-34.0625,53,10,3,2020-10-04T12:21:29,1601677367.672025,2020-10-03T01:22:47
1601803297,19990,-34.375,93,10,3,2020-10-04T12:21:37,1601677375.529301,2020-10-03T01:22:55
1601803301,941885,-34.8125,126,10,3,2020-10-04T12:21:41,1601677380.446889,2020-10-03T01:23:00
1601803309,816936,-35.0625,165,10,3,2020-10-04T12:21:49,1601677387.2618408,2020-10-03T01:23:07
1601803314,738822,-35.3125,198,10,3,2020-10-04T12:21:54,1601677393.1882758,2020-10-03T01:23:13
1601803322,613737,-36.0,236,10,3,2020-10-04T12:22:02,1601677400.260489,2020-10-03T01:23:20
1601803327,535631,-35.75,15,10,3,2020-10-04T12:22:07,1601677406.1866078,2020-10-03T01:23:26
1601803334,426256,-35.625,50,10,3,2020-10-04T12:22:14,1601677412.067029,2020-10-03T01:23:32
1601803339,348108,-35.375,85,10,3,2020-10-04T12:22:19,1601677418.3074129,2020-10-03T01:23:38
1601803346,238749,-35.125,122,10,3,2020-10-04T12:22:26,1601677424.510257,2020-10-03T01:23:44
1601803352,144999,-34.8125,159,10,3,2020-10-04T12:22:32,1601677431.0813198,2020-10-03T01:23:51
1601803359,35612,-34.75,199,10,3,2020-10-04T12:22:39,1601677437.866284,2020-10-03T01:23:57
1601803364,941880,-34.8125,236,10,3,2020-10-04T12:22:44,1601677444.218216,2020-10-03T01:24:04
1601803122,270718,-34.5625,21,10,3,2020-10-04T12:18:42,1601677451.64952,2020-10-03T01:24:11
1601803128,176959,-34.5625,56,10,3,2020-10-04T12:18:48,1601677457.2180638,2020-10-03T01:24:17
1601803135,67605,-34.25,89,10,3,2020-10-04T12:18:55,1601677464.37284,2020-10-03T01:24:24
1601803141,958197,-34.125,130,10,3,2020-10-04T12:19:01,1601677471.768049,2020-10-03T01:24:31
1601803146,880084,-34.0625,164,10,3,2020-10-04T12:19:06,1601677476.7356129,2020-10-03T01:24:36
1601803154,755154,-34.375,201,10,3,2020-10-04T12:19:14,1601677484.236364,2020-10-03T01:24:44
1601803161,645721,-34.6875,234,10,3,2020-10-04T12:19:21,1601677490.6719038,2020-10-03T01:24:50
1601803168,536353,-34.3125,18,10,3,2020-10-04T12:19:28,1601677498.4102168,2020-10-03T01:24:58
1601803175,426978,-34.5625,58,10,3,2020-10-04T12:19:35,1601677505.851609,2020-10-03T01:25:05
1601803181,333212,-34.6875,93,10,3,2020-10-04T12:19:41,1601677511.035256,2020-10-03T01:25:11
1601803188,223857,-33.6875,130,10,3,2020-10-04T12:19:48,1601677518.187664,2020-10-03T01:25:18
1601803193,145713,-33.75,165,10,3,2020-10-04T12:19:53,1601677523.2378368,2020-10-03T01:25:23
1601803200,36337,-33.875,203,10,3,2020-10-04T12:20:00,1601677531.078696,2020-10-03T01:25:31
1601803205,942602,-34.0,238,10,3,2020-10-04T12:20:05,1601677536.117157,2020-10-03T01:25:36
1601803212,833231,-33.875,14,10,3,2020-10-04T12:20:12,1601677543.16286,2020-10-03T01:25:43
1601803219,723845,-33.6875,51,10,3,2020-10-04T12:20:19,1601677550.1815078,2020-10-03T01:25:50
1601803226,614477,-33.875,88,10,3,2020-10-04T12:20:26,1601677557.145068,2020-10-03T01:25:57
1601802974,914080,-34.0,124,10,3,2020-10-04T12:16:14,1601677562.9074118,2020-10-03T01:26:02
1601802980,845924,-33.9375,162,10,3,2020-10-04T12:16:20,1601677570.540405,2020-10-03T01:26:10
1601802986,752170,-34.3125,200,10,3,2020-10-04T12:16:26,1601677576.1094759,2020-10-03T01:26:16
1601802992,658427,-33.75,218,10,3,2020-10-04T12:16:32,1601677584.6367,2020-10-03T01:26:24
1601803000,533422,-33.1875,255,10,3,2020-10-04T12:16:40,1601677590.096416,2020-10-03T01:26:30
1601803007,424047,-33.3125,38,10,3,2020-10-04T12:16:47,1601677597.981544,2020-10-03T01:26:37
1601803015,299047,-33.5,73,10,3,2020-10-04T12:16:55,1601677604.217912,2020-10-03T01:26:44
1601803022,189661,-33.1875,112,10,3,2020-10-04T12:17:02,1601677612.8971648,2020-10-03T01:26:52
1601803027,111548,-33.5,147,10,3,2020-10-04T12:17:07,1601677618.5249848,2020-10-03T01:26:58
1601803036,955294,-33.375,189,10,3,2020-10-04T12:17:16,1601677627.57534,2020-10-03T01:27:07
1601803041,877147,-33.3125,223,10,3,2020-10-04T12:17:21,1601677632.379092,2020-10-03T01:27:12
1601803048,767810,-33.125,4,10,3,2020-10-04T12:17:28,1601677641.139989,2020-10-03T01:27:21
1601803056,642805,-33.1875,40,10,3,2020-10-04T12:17:36,1601677647.2611198,2020-10-03T01:27:27
1601803063,533411,-33.0,81,10,3,2020-10-04T12:17:43,1601677654.7577,2020-10-03T01:27:34
1601803071,408426,-33.6875,118,10,3,2020-10-04T12:17:51,1601677662.125033,2020-10-03T01:27:42
1601803078,299044,-34.0,155,10,3,2020-10-04T12:17:58,1601677669.719764,2020-10-03T01:27:49
1601803083,220922,-33.75,189,10,3,2020-10-04T12:18:03,1601677674.6122239,2020-10-03T01:27:54
315964815,606631,-33.5,229,10,3,1980-01-06T03:00:15,1601677683.054585,2020-10-03T01:28:03
315964822,497257,-33.3125,12,10,3,1980-01-06T03:00:22,1601677689.213413,2020-10-03T01:28:09
315964831,356648,-32.6875,57,10,3,1980-01-06T03:00:31,1601677697.971112,2020-10-03T01:28:17
315964836,278511,-32.3125,92,10,3,1980-01-06T03:00:36,1601677703.451264,2020-10-03T01:28:23
315964844,153515,-32.0625,135,10,3,1980-01-06T03:00:44,1601677712.011905,2020-10-03T01:28:32
315964851,44150,-31.8125,173,10,3,1980-01-06T03:00:51,1601677718.248201,2020-10-03T01:28:38
315964859,903507,-31.5625,219,10,3,1980-01-06T03:00:59,1601677727.703557,2020-10-03T01:28:47
315964864,825445,-31.375,254,10,3,1980-01-06T03:01:04,1601677732.489145,2020-10-03T01:28:52
315964871,716011,-31.6875,43,10,3,1980-01-06T03:01:11,1601677741.156165,2020-10-03T01:29:01
315964878,606632,-31.6875,81,10,3,1980-01-06T03:01:18,1601677747.040396,2020-10-03T01:29:07
315964888,450401,-31.6875,125,10,3,1980-01-06T03:01:28,1601677755.434296,2020-10-03T01:29:15
315964893,372261,-31.875,160,10,3,1980-01-06T03:01:33,1601677761.5770319,2020-10-03T01:29:21
315964900,262908,-32.375,202,10,3,1980-01-06T03:01:40,1601677769.614384,2020-10-03T01:29:29
315964907,153526,-32.875,240,10,3,1980-01-06T03:01:47,1601677775.736048,2020-10-03T01:29:35
315964916,997284,-32.9375,28,10,3,1980-01-06T03:01:56,1601677784.1248329,2020-10-03T01:29:44
315964921,919129,-32.875,65,10,3,1980-01-06T03:02:01,1601677790.165292,2020-10-03T01:29:50
315964928,809843,-32.75,105,10,3,1980-01-06T03:02:08,1601677798.357848,2020-10-03T01:29:58
315964935,700399,-32.5,145,10,3,1980-01-06T03:02:15,1601677804.811085,2020-10-03T01:30:04
315964945,544142,-32.1875,185,10,3,1980-01-06T03:02:25,1601677813.8728158,2020-10-03T01:30:13
315964950,466023,-32.0625,220,10,3,1980-01-06T03:02:30,1601677818.6645799,2020-10-03T01:30:18
315964957,356664,-31.625,6,10,3,1980-01-06T03:02:37,1601677827.610648,2020-10-03T01:30:27
315964964,247304,-31.625,42,10,3,1980-01-06T03:02:44,1601677833.5478408,2020-10-03T01:30:33
315964974,91054,-32.0,86,10,3,1980-01-06T03:02:54,1601677842.701197,2020-10-03T01:30:42
315964979,12915,-32.1875,121,10,3,1980-01-06T03:02:59,1601677848.735436,2020-10-03T01:30:48
315964986,887900,-32.5625,162,10,3,1980-01-06T03:03:06,1601677856.900749,2020-10-03T01:30:56
315964992,794154,-32.6875,198,10,3,1980-01-06T03:03:12,1601677862.670897,2020-10-03T01:31:02
315965002,637906,-32.5625,242,10,3,1980-01-06T03:03:22,1601677871.016173,2020-10-03T01:31:11
315965007,559786,-32.5,23,10,3,1980-01-06T03:03:27,1601677877.243005,2020-10-03T01:31:17
315965014,450423,-32.4375,66,10,3,1980-01-06T03:03:34,1601677885.356577,2020-10-03T01:31:25
315965021,341033,-32.0625,106,10,3,1980-01-06T03:03:41,1601677891.84948,2020-10-03T01:31:31
315965031,184778,-32.0,152,10,3,1980-01-06T03:03:51,1601677899.9067118,2020-10-03T01:31:39
315965035,122305,-31.9375,189,10,3,1980-01-06T03:03:55,1601677906.089536,2020-10-03T01:31:46
315965042,997294,-32.125,230,10,3,1980-01-06T03:04:02,1601677914.069633,2020-10-03T01:31:54
315965049,887931,-32.25,12,10,3,1980-01-06T03:04:09,1601677920.344941,2020-10-03T01:32:00
315965058,747305,-31.6875,58,10,3,1980-01-06T03:04:18,1601677929.703896,2020-10-03T01:32:09
315965063,669176,-31.5,93,10,3,1980-01-06T03:04:23,1601677934.521128,2020-10-03T01:32:14
315965070,559791,-31.25,123,10,3,1980-01-06T03:04:30,1601677942.2166839,2020-10-03T01:32:22
315965077,450422,-30.875,161,10,3,1980-01-06T03:04:37,1601677948.5496,2020-10-03T01:32:28
315965086,309810,-30.375,207,10,3,1980-01-06T03:04:46,1601677957.9585,2020-10-03T01:32:37
315965091,231686,-30.6875,242,10,3,1980-01-06T03:04:51,1601677962.978605,2020-10-03T01:32:42
315965099,106686,-30.625,26,10,3,1980-01-06T03:04:59,1601677971.1377249,2020-10-03T01:32:51
315965105,997318,-31.125,64,10,3,1980-01-06T03:05:05,1601677977.2338998,2020-10-03T01:32:57
315965114,856691,-31.5,106,10,3,1980-01-06T03:05:14,1601677986.235525,2020-10-03T01:33:06
315965119,778552,-31.125,141,10,3,1980-01-06T03:05:19,1601677991.636169,2020-10-03T01:33:11
315965126,669190,-30.6875,181,10,3,1980-01-06T03:05:26,1601678000.1534529,2020-10-03T01:33:20
315965133,559831,-30.75,217,10,3,1980-01-06T03:05:33,1601678006.0211759,2020-10-03T01:33:26
315965143,403544,-30.4375,1,10,3,1980-01-06T03:05:43,1601678014.5986478,2020-10-03T01:33:34
315965148,325455,-30.4375,36,10,3,1980-01-06T03:05:48,1601678020.7044969,2020-10-03T01:33:40
315965156,200453,-30.625,77,10,3,1980-01-06T03:05:56,1601678029.001324,2020-10-03T01:33:49
315965163,91057,-30.6875,113,10,3,1980-01-06T03:06:03,1601678034.915212,2020-10-03T01:33:54
315965171,950453,-30.75,157,10,3,1980-01-06T03:06:11,1601678044.7026808,2020-10-03T01:34:04
315965176,872322,-30.5,192,10,3,1980-01-06T03:06:16,1601678049.5386,2020-10-03T01:34:09
315965184,747333,-30.4375,237,10,3,1980-01-06T03:06:24,1601678058.2519078,2020-10-03T01:34:18
315965191,637938,-30.5625,17,10,3,1980-01-06T03:06:31,1601678063.952153,2020-10-03T01:34:23
315965200,497319,-30.8125,65,10,3,1980-01-06T03:06:40,1601678073.849416,2020-10-03T01:34:33
315965205,419190,-30.875,99,10,3,1980-01-06T03:06:45,1601678078.772881,2020-10-03T01:34:38
315965213,294190,-31.3125,139,10,3,1980-01-06T03:06:53,1601678085.654552,2020-10-03T01:34:45
315965218,216077,-31.0,173,10,3,1980-01-06T03:06:58,1601678091.279132,2020-10-03T01:34:51
315965225,106705,-30.875,206,10,3,1980-01-06T03:07:05,1601678098.981165,2020-10-03T01:34:58
315965231,997323,-30.5625,245,10,3,1980-01-06T03:07:11,1601678106.107077,2020-10-03T01:35:06
315964820,549157,-29.9375,28,10,3,1980-01-06T03:00:20,1601678113.170873,2020-10-03T01:35:13
315964825,513671,-29.8125,63,10,3,1980-01-06T03:00:25,1601678119.548353,2020-10-03T01:35:19
315964832,404295,-29.375,102,10,3,1980-01-06T03:00:32,1601678126.9242048,2020-10-03T01:35:26
315964839,294910,-29.1875,128,10,3,1980-01-06T03:00:39,1601678132.821497,2020-10-03T01:35:32
315964847,169906,-29.4375,168,10,3,1980-01-06T03:00:47,1601678141.1634328,2020-10-03T01:35:41
315964852,91801,-29.625,203,10,3,1980-01-06T03:00:52,1601678147.125176,2020-10-03T01:35:47
315964858,982422,-29.4375,244,10,3,1980-01-06T03:00:58,1601678155.1539688,2020-10-03T01:35:55
315964865,873036,-29.25,24,10,3,1980-01-06T03:01:05,1601678160.730373,2020-10-03T01:36:00
315964873,748057,-28.6875,63,10,3,1980-01-06T03:01:13,1601678168.8148959,2020-10-03T01:36:08
315964880,638679,-28.125,103,10,3,1980-01-06T03:01:20,1601678175.6125479,2020-10-03T01:36:15
315964887,529292,-28.0625,144,10,3,1980-01-06T03:01:27,1601678182.665104,2020-10-03T01:36:22
315964894,419908,-28.0,183,10,3,1980-01-06T03:01:34,1601678188.740949,2020-10-03T01:36:28
315964901,310617,-28.0,221,10,3,1980-01-06T03:01:41,1601678196.923841,2020-10-03T01:36:36
315964906,232435,-27.75,2,10,3,1980-01-06T03:01:46,1601678202.981272,2020-10-03T01:36:42
315964916,76175,-27.375,43,10,3,1980-01-06T03:01:56,1601678211.131989,2020-10-03T01:36:51
315964920,998066,-27.0,79,10,3,1980-01-06T03:02:00,1601678216.727892,2020-10-03T01:36:56
315964927,888697,-26.6875,120,10,3,1980-01-06T03:02:07,1601678223.924525,2020-10-03T01:37:03
315964935,763697,-26.1875,156,10,3,1980-01-06T03:02:15,1601678230.6710129,2020-10-03T01:37:10
315964943,638708,-26.0,198,10,3,1980-01-06T03:02:23,1601678239.1534848,2020-10-03T01:37:19
315964950,529317,-25.8125,237,10,3,1980-01-06T03:02:30,1601678246.5844638,2020-10-03T01:37:26
1601804308,224146,-25.875,26,10,3,2020-10-04T12:38:28,1601678254.851768,2020-10-03T01:37:34
1601804316,165943,-26.125,68,10,3,2020-10-04T12:38:36,1601678262.328688,2020-10-03T01:37:42
1601804325,224558,-25.9375,115,10,3,2020-10-04T12:38:45,1601678271.98908,2020-10-03T01:37:51
1601804333,168721,-25.3125,159,10,3,2020-10-04T12:38:53,1601678279.968677,2020-10-03T01:37:59
1601804343,224174,-24.875,205,10,3,2020-10-04T12:39:03,1601678289.7348719,2020-10-03T01:38:09
1601804351,211611,-24.375,252,10,3,2020-10-04T12:39:11,1601678299.299876,2020-10-03T01:38:19
1601804361,233355,-23.875,38,10,3,2020-10-04T12:39:21,1601678307.826056,2020-10-03T01:38:27
1601804369,154037,-23.625,83,10,3,2020-10-04T12:39:29,1601678316.481196,2020-10-03T01:38:36
1601804379,201234,-23.625,124,10,3,2020-10-04T12:39:39,1601678325.038085,2020-10-03T01:38:45
1601804386,170866,-23.6875,168,10,3,2020-10-04T12:39:46,1601678332.5715768,2020-10-03T01:38:52
1601804396,123916,-24.0,216,10,3,2020-10-04T12:39:56,1601678342.4264479,2020-10-03T01:39:02
1601804404,209105,-24.0625,2,10,3,2020-10-04T12:40:04,1601678349.297065,2020-10-03T01:39:09
1601804413,222756,-23.9375,48,10,3,2020-10-04T12:40:13,1601678359.37652,2020-10-03T01:39:19
1601804421,196214,-23.4375,93,10,3,2020-10-04T12:40:21,1601678368.056393,2020-10-03T01:39:28
1601804432,165630,-22.6875,135,10,3,2020-10-04T12:40:32,1601678377.4939039,2020-10-03T01:39:37
1601804439,215069,-22.1875,174,10,3,2020-10-04T12:40:39,1601678384.774448,2020-10-03T01:39:44
1601804447,90050,-21.6875,223,10,3,2020-10-04T12:40:47,1601678395.1507878,2020-10-03T01:39:55
1601804464,997029,-21.5,42,10,3,2020-10-04T12:41:04,1601678411.613349,2020-10-03T01:40:11
1601804472,106418,-21.5,76,10,3,2020-10-04T12:41:12,1601678418.6608648,2020-10-03T01:40:18
1601804482,96689,-21.5625,127,10,3,2020-10-04T12:41:22,1601678428.899013,2020-10-03T01:40:28
1601804490,133143,-21.1875,159,10,3,2020-10-04T12:41:30,1601678436.12552,2020-10-03T01:40:36
1601804500,176034,-20.8125,208,10,3,2020-10-04T12:41:40,1601678446.565505,2020-10-03T01:40:46
1601804507,221347,-20.3125,249,10,3,2020-10-04T12:41:47,1601678453.8039088,2020-10-03T01:40:53
1601804517,210558,-19.6875,29,10,3,2020-10-04T12:41:57,1601678463.996132,2020-10-03T01:41:03
1601804535,236435,-19.9375,101,10,3,2020-10-04T12:42:15,1601678481.4727368,2020-10-03T01:41:21
1601804543,206558,-19.9375,145,10,3,2020-10-04T12:42:23,1601678489.17764,2020-10-03T01:41:29
1601804553,82209,-19.5625,191,10,3,2020-10-04T12:42:33,1601678499.538496,2020-10-03T01:41:39
1601804561,134804,-19.0625,233,10,3,2020-10-04T12:42:41,1601678507.3750598,2020-10-03T01:41:47
1601804571,217882,-18.9375,23,10,3,2020-10-04T12:42:51,1601678517.228796,2020-10-03T01:41:57
1601804578,204189,-18.9375,67,10,3,2020-10-04T12:42:58,1601678525.133993,2020-10-03T01:42:05
1601804588,200900,-19.3125,110,10,3,2020-10-04T12:43:08,1601678533.574473,2020-10-03T01:42:13
1601804595,217186,-19.3125,152,10,3,2020-10-04T12:43:15,1601678542.054364,2020-10-03T01:42:22
1601804605,230105,-19.0,197,10,3,2020-10-04T12:43:25,1601678550.883036,2020-10-03T01:42:30
1601804612,183092,-18.6875,242,10,3,2020-10-04T12:43:32,1601678559.1214359,2020-10-03T01:42:39
1601804622,147709,-18.0,31,10,3,2020-10-04T12:43:42,1601678568.270856,2020-10-03T01:42:48
1601804630,208045,-17.4375,78,10,3,2020-10-04T12:43:50,1601678576.4816608,2020-10-03T01:42:56
1601804640,202314,-16.9375,124,10,3,2020-10-04T12:44:00,1601678586.5793118,2020-10-03T01:43:06
1601804648,207570,-16.6875,166,10,3,2020-10-04T12:44:08,1601678594.333621,2020-10-03T01:43:14
1601804656,176925,-16.5625,208,10,3,2020-10-04T12:44:16,1601678602.462297,2020-10-03T01:43:22
1601804663,212379,-16.6875,249,10,3,2020-10-04T12:44:23,1601678610.225173,2020-10-03T01:43:30
1601804674,192372,-16.4375,39,10,3,2020-10-04T12:44:34,1601678620.513864,2020-10-03T01:43:40
1601804682,208878,-16.0,82,10,3,2020-10-04T12:44:42,1601678628.3857079,2020-10-03T01:43:48
1601804690,196065,-15.5,129,10,3,2020-10-04T12:44:50,1601678636.365953,2020-10-03T01:43:56
1601804698,71079,-15.1875,171,10,3,2020-10-04T12:44:58,1601678645.4749038,2020-10-03T01:44:05
1601804708,170017,-15.25,218,10,3,2020-10-04T12:45:08,1601678654.249037,2020-10-03T01:44:14
1601804715,179803,-15.4375,3,10,3,2020-10-04T12:45:15,1601678661.8238769,2020-10-03T01:44:21
1601804725,44843,-15.1875,54,10,3,2020-10-04T12:45:25,1601678671.658545,2020-10-03T01:44:31
1601804733,15340,-14.625,100,10,3,2020-10-04T12:45:33,1601678680.073824,2020-10-03T01:44:40
1601804743,171582,-14.3125,146,10,3,2020-10-04T12:45:43,1601678689.273841,2020-10-03T01:44:49
1601804751,137365,-14.3125,180,10,3,2020-10-04T12:45:51,1601678697.811457,2020-10-03T01:44:57
1601804759,197628,-14.4375,224,10,3,2020-10-04T12:45:59,1601678705.3953118,2020-10-03T01:45:05
1601804767,218605,-14.5,0,10,3,2020-10-04T12:46:07,1601678713.101532,2020-10-03T01:45:13
1601804776,164475,-14.25,44,10,3,2020-10-04T12:46:16,1601678722.253789,2020-10-03T01:45:22
1601804783,190501,-13.75,87,10,3,2020-10-04T12:46:23,1601678729.4197168,2020-10-03T01:45:29
1601804793,188603,-13.0625,134,10,3,2020-10-04T12:46:33,1601678739.699676,2020-10-03T01:45:39
1601804801,203981,-12.625,177,10,3,2020-10-04T12:46:41,1601678747.212489,2020-10-03T01:45:47
1601804811,203661,-12.5625,226,10,3,2020-10-04T12:46:51,1601678757.449625,2020-10-03T01:45:57
1601804819,183521,-12.75,13,10,3,2020-10-04T12:46:59,1601678765.323413,2020-10-03T01:46:05
1601804827,208171,-12.8125,58,10,3,2020-10-04T12:47:07,1601678773.36132,2020-10-03T01:46:13
1601804835,173115,-13.0625,100,10,3,2020-10-04T12:47:15,1601678781.035013,2020-10-03T01:46:21
1601804844,151541,-12.9375,145,10,3,2020-10-04T12:47:24,1601678790.897245,2020-10-03T01:46:30
1601804854,170639,-12.125,194,10,3,2020-10-04T12:47:34,1601678800.671988,2020-10-03T01:46:40
1601804864,202474,-11.4375,240,10,3,2020-10-04T12:47:44,1601678810.426564,2020-10-03T01:46:50
1601804872,185863,-11.0,24,10,3,2020-10-04T12:47:52,1601678817.238853,2020-10-03T01:46:57
1601804879,196661,-10.875,64,10,3,2020-10-04T12:47:59,1601678825.6808848,2020-10-03T01:47:05
1601804888,195726,-10.9375,108,10,3,2020-10-04T12:48:08,1601678834.0133169,2020-10-03T01:47:14
1601804896,207614,-11.125,150,10,3,2020-10-04T12:48:16,1601678842.852912,2020-10-03T01:47:22
1601804904,201421,-11.125,191,10,3,2020-10-04T12:48:24,1601678850.495205,2020-10-03T01:47:30
1601804914,194028,-11.0,239,10,3,2020-10-04T12:48:34,1601678860.503352,2020-10-03T01:47:40
1601804922,202404,-10.5625,24,10,3,2020-10-04T12:48:42,1601678868.5223649,2020-10-03T01:47:48
1601804932,224195,-10.0,68,10,3,2020-10-04T12:48:52,1601678878.219224,2020-10-03T01:47:58
1601804939,196102,-9.5625,113,10,3,2020-10-04T12:48:59,1601678886.030292,2020-10-03T01:48:06
1601804950,206832,-9.125,163,10,3,2020-10-04T12:49:10,1601678896.484189,2020-10-03T01:48:16
1601804958,195155,-9.0,205,10,3,2020-10-04T12:49:18,1601678904.2068439,2020-10-03T01:48:24
1601804966,192578,-9.4375,249,10,3,2020-10-04T12:49:26,1601678912.3784719,2020-10-03T01:48:32
1601804975,189124,-9.8125,39,10,3,2020-10-04T12:49:35,1601678921.924324,2020-10-03T01:48:41
1601804985,210737,-10.0625,83,10,3,2020-10-04T12:49:45,1601678931.58166,2020-10-03T01:48:51
1601804993,199147,-10.125,124,10,3,2020-10-04T12:49:53,1601678938.123661,2020-10-03T01:48:58
1601805001,199003,-9.75,169,10,3,2020-10-04T12:50:01,1601678947.2340639,2020-10-03T01:49:07
1601805011,173291,-9.1875,218,10,3,2020-10-04T12:50:11,1601678957.227632,2020-10-03T01:49:17
1601805019,189863,-8.75,7,10,3,2020-10-04T12:50:19,1601678965.100172,2020-10-03T01:49:25
1601805028,189149,-8.5625,47,10,3,2020-10-04T12:50:28,1601678974.516713,2020-10-03T01:49:34
1601805036,165454,-8.6875,90,10,3,2020-10-04T12:50:36,1601678982.3599288,2020-10-03T01:49:42
1601805043,56077,-8.75,129,10,3,2020-10-04T12:50:43,1601678991.1114008,2020-10-03T01:49:51
1601805052,899835,-8.625,167,10,3,2020-10-04T12:50:52,1601678999.866737,2020-10-03T01:49:59
1601805060,774842,-8.0625,208,10,3,2020-10-04T12:51:00,1601679007.131161,2020-10-03T01:50:07
1601805070,782030,-7.5,254,10,3,2020-10-04T12:51:10,1601679017.272956,2020-10-03T01:50:17
1601805077,867701,-7.0625,40,10,3,2020-10-04T12:51:17,1601679024.784952,2020-10-03T01:50:24
1601805087,797442,-6.875,86,10,3,2020-10-04T12:51:27,1601679034.852769,2020-10-03T01:50:34
1601805095,774763,-6.9375,133,10,3,2020-10-04T12:51:35,1601679042.201036,2020-10-03T01:50:42
1601805105,889518,-7.0625,181,10,3,2020-10-04T12:51:45,1601679052.9009168,2020-10-03T01:50:52
1601805114,809529,-6.9375,226,10,3,2020-10-04T12:51:54,1601679061.202404,2020-10-03T01:51:01
1601805122,684531,-6.5,14,10,3,2020-10-04T12:52:02,1601679069.759161,2020-10-03T01:51:09
1601805132,791945,-5.75,48,10,3,2020-10-04T12:52:12,1601679078.336452,2020-10-03T01:51:18
1601805140,916943,-5.4375,87,10,3,2020-10-04T12:52:20,1601679087.264205,2020-10-03T01:51:27
1601805150,921552,-5.25,130,10,3,2020-10-04T12:52:30,1601679096.326432,2020-10-03T01:51:36
1601805157,898626,-5.3125,166,10,3,2020-10-04T12:52:37,1601679106.278045,2020-10-03T01:51:46
1601805167,875307,-5.4375,207,10,3,2020-10-04T12:52:47,1601679113.820081,2020-10-03T01:51:53
1601805183,929267,-5.375,31,10,3,2020-10-04T12:53:03,1601679130.6822329,2020-10-03T01:52:10
1601805194,921795,-4.6875,78,10,3,2020-10-04T12:53:14,1601679140.666657,2020-10-03T01:52:20
1601805201,881286,-4.5625,121,10,3,2020-10-04T12:53:21,1601679148.332712,2020-10-03T01:52:28
1601805212,3687,-4.625,166,10,3,2020-10-04T12:53:32,1601679157.635632,2020-10-03T01:52:37
1601805220,29008,-4.6875,206,10,3,2020-10-04T12:53:40,1601679165.3035848,2020-10-03T01:52:45
1601805227,940236,-4.875,252,10,3,2020-10-04T12:53:47,1601679174.876345,2020-10-03T01:52:54
1601805235,49144,-5.0,35,10,3,2020-10-04T12:53:55,1601679181.639457,2020-10-03T01:53:01
1601805244,949275,-5.125,81,10,3,2020-10-04T12:54:04,1601679191.61572,2020-10-03T01:53:11
1601805252,899833,-5.0,123,10,3,2020-10-04T12:54:12,1601679199.243469,2020-10-03T01:53:19
1601805262,934912,-4.5,170,10,3,2020-10-04T12:54:22,1601679209.2732599,2020-10-03T01:53:29
1601805272,46918,-4.125,215,10,3,2020-10-04T12:54:32,1601679218.132669,2020-10-03T01:53:38
1601805280,137760,-4.125,4,10,3,2020-10-04T12:54:40,1601679226.260573,2020-10-03T01:53:46
1601805289,145927,-4.1875,53,10,3,2020-10-04T12:54:49,1601679235.789733,2020-10-03T01:53:55
1601805298,192146,-4.125,96,10,3,2020-10-04T12:54:58,1601679244.147641,2020-10-03T01:54:04
1601805305,191093,-4.1875,139,10,3,2020-10-04T12:55:05,1601679253.1256008,2020-10-03T01:54:13
1601805316,190866,-4.5,177,10,3,2020-10-04T12:55:16,1601679262.241817,2020-10-03T01:54:22
1601805332,728746,-4.8125,241,10,3,2020-10-04T12:55:32,1601679278.3679209,2020-10-03T01:54:38
1601805346,736211,-5.125,25,10,3,2020-10-04T12:55:46,1601679292.112504,2020-10-03T01:54:52
1601805377,727429,-4.25,109,10,3,2020-10-04T12:56:17,1601679323.525861,2020-10-03T01:55:23
1601805391,727100,-4.375,155,10,3,2020-10-04T12:56:31,1601679338.312016,2020-10-03T01:55:38
1601805409,726204,-4.4375,200,10,3,2020-10-04T12:56:49,1601679356.131068,2020-10-03T01:55:56
1601805423,726231,-4.4375,243,10,3,2020-10-04T12:57:03,1601679369.747864,2020-10-03T01:56:09
1601805440,658263,-4.5,32,10,3,2020-10-04T12:57:20,1601679387.551252,2020-10-03T01:56:27
1601805454,715517,-4.5,74,10,3,2020-10-04T12:57:34,1601679401.062572,2020-10-03T01:56:41
1601805472,674220,-4.5625,119,10,3,2020-10-04T12:57:52,1601679417.8987129,2020-10-03T01:56:57
1601805485,724617,-4.4375,164,10,3,2020-10-04T12:58:05,1601679432.31734,2020-10-03T01:57:12
1601805503,724103,-4.1875,212,10,3,2020-10-04T12:58:23,1601679449.93028,2020-10-03T01:57:29
1601805517,734216,-4.1875,6,10,3,2020-10-04T12:58:37,1601679464.14116,2020-10-03T01:57:44
1601805531,723347,-4.0,31,10,3,2020-10-04T12:58:51,1601679481.694337,2020-10-03T01:58:01
1601805549,671514,-3.75,60,10,3,2020-10-04T12:59:09,1601679495.1761959,2020-10-03T01:58:15
1601805562,718394,-3.5625,98,10,3,2020-10-04T12:59:22,1601679509.5972998,2020-10-03T01:58:29
1601805594,733771,-3.25,185,10,3,2020-10-04T12:59:54,1601679543.88764,2020-10-03T01:59:03
1601805611,653879,-3.0625,232,10,3,2020-10-04T13:00:11,1601679558.7257478,2020-10-03T01:59:18
1601805626,729814,-3.0625,1,10,3,2020-10-04T13:00:26,1601679572.6812608,2020-10-03T01:59:32
1601805643,720384,-2.8125,44,10,3,2020-10-04T13:00:43,1601679589.980556,2020-10-03T01:59:49
1601805657,780297,-2.625,80,10,3,2020-10-04T13:00:57,1601679606.466625,2020-10-03T02:00:06
1601805674,719430,-2.5,127,10,3,2020-10-04T13:01:14,1601679621.6137319,2020-10-03T02:00:21
1601805688,719063,-2.25,158,10,3,2020-10-04T13:01:28,1601679635.577749,2020-10-03T02:00:35
1601805702,718772,-2.1875,196,10,3,2020-10-04T13:01:42,1601679652.740712,2020-10-03T02:00:52
1601805733,717914,-1.875,4,10,3,2020-10-04T13:02:13,1601679683.7409768,2020-10-03T02:01:23
1601805751,674554,-1.8125,42,10,3,2020-10-04T13:02:31,1601679698.241852,2020-10-03T02:01:38
1601805765,716960,-1.75,88,10,3,2020-10-04T13:02:45,1601679714.521885,2020-10-03T02:01:54
1601805796,716098,-1.375,167,10,3,2020-10-04T13:03:16,1601679746.655969,2020-10-03T02:02:26
1601805814,723215,-1.0625,196,10,3,2020-10-04T13:03:34,1601679760.938041,2020-10-03T02:02:40
1601805846,714797,-0.6875,252,10,3,2020-10-04T13:04:06,1601679792.577148,2020-10-03T02:03:12
1601805860,714361,-1.1875,36,10,3,2020-10-04T13:04:20,1601679810.6907449,2020-10-03T02:03:30
1601805891,687005,-1.8125,94,10,3,2020-10-04T13:04:51,1601679841.540001,2020-10-03T02:04:01
1601805909,685259,-2.3125,133,10,3,2020-10-04T13:05:09,1601679856.2720199,2020-10-03T02:04:16
1601805922,728542,-2.6875,165,10,3,2020-10-04T13:05:22,1601679872.471488,2020-10-03T02:04:32
1601805954,722532,-4.0,221,10,3,2020-10-04T13:05:54,1601679904.381229,2020-10-03T02:05:04
1601805972,711296,-4.75,242,10,3,2020-10-04T13:06:12,1601679918.1732519,2020-10-03T02:05:18
1601805986,710956,-5.375,27,10,3,2020-10-04T13:06:26,1601679935.965236,2020-10-03T02:05:35
1601806018,710796,-6.875,89,10,3,2020-10-04T13:06:58,1601679967.067276,2020-10-03T02:06:07
1601806080,708484,-10.375,138,10,3,2020-10-04T13:08:00,1601680029.3300998,2020-10-03T02:07:09
1601806111,645357,-12.1875,184,10,3,2020-10-04T13:08:31,1601680060.811513,2020-10-03T02:07:40
1601806129,715819,-13.1875,231,10,3,2020-10-04T13:08:49,1601680075.848281,2020-10-03T02:07:55
1601806143,706831,-13.9375,22,10,3,2020-10-04T13:09:03,1601680092.362017,2020-10-03T02:08:12
1601806160,714582,-14.625,71,10,3,2020-10-04T13:09:20,1601680107.258561,2020-10-03T02:08:27
1601806174,706123,-15.3125,118,10,3,2020-10-04T13:09:34,1601680124.7087638,2020-10-03T02:08:44
1601806191,700330,-16.4375,160,10,3,2020-10-04T13:09:51,1601680138.30336,2020-10-03T02:08:58
1601806205,714152,-16.875,206,10,3,2020-10-04T13:10:05,1601680155.799365,2020-10-03T02:09:15
1601806223,704870,-17.625,253,10,3,2020-10-04T13:10:23,1601680170.3220918,2020-10-03T02:09:30
1601806237,700556,-18.3125,42,10,3,2020-10-04T13:10:37,1601680186.533377,2020-10-03T02:09:46
1601806254,704162,-19.1875,87,10,3,2020-10-04T13:10:54,1601680201.336572,2020-10-03T02:10:01
1601806268,703824,-19.9375,137,10,3,2020-10-04T13:11:08,1601680218.428453,2020-10-03T02:10:18
1601806285,703475,-20.875,182,10,3,2020-10-04T13:11:25,1601680232.730584,2020-10-03T02:10:32
1601806299,712149,-21.6875,224,10,3,2020-10-04T13:11:39,1601680249.8675249,2020-10-03T02:10:49
1601806317,703973,-22.5,13,10,3,2020-10-04T13:11:57,1601680264.421448,2020-10-03T02:11:04
1601806331,718749,-23.25,59,10,3,2020-10-04T13:12:11,1601680280.8411238,2020-10-03T02:11:20
1601806348,712058,-24.0625,106,10,3,2020-10-04T13:12:28,1601680295.498088,2020-10-03T02:11:35
1601806362,711723,-24.875,154,10,3,2020-10-04T13:12:42,1601680312.2463439,2020-10-03T02:11:52
1601806380,685202,-25.625,201,10,3,2020-10-04T13:13:00,1601680326.8462648,2020-10-03T02:12:06
1601806394,705741,-26.0625,245,10,3,2020-10-04T13:13:14,1601680343.5882719,2020-10-03T02:12:23
1601806412,710707,-26.6875,34,10,3,2020-10-04T13:13:32,1601680358.753208,2020-10-03T02:12:38
1601806425,710448,-27.125,81,10,3,2020-10-04T13:13:45,1601680375.5273159,2020-10-03T02:12:55
1601806443,724731,-27.75,120,10,3,2020-10-04T13:14:03,1601680389.7101998,2020-10-03T02:13:09
1601806456,706870,-28.375,168,10,3,2020-10-04T13:14:16,1601680406.392796,2020-10-03T02:13:26
1601806474,722994,-29.125,215,10,3,2020-10-04T13:14:34,1601680420.773325,2020-10-03T02:13:40
1601806488,707803,-29.625,4,10,3,2020-10-04T13:14:48,1601680437.827837,2020-10-03T02:13:57
1601806505,464958,-30.625,47,10,3,2020-10-04T13:15:05,1601680452.3275928,2020-10-03T02:14:12
1601806515,308720,-31.375,85,10,3,2020-10-04T13:15:15,1601680464.846273,2020-10-03T02:14:24
1601806529,89975,-32.1875,123,10,3,2020-10-04T13:15:29,1601680475.692497,2020-10-03T02:14:35
1601806541,886845,-33.6875,160,10,3,2020-10-04T13:15:41,1601680488.914125,2020-10-03T02:14:48
1601806554,683728,-33.6875,204,10,3,2020-10-04T13:15:54,1601680502.247192,2020-10-03T02:15:02
1601806505,566676,-34.3125,247,10,3,2020-10-04T13:15:05,1601680515.187548,2020-10-03T02:15:15
1601806519,347921,-34.75,32,10,3,2020-10-04T13:15:19,1601680528.486204,2020-10-03T02:15:28
1601806532,144799,-35.1875,72,10,3,2020-10-04T13:15:32,1601680541.9838488,2020-10-03T02:15:41
1601806544,941692,-35.4375,116,10,3,2020-10-04T13:15:44,1601680555.215117,2020-10-03T02:15:55
1601806495,704307,-35.8125,159,10,3,2020-10-04T13:14:55,1601680568.208989,2020-10-03T02:16:08
1601806509,497772,-36.125,195,10,3,2020-10-04T13:15:09,1601680581.427485,2020-10-03T02:16:21
1601806522,294588,-36.375,239,10,3,2020-10-04T13:15:22,1601680594.844888,2020-10-03T02:16:34
1601806535,91483,-36.375,21,10,3,2020-10-04T13:15:35,1601680608.026325,2020-10-03T02:16:48
1601806547,888412,-36.25,59,10,3,2020-10-04T13:15:47,1601680620.720032,2020-10-03T02:17:00
1601806498,667274,-36.0625,97,10,3,2020-10-04T13:14:58,1601680633.758781,2020-10-03T02:17:13
1601806512,448521,-35.9375,137,10,3,2020-10-04T13:15:12,1601680647.2351449,2020-10-03T02:17:27
1601806525,245409,-35.9375,179,10,3,2020-10-04T13:15:25,1601680661.43532,2020-10-03T02:17:41
1601806547,886029,-35.375,3,10,3,2020-10-04T13:15:47,1601680684.567628,2020-10-03T02:18:04
1601806499,690557,-35.0625,45,10,3,2020-10-04T13:14:59,1601680697.671865,2020-10-03T02:18:17
1601806512,488747,-34.875,85,10,3,2020-10-04T13:15:12,1601680710.775409,2020-10-03T02:18:30
1601806525,285630,-34.5625,125,10,3,2020-10-04T13:15:25,1601680723.9580328,2020-10-03T02:18:43
1601806539,66875,-34.0625,169,10,3,2020-10-04T13:15:39,1601680737.495329,2020-10-03T02:18:57
1601806551,863764,-33.6875,210,10,3,2020-10-04T13:15:51,1601680750.927696,2020-10-03T02:19:10
1601806502,585354,-33.1875,242,10,3,2020-10-04T13:15:02,1601680764.212149,2020-10-03T02:19:24
1601806515,382291,-32.6875,25,10,3,2020-10-04T13:15:15,1601680777.2186599,2020-10-03T02:19:37
1601806528,179114,-32.0625,62,10,3,2020-10-04T13:15:28,1601680789.717609,2020-10-03T02:19:49
1601806540,975988,-31.1875,104,10,3,2020-10-04T13:15:40,1601680803.60726,2020-10-03T02:20:03
1601806554,757241,-30.6875,147,10,3,2020-10-04T13:15:54,1601680816.910372,2020-10-03T02:20:16
1601806884,702727,-30.3125,175,10,3,2020-10-04T13:21:24,1601680834.1547768,2020-10-03T02:20:34
1601806901,595902,-29.25,222,10,3,2020-10-04T13:21:41,1601680848.262033,2020-10-03T02:20:48
1601806915,709058,-28.25,13,10,3,2020-10-04T13:21:55,1601680864.66434,2020-10-03T02:21:04
1601806933,701589,-27.6875,56,10,3,2020-10-04T13:22:13,1601680879.14782,2020-10-03T02:21:19
1601806950,701264,-27.3125,105,10,3,2020-10-04T13:22:30,1601680897.4443278,2020-10-03T02:21:37
1601806964,700938,-26.1875,149,10,3,2020-10-04T13:22:44,1601680911.484341,2020-10-03T02:21:51
1601806982,700498,-25.125,192,10,3,2020-10-04T13:23:02,1601680928.425464,2020-10-03T02:22:08
1601806996,700187,-24.8125,235,10,3,2020-10-04T13:23:16,1601680942.6263719,2020-10-03T02:22:22
1601807014,699786,-23.4375,27,10,3,2020-10-04T13:23:34,1601680960.7661479,2020-10-03T02:22:40
1601807028,699444,-22.3125,72,10,3,2020-10-04T13:23:48,1601680974.84988,2020-10-03T02:22:54
1601807041,699131,-21.9375,117,10,3,2020-10-04T13:24:01,1601680988.300909,2020-10-03T02:23:08
1601807059,698651,-21.0625,164,10,3,2020-10-04T13:24:19,1601681006.0706959,2020-10-03T02:23:26
1601807077,688265,-19.6875,209,10,3,2020-10-04T13:24:37,1601681023.9242718,2020-10-03T02:23:43
1601807091,687896,-19.1875,252,10,3,2020-10-04T13:24:51,1601681037.711089,2020-10-03T02:23:57
1601807108,687434,-18.4375,39,10,3,2020-10-04T13:25:08,1601681054.514221,2020-10-03T02:24:14
1601807122,687055,-17.625,84,10,3,2020-10-04T13:25:22,1601681068.859421,2020-10-03T02:24:28
1601807140,686638,-16.3125,130,10,3,2020-10-04T13:25:40,1601681085.735301,2020-10-03T02:24:45
1601807153,686279,-15.8125,172,10,3,2020-10-04T13:25:53,1601681099.847621,2020-10-03T02:24:59
1601807171,653394,-14.625,219,10,3,2020-10-04T13:26:11,1601681116.813629,2020-10-03T02:25:16
1601807185,685431,-14.25,7,10,3,2020-10-04T13:26:25,1601681131.4418008,2020-10-03T02:25:31
1601807202,470296,-13.5,53,10,3,2020-10-04T13:26:42,1601681149.1177728,2020-10-03T02:25:49
1601807216,683746,-12.375,95,10,3,2020-10-04T13:26:56,1601681163.223496,2020-10-03T02:26:03
1601807234,570119,-11.1875,140,10,3,2020-10-04T13:27:14,1601681179.8346999,2020-10-03T02:26:19
1601807248,550059,-10.6875,180,10,3,2020-10-04T13:27:28,1601681194.1465728,2020-10-03T02:26:34
1601807265,668921,-9.875,228,10,3,2020-10-04T13:27:45,1601681211.9143128,2020-10-03T02:26:51
1601807279,682972,-9.0625,15,10,3,2020-10-04T13:27:59,1601681226.03672,2020-10-03T02:27:06
1601807297,695890,-8.375,62,10,3,2020-10-04T13:28:17,1601681243.942636,2020-10-03T02:27:23
1601807311,666160,-7.625,107,10,3,2020-10-04T13:28:31,1601681257.800036,2020-10-03T02:27:37
1601807324,681676,-6.625,151,10,3,2020-10-04T13:28:44,1601681274.261941,2020-10-03T02:27:54
1601807343,681248,-5.1875,192,10,3,2020-10-04T13:29:03,1601681288.404069,2020-10-03T02:28:08
1601807356,687779,-4.6875,239,10,3,2020-10-04T13:29:16,1601681303.174105,2020-10-03T02:28:23
1601807370,681262,-4.5625,32,10,3,2020-10-04T13:29:30,1601681319.584384,2020-10-03T02:28:39
1601807387,679982,-4.1875,80,10,3,2020-10-04T13:29:47,1601681334.545861,2020-10-03T02:28:54
1601807405,657696,-3.6875,126,10,3,2020-10-04T13:30:05,1601681351.685613,2020-10-03T02:29:11
1601807419,679159,-3.3125,173,10,3,2020-10-04T13:30:19,1601681366.102716,2020-10-03T02:29:26
1601807433,664111,-2.8125,218,10,3,2020-10-04T13:30:33,1601681382.832285,2020-10-03T02:29:42
1601807450,673961,-1.75,10,10,3,2020-10-04T13:30:50,1601681397.5433638,2020-10-03T02:29:57
1601807469,670071,-0.75,58,10,3,2020-10-04T13:31:09,1601681414.6003718,2020-10-03T02:30:14
1601807476,677575,-0.375,103,10,3,2020-10-04T13:31:16,1601681423.369997,2020-10-03T02:30:23
1601807486,677280,0.0625,153,10,3,2020-10-04T13:31:26,1601681433.1829438,2020-10-03T02:30:33
1601807494,677099,0.4375,196,10,3,2020-10-04T13:31:34,1601681441.129472,2020-10-03T02:30:41
1601807501,668168,0.8125,241,10,3,2020-10-04T13:31:41,1601681449.895021,2020-10-03T02:30:49
1601807511,672065,1.1875,31,10,3,2020-10-04T13:31:51,1601681458.200557,2020-10-03T02:30:58
1601807519,623401,1.5625,74,10,3,2020-10-04T13:31:59,1601681466.245329,2020-10-03T02:31:06
1601807529,670302,1.9375,123,10,3,2020-10-04T13:32:09,1601681475.813197,2020-10-03T02:31:15
1601807536,663637,2.25,166,10,3,2020-10-04T13:32:16,1601681483.037541,2020-10-03T02:31:23
1601807546,682086,2.625,214,10,3,2020-10-04T13:32:26,1601681493.512877,2020-10-03T02:31:33
1601807554,652742,2.8125,1,10,3,2020-10-04T13:32:34,1601681501.12042,2020-10-03T02:31:41
1601807564,667747,3.3125,48,10,3,2020-10-04T13:32:44,1601681510.585664,2020-10-03T02:31:50
1601807572,674971,3.5625,90,10,3,2020-10-04T13:32:52,1601681518.707756,2020-10-03T02:31:58
1601807582,674794,4.0625,136,10,3,2020-10-04T13:33:02,1601681528.6821609,2020-10-03T02:32:08
1601807590,674675,4.25,181,10,3,2020-10-04T13:33:10,1601681536.5493488,2020-10-03T02:32:16
1601807599,628982,4.6875,230,10,3,2020-10-04T13:33:19,1601681545.96948,2020-10-03T02:32:25
1601807606,656600,4.8125,13,10,3,2020-10-04T13:33:26,1601681553.262296,2020-10-03T02:32:33
1601807616,514720,5.375,61,10,3,2020-10-04T13:33:36,1601681562.988216,2020-10-03T02:32:42
1601807623,624118,5.5625,105,10,3,2020-10-04T13:33:43,1601681570.48054,2020-10-03T02:32:50
1601807633,673356,5.9375,158,10,3,2020-10-04T13:33:53,1601681580.303129,2020-10-03T02:33:00
1601807641,673126,6.25,201,10,3,2020-10-04T13:34:01,1601681588.078944,2020-10-03T02:33:08
1601807651,672894,6.625,251,10,3,2020-10-04T13:34:11,1601681597.201968,2020-10-03T02:33:17
1601807659,672697,6.8125,40,10,3,2020-10-04T13:34:19,1601681606.383808,2020-10-03T02:33:26
1601807667,672448,7.0,84,10,3,2020-10-04T13:34:27,1601681614.439324,2020-10-03T02:33:34
1601807677,672215,7.5625,131,10,3,2020-10-04T13:34:37,1601681623.97854,2020-10-03T02:33:43
1601807684,672024,7.75,177,10,3,2020-10-04T13:34:44,1601681631.529913,2020-10-03T02:33:51
1601807695,671718,8.0625,223,10,3,2020-10-04T13:34:55,1601681640.38168,2020-10-03T02:34:00
1601807703,671551,8.3125,4,10,3,2020-10-04T13:35:03,1601681649.703332,2020-10-03T02:34:09
1601807710,671308,8.5625,49,10,3,2020-10-04T13:35:10,1601681658.039921,2020-10-03T02:34:18
1601807720,671074,9.0,97,10,3,2020-10-04T13:35:20,1601681666.924393,2020-10-03T02:34:26
1601807728,670858,9.375,141,10,3,2020-10-04T13:35:28,1601681675.11848,2020-10-03T02:34:35
1601807738,670599,9.6875,188,10,3,2020-10-04T13:35:38,1601681685.2367249,2020-10-03T02:34:45
1601807746,670365,10.0,230,10,3,2020-10-04T13:35:46,1601681692.9192488,2020-10-03T02:34:52
1601807756,670124,10.4375,20,10,3,2020-10-04T13:35:56,1601681701.638661,2020-10-03T02:35:01
1601807764,669476,10.75,65,10,3,2020-10-04T13:36:04,1601681710.518301,2020-10-03T02:35:10
1601807771,669663,11.0625,112,10,3,2020-10-04T13:36:11,1601681719.497856,2020-10-03T02:35:19
1601807782,669374,11.5625,157,10,3,2020-10-04T13:36:22,1601681727.7148678,2020-10-03T02:35:27
1601807789,669178,11.9375,203,10,3,2020-10-04T13:36:29,1601681736.251868,2020-10-03T02:35:36
1601807799,668957,12.4375,250,10,3,2020-10-04T13:36:39,1601681745.4682639,2020-10-03T02:35:45
